ISO-10303-21;
HEADER;

/* File generated by Shapr3D Version 5.850.0.8764 */

FILE_DESCRIPTION(('HOOPS Exchange Step'),'2;1');

FILE_NAME('/Users/ando_balu/Library/Containers/com.shapr3d.shapr/Data/tmp/export/temp_export',
'2025-05-01T16:32:48+16:00',
('ando_balu'),
('Shapr3D Limited'),
'HOOPS Exchange 2024.8',
'Shapr3D',
'Authorized');

FILE_SCHEMA( ('AP242_MANAGED_MODEL_BASED_3D_ENGINEERING_MIM_LF {1 0 10303 442 1 1 4}') );

ENDSEC;

DATA;
#3=(NAMED_UNIT(*)PLANE_ANGLE_UNIT()SI_UNIT($,.RADIAN.));
#4=PLANE_ANGLE_MEASURE_WITH_UNIT(PLANE_ANGLE_MEASURE(0.0174532925),#3);
#5=(CONVERSION_BASED_UNIT('DEGREE',#4)NAMED_UNIT(#6)PLANE_ANGLE_UNIT());
#6=DIMENSIONAL_EXPONENTS(0.,0.,0.,0.,0.,0.,0.);
#7=(NAMED_UNIT(*)SI_UNIT($,.STERADIAN.)SOLID_ANGLE_UNIT());
#8=(LENGTH_UNIT()NAMED_UNIT(*)SI_UNIT(.MILLI.,.METRE.));
#9=UNCERTAINTY_MEASURE_WITH_UNIT(LENGTH_MEASURE(1.000000E-05),#8,'DISTANCE_ACCURACY_VALUE','Maximum Tolerance applied to model');
#10=(GEOMETRIC_REPRESENTATION_CONTEXT(3)GLOBAL_UNCERTAINTY_ASSIGNED_CONTEXT((#9))GLOBAL_UNIT_ASSIGNED_CONTEXT((#8,#5,#7))REPRESENTATION_CONTEXT('','root'));
#12=CARTESIAN_POINT('',(0.,0.,0.));
#13=DIRECTION('',(0.,0.,1.));
#14=DIRECTION('',(1.,0.,0.));
#15=AXIS2_PLACEMENT_3D('',#12,#13,#14);
#27=CARTESIAN_POINT('',(85.242568799,248.68288724,4.343884941));
#28=DIRECTION('',(-0.994521895,-0.,0.104528463));
#29=DIRECTION('',(0.104528463,-0.,0.994521895));
#30=AXIS2_PLACEMENT_3D('',#27,#28,#29);
#31=PLANE('',#30);
#32=CARTESIAN_POINT('',(87.061364059,251.27038724,21.64856592));
#33=VERTEX_POINT('',#32);
#34=CARTESIAN_POINT('',(85.242568799,251.27038724,4.343884941));
#35=VERTEX_POINT('',#34);
#36=CARTESIAN_POINT('',(87.061364059,251.27038724,21.64856592));
#37=DIRECTION('',(-0.104528463,0.,-0.994521895));
#38=VECTOR('',#37,17.4);
#39=LINE('',#36,#38);
#40=EDGE_CURVE('',#33,#35,#39,.T.);
#41=ORIENTED_EDGE('',*,*,#40,.T.);
#42=CARTESIAN_POINT('',(85.242568799,246.09538724,4.343884941));
#43=VERTEX_POINT('',#42);
#44=CARTESIAN_POINT('',(85.242568799,251.27038724,4.343884941));
#45=DIRECTION('',(0.,-1.,-0.));
#46=VECTOR('',#45,5.175);
#47=LINE('',#44,#46);
#48=EDGE_CURVE('',#35,#43,#47,.T.);
#49=ORIENTED_EDGE('',*,*,#48,.T.);
#50=CARTESIAN_POINT('',(87.061364059,246.09538724,21.64856592));
#51=VERTEX_POINT('',#50);
#52=CARTESIAN_POINT('',(85.242568799,246.09538724,4.343884941));
#53=DIRECTION('',(0.104528463,-0.,0.994521895));
#54=VECTOR('',#53,17.4);
#55=LINE('',#52,#54);
#56=EDGE_CURVE('',#43,#51,#55,.T.);
#57=ORIENTED_EDGE('',*,*,#56,.T.);
#58=CARTESIAN_POINT('',(87.061364059,246.09538724,21.64856592));
#59=DIRECTION('',(-0.,1.,0.));
#60=VECTOR('',#59,5.175);
#61=LINE('',#58,#60);
#62=EDGE_CURVE('',#51,#33,#61,.T.);
#63=ORIENTED_EDGE('',*,*,#62,.T.);
#64=EDGE_LOOP('',(#41,#49,#57,#63));
#65=FACE_BOUND('',#64,.T.);
#66=ADVANCED_FACE('',(#65),#31,.T.);
#67=CARTESIAN_POINT('',(56.152803359,158.19538724,7.401342491));
#68=DIRECTION('',(0.104528463,-0.,0.994521895));
#69=DIRECTION('',(0.,1.,0.));
#70=AXIS2_PLACEMENT_3D('',#67,#68,#69);
#71=PLANE('',#70);
#72=ORIENTED_EDGE('',*,*,#48,.F.);
#73=CARTESIAN_POINT('',(86.734351642,252.77038724,4.187092246));
#74=VERTEX_POINT('',#73);
#75=CARTESIAN_POINT('',(86.734351642,251.27038724,4.187092246));
#76=DIRECTION('',(0.104528463,-0.,0.994521895));
#77=DIRECTION('',(0.994521895,0.,-0.104528463));
#78=AXIS2_PLACEMENT_3D('',#75,#76,#77);
#79=CIRCLE('',#78,1.5);
#80=EDGE_CURVE('',#74,#35,#79,.T.);
#81=ORIENTED_EDGE('',*,*,#80,.F.);
#82=CARTESIAN_POINT('',(102.696428062,252.77038724,2.50941041));
#83=VERTEX_POINT('',#82);
#84=CARTESIAN_POINT('',(102.696428062,252.77038724,2.50941041));
#85=DIRECTION('',(-0.994521895,0.,0.104528463));
#86=VECTOR('',#85,16.05);
#87=LINE('',#84,#86);
#88=EDGE_CURVE('',#83,#74,#87,.T.);
#89=ORIENTED_EDGE('',*,*,#88,.F.);
#90=CARTESIAN_POINT('',(104.188210905,254.27038724,2.352617715));
#91=VERTEX_POINT('',#90);
#92=CARTESIAN_POINT('',(102.696428062,254.27038724,2.50941041));
#93=DIRECTION('',(-0.104528463,0.,-0.994521895));
#94=DIRECTION('',(0.994521895,0.,-0.104528463));
#95=AXIS2_PLACEMENT_3D('',#92,#93,#94);
#96=CIRCLE('',#95,1.5);
#97=EDGE_CURVE('',#91,#83,#96,.T.);
#98=ORIENTED_EDGE('',*,*,#97,.F.);
#99=CARTESIAN_POINT('',(104.188210905,268.895391776,2.352617715));
#100=VERTEX_POINT('',#99);
#101=CARTESIAN_POINT('',(104.188210905,268.895391776,2.352617715));
#102=DIRECTION('',(0.,-1.,-0.));
#103=VECTOR('',#102,14.625004536);
#104=LINE('',#101,#103);
#105=EDGE_CURVE('',#100,#91,#104,.T.);
#106=ORIENTED_EDGE('',*,*,#105,.F.);
#107=CARTESIAN_POINT('',(103.114127258,270.33538724,2.465508456));
#108=VERTEX_POINT('',#107);
#109=CARTESIAN_POINT('',(102.696428062,268.89538724,2.50941041));
#110=DIRECTION('',(0.104528463,-0.,0.994521895));
#111=DIRECTION('',(0.994521895,0.,-0.104528463));
#112=AXIS2_PLACEMENT_3D('',#109,#110,#111);
#113=CIRCLE('',#112,1.5);
#114=EDGE_CURVE('',#100,#108,#113,.T.);
#115=ORIENTED_EDGE('',*,*,#114,.T.);
#116=CARTESIAN_POINT('',(101.503001788,272.49538724,2.634844566));
#117=VERTEX_POINT('',#116);
#118=CARTESIAN_POINT('',(103.740676052,272.49538724,2.399655524));
#119=DIRECTION('',(-0.104528463,0.,-0.994521895));
#120=DIRECTION('',(-0.994521895,0.,0.104528463));
#121=AXIS2_PLACEMENT_3D('',#118,#119,#120);
#122=CIRCLE('',#121,2.25);
#123=EDGE_CURVE('',#108,#117,#122,.T.);
#124=ORIENTED_EDGE('',*,*,#123,.T.);
#125=CARTESIAN_POINT('',(103.114127258,274.65538724,2.465508456));
#126=VERTEX_POINT('',#125);
#127=CARTESIAN_POINT('',(103.740676052,272.49538724,2.399655524));
#128=DIRECTION('',(-0.104528463,0.,-0.994521895));
#129=DIRECTION('',(-0.994521895,0.,0.104528463));
#130=AXIS2_PLACEMENT_3D('',#127,#128,#129);
#131=CIRCLE('',#130,2.25);
#132=EDGE_CURVE('',#117,#126,#131,.T.);
#133=ORIENTED_EDGE('',*,*,#132,.T.);
#134=CARTESIAN_POINT('',(104.188210905,276.095382704,2.352617715));
#135=VERTEX_POINT('',#134);
#136=CARTESIAN_POINT('',(102.696428062,276.09538724,2.50941041));
#137=DIRECTION('',(0.104528463,-0.,0.994521895));
#138=DIRECTION('',(0.994521895,0.,-0.104528463));
#139=AXIS2_PLACEMENT_3D('',#136,#137,#138);
#140=CIRCLE('',#139,1.5);
#141=EDGE_CURVE('',#126,#135,#140,.T.);
#142=ORIENTED_EDGE('',*,*,#141,.T.);
#143=CARTESIAN_POINT('',(104.188210905,309.77038724,2.352617715));
#144=VERTEX_POINT('',#143);
#145=CARTESIAN_POINT('',(104.188210905,309.77038724,2.352617715));
#146=DIRECTION('',(0.,-1.,-0.));
#147=VECTOR('',#146,33.675004536);
#148=LINE('',#145,#147);
#149=EDGE_CURVE('',#144,#135,#148,.T.);
#150=ORIENTED_EDGE('',*,*,#149,.F.);
#151=CARTESIAN_POINT('',(102.696428062,311.27038724,2.50941041));
#152=VERTEX_POINT('',#151);
#153=CARTESIAN_POINT('',(102.696428062,309.77038724,2.50941041));
#154=DIRECTION('',(0.104528463,-0.,0.994521895));
#155=DIRECTION('',(0.994521895,-0.,-0.104528463));
#156=AXIS2_PLACEMENT_3D('',#153,#154,#155);
#157=CIRCLE('',#156,1.5);
#158=EDGE_CURVE('',#144,#152,#157,.T.);
#159=ORIENTED_EDGE('',*,*,#158,.T.);
#160=CARTESIAN_POINT('',(9.609178656,311.27038724,12.293274572));
#161=VERTEX_POINT('',#160);
#162=CARTESIAN_POINT('',(102.696428062,311.27038724,2.50941041));
#163=DIRECTION('',(-0.994521895,0.,0.104528463));
#164=VECTOR('',#163,93.6);
#165=LINE('',#162,#164);
#166=EDGE_CURVE('',#152,#161,#165,.T.);
#167=ORIENTED_EDGE('',*,*,#166,.T.);
#168=CARTESIAN_POINT('',(8.117395813,309.77038724,12.450067267));
#169=VERTEX_POINT('',#168);
#170=CARTESIAN_POINT('',(9.609178656,309.77038724,12.293274572));
#171=DIRECTION('',(0.104528463,-0.,0.994521895));
#172=DIRECTION('',(-0.994521895,0.,0.104528463));
#173=AXIS2_PLACEMENT_3D('',#170,#171,#172);
#174=CIRCLE('',#173,1.5);
#175=EDGE_CURVE('',#161,#169,#174,.T.);
#176=ORIENTED_EDGE('',*,*,#175,.T.);
#177=CARTESIAN_POINT('',(8.117395813,295.145382703,12.450067267));
#178=VERTEX_POINT('',#177);
#179=CARTESIAN_POINT('',(8.117395813,309.77038724,12.450067267));
#180=DIRECTION('',(0.,-1.,-0.));
#181=VECTOR('',#180,14.625004537);
#182=LINE('',#179,#181);
#183=EDGE_CURVE('',#169,#178,#182,.T.);
#184=ORIENTED_EDGE('',*,*,#183,.T.);
#185=CARTESIAN_POINT('',(9.19147946,293.70538724,12.337176527));
#186=VERTEX_POINT('',#185);
#187=CARTESIAN_POINT('',(9.609178656,295.14538724,12.293274572));
#188=DIRECTION('',(0.104528463,-0.,0.994521895));
#189=DIRECTION('',(0.994521895,0.,-0.104528463));
#190=AXIS2_PLACEMENT_3D('',#187,#188,#189);
#191=CIRCLE('',#190,1.5);
#192=EDGE_CURVE('',#178,#186,#191,.T.);
#193=ORIENTED_EDGE('',*,*,#192,.T.);
#194=CARTESIAN_POINT('',(10.80260493,291.54538724,12.167840416));
#195=VERTEX_POINT('',#194);
#196=CARTESIAN_POINT('',(8.564930666,291.54538724,12.403029459));
#197=DIRECTION('',(-0.104528463,0.,-0.994521895));
#198=DIRECTION('',(0.994521895,-0.,-0.104528463));
#199=AXIS2_PLACEMENT_3D('',#196,#197,#198);
#200=CIRCLE('',#199,2.25);
#201=EDGE_CURVE('',#186,#195,#200,.T.);
#202=ORIENTED_EDGE('',*,*,#201,.T.);
#203=CARTESIAN_POINT('',(9.19147946,289.38538724,12.337176527));
#204=VERTEX_POINT('',#203);
#205=CARTESIAN_POINT('',(8.564930666,291.54538724,12.403029459));
#206=DIRECTION('',(-0.104528463,0.,-0.994521895));
#207=DIRECTION('',(0.994521895,-0.,-0.104528463));
#208=AXIS2_PLACEMENT_3D('',#205,#206,#207);
#209=CIRCLE('',#208,2.25);
#210=EDGE_CURVE('',#195,#204,#209,.T.);
#211=ORIENTED_EDGE('',*,*,#210,.T.);
#212=CARTESIAN_POINT('',(8.117395813,287.945391777,12.450067267));
#213=VERTEX_POINT('',#212);
#214=CARTESIAN_POINT('',(9.609178656,287.94538724,12.293274572));
#215=DIRECTION('',(0.104528463,-0.,0.994521895));
#216=DIRECTION('',(0.994521895,0.,-0.104528463));
#217=AXIS2_PLACEMENT_3D('',#214,#215,#216);
#218=CIRCLE('',#217,1.5);
#219=EDGE_CURVE('',#204,#213,#218,.T.);
#220=ORIENTED_EDGE('',*,*,#219,.T.);
#221=CARTESIAN_POINT('',(8.117395813,165.19538724,12.450067267));
#222=VERTEX_POINT('',#221);
#223=CARTESIAN_POINT('',(8.117395813,287.945391777,12.450067267));
#224=DIRECTION('',(0.,-1.,-0.));
#225=VECTOR('',#224,122.750004537);
#226=LINE('',#223,#225);
#227=EDGE_CURVE('',#213,#222,#226,.T.);
#228=ORIENTED_EDGE('',*,*,#227,.T.);
#229=CARTESIAN_POINT('',(10.553974456,167.64538724,12.193972532));
#230=VERTEX_POINT('',#229);
#231=CARTESIAN_POINT('',(10.553974456,165.19538724,12.193972532));
#232=DIRECTION('',(-0.104528463,0.,-0.994521895));
#233=DIRECTION('',(0.994521895,0.,-0.104528463));
#234=AXIS2_PLACEMENT_3D('',#231,#232,#233);
#235=CIRCLE('',#234,2.45);
#236=EDGE_CURVE('',#222,#230,#235,.T.);
#237=ORIENTED_EDGE('',*,*,#236,.T.);
#238=CARTESIAN_POINT('',(32.930717102,167.64538724,9.842082109));
#239=VERTEX_POINT('',#238);
#240=CARTESIAN_POINT('',(10.553974456,167.64538724,12.193972532));
#241=DIRECTION('',(0.994521895,0.,-0.104528463));
#242=VECTOR('',#241,22.5);
#243=LINE('',#240,#242);
#244=EDGE_CURVE('',#230,#239,#243,.T.);
#245=ORIENTED_EDGE('',*,*,#244,.T.);
#246=CARTESIAN_POINT('',(35.367295746,165.19538724,9.585987374));
#247=VERTEX_POINT('',#246);
#248=CARTESIAN_POINT('',(32.930717102,165.19538724,9.842082109));
#249=DIRECTION('',(-0.104528463,0.,-0.994521895));
#250=DIRECTION('',(0.994521895,0.,-0.104528463));
#251=AXIS2_PLACEMENT_3D('',#248,#249,#250);
#252=CIRCLE('',#251,2.45);
#253=EDGE_CURVE('',#239,#247,#252,.T.);
#254=ORIENTED_EDGE('',*,*,#253,.T.);
#255=CARTESIAN_POINT('',(35.367295746,45.57038724,9.585987374));
#256=VERTEX_POINT('',#255);
#257=CARTESIAN_POINT('',(35.367295746,165.19538724,9.585987374));
#258=DIRECTION('',(-0.,-1.,0.));
#259=VECTOR('',#258,119.625);
#260=LINE('',#257,#259);
#261=EDGE_CURVE('',#247,#256,#260,.T.);
#262=ORIENTED_EDGE('',*,*,#261,.T.);
#263=CARTESIAN_POINT('',(32.930717102,43.12038724,9.842082109));
#264=VERTEX_POINT('',#263);
#265=CARTESIAN_POINT('',(32.930717102,45.57038724,9.842082109));
#266=DIRECTION('',(-0.104528463,0.,-0.994521895));
#267=DIRECTION('',(0.994521895,0.,-0.104528463));
#268=AXIS2_PLACEMENT_3D('',#265,#266,#267);
#269=CIRCLE('',#268,2.45);
#270=EDGE_CURVE('',#256,#264,#269,.T.);
#271=ORIENTED_EDGE('',*,*,#270,.T.);
#272=CARTESIAN_POINT('',(22.488237201,43.12038724,10.939630973));
#273=VERTEX_POINT('',#272);
#274=CARTESIAN_POINT('',(32.930717102,43.12038724,9.842082109));
#275=DIRECTION('',(-0.994521895,0.,0.104528463));
#276=VECTOR('',#275,10.5);
#277=LINE('',#274,#276);
#278=EDGE_CURVE('',#264,#273,#277,.T.);
#279=ORIENTED_EDGE('',*,*,#278,.T.);
#280=CARTESIAN_POINT('',(20.051658557,45.57038724,11.195725708));
#281=VERTEX_POINT('',#280);
#282=CARTESIAN_POINT('',(22.488237201,45.57038724,10.939630973));
#283=DIRECTION('',(-0.104528463,0.,-0.994521895));
#284=DIRECTION('',(0.994521895,0.,-0.104528463));
#285=AXIS2_PLACEMENT_3D('',#282,#283,#284);
#286=CIRCLE('',#285,2.45);
#287=EDGE_CURVE('',#273,#281,#286,.T.);
#288=ORIENTED_EDGE('',*,*,#287,.T.);
#289=CARTESIAN_POINT('',(20.051658557,146.69538724,11.195725708));
#290=VERTEX_POINT('',#289);
#291=CARTESIAN_POINT('',(20.051658557,45.57038724,11.195725708));
#292=DIRECTION('',(-0.,1.,0.));
#293=VECTOR('',#292,101.125);
#294=LINE('',#291,#293);
#295=EDGE_CURVE('',#281,#290,#294,.T.);
#296=ORIENTED_EDGE('',*,*,#295,.T.);
#297=CARTESIAN_POINT('',(18.012888672,148.74538724,11.410009058));
#298=VERTEX_POINT('',#297);
#299=CARTESIAN_POINT('',(18.012888672,146.69538724,11.410009058));
#300=DIRECTION('',(0.104528463,-0.,0.994521895));
#301=DIRECTION('',(0.994521895,0.,-0.104528463));
#302=AXIS2_PLACEMENT_3D('',#299,#300,#301);
#303=CIRCLE('',#302,2.05);
#304=EDGE_CURVE('',#290,#298,#303,.T.);
#305=ORIENTED_EDGE('',*,*,#304,.T.);
#306=CARTESIAN_POINT('',(10.553974456,148.74538724,12.193972532));
#307=VERTEX_POINT('',#306);
#308=CARTESIAN_POINT('',(10.553974456,148.74538724,12.193972532));
#309=DIRECTION('',(0.994521895,0.,-0.104528463));
#310=VECTOR('',#309,7.5);
#311=LINE('',#308,#310);
#312=EDGE_CURVE('',#307,#298,#311,.T.);
#313=ORIENTED_EDGE('',*,*,#312,.F.);
#314=CARTESIAN_POINT('',(8.117395813,151.19538724,12.450067267));
#315=VERTEX_POINT('',#314);
#316=CARTESIAN_POINT('',(10.553974456,151.19538724,12.193972532));
#317=DIRECTION('',(-0.104528463,0.,-0.994521895));
#318=DIRECTION('',(0.994521895,0.,-0.104528463));
#319=AXIS2_PLACEMENT_3D('',#316,#317,#318);
#320=CIRCLE('',#319,2.45);
#321=EDGE_CURVE('',#307,#315,#320,.T.);
#322=ORIENTED_EDGE('',*,*,#321,.T.);
#323=CARTESIAN_POINT('',(8.117395813,142.745382704,12.450067267));
#324=VERTEX_POINT('',#323);
#325=CARTESIAN_POINT('',(8.117395813,151.19538724,12.450067267));
#326=DIRECTION('',(0.,-1.,-0.));
#327=VECTOR('',#326,8.450004536);
#328=LINE('',#325,#327);
#329=EDGE_CURVE('',#315,#324,#328,.T.);
#330=ORIENTED_EDGE('',*,*,#329,.T.);
#331=CARTESIAN_POINT('',(9.19147946,141.30538724,12.337176527));
#332=VERTEX_POINT('',#331);
#333=CARTESIAN_POINT('',(9.609178656,142.74538724,12.293274572));
#334=DIRECTION('',(0.104528463,-0.,0.994521895));
#335=DIRECTION('',(0.994521895,0.,-0.104528463));
#336=AXIS2_PLACEMENT_3D('',#333,#334,#335);
#337=CIRCLE('',#336,1.5);
#338=EDGE_CURVE('',#324,#332,#337,.T.);
#339=ORIENTED_EDGE('',*,*,#338,.T.);
#340=CARTESIAN_POINT('',(10.80260493,139.14538724,12.167840416));
#341=VERTEX_POINT('',#340);
#342=CARTESIAN_POINT('',(8.564930666,139.14538724,12.403029459));
#343=DIRECTION('',(-0.104528463,0.,-0.994521895));
#344=DIRECTION('',(0.994521895,-0.,-0.104528463));
#345=AXIS2_PLACEMENT_3D('',#342,#343,#344);
#346=CIRCLE('',#345,2.25);
#347=EDGE_CURVE('',#332,#341,#346,.T.);
#348=ORIENTED_EDGE('',*,*,#347,.T.);
#349=CARTESIAN_POINT('',(9.19147946,136.98538724,12.337176527));
#350=VERTEX_POINT('',#349);
#351=CARTESIAN_POINT('',(8.564930666,139.14538724,12.403029459));
#352=DIRECTION('',(-0.104528463,0.,-0.994521895));
#353=DIRECTION('',(0.994521895,-0.,-0.104528463));
#354=AXIS2_PLACEMENT_3D('',#351,#352,#353);
#355=CIRCLE('',#354,2.25);
#356=EDGE_CURVE('',#341,#350,#355,.T.);
#357=ORIENTED_EDGE('',*,*,#356,.T.);
#358=CARTESIAN_POINT('',(8.117395813,135.545391777,12.450067267));
#359=VERTEX_POINT('',#358);
#360=CARTESIAN_POINT('',(9.609178656,135.54538724,12.293274572));
#361=DIRECTION('',(0.104528463,-0.,0.994521895));
#362=DIRECTION('',(0.994521895,0.,-0.104528463));
#363=AXIS2_PLACEMENT_3D('',#360,#361,#362);
#364=CIRCLE('',#363,1.5);
#365=EDGE_CURVE('',#350,#359,#364,.T.);
#366=ORIENTED_EDGE('',*,*,#365,.T.);
#367=CARTESIAN_POINT('',(8.117395813,28.445382704,12.450067267));
#368=VERTEX_POINT('',#367);
#369=CARTESIAN_POINT('',(8.117395813,135.545391777,12.450067267));
#370=DIRECTION('',(0.,-1.,-0.));
#371=VECTOR('',#370,107.100009073);
#372=LINE('',#369,#371);
#373=EDGE_CURVE('',#359,#368,#372,.T.);
#374=ORIENTED_EDGE('',*,*,#373,.T.);
#375=CARTESIAN_POINT('',(9.19147946,27.00538724,12.337176527));
#376=VERTEX_POINT('',#375);
#377=CARTESIAN_POINT('',(9.609178656,28.44538724,12.293274572));
#378=DIRECTION('',(0.104528463,-0.,0.994521895));
#379=DIRECTION('',(0.994521895,0.,-0.104528463));
#380=AXIS2_PLACEMENT_3D('',#377,#378,#379);
#381=CIRCLE('',#380,1.5);
#382=EDGE_CURVE('',#368,#376,#381,.T.);
#383=ORIENTED_EDGE('',*,*,#382,.T.);
#384=CARTESIAN_POINT('',(10.80260493,24.84538724,12.167840416));
#385=VERTEX_POINT('',#384);
#386=CARTESIAN_POINT('',(8.564930666,24.84538724,12.403029459));
#387=DIRECTION('',(-0.104528463,0.,-0.994521895));
#388=DIRECTION('',(0.994521895,-0.,-0.104528463));
#389=AXIS2_PLACEMENT_3D('',#386,#387,#388);
#390=CIRCLE('',#389,2.25);
#391=EDGE_CURVE('',#376,#385,#390,.T.);
#392=ORIENTED_EDGE('',*,*,#391,.T.);
#393=CARTESIAN_POINT('',(9.19147946,22.68538724,12.337176527));
#394=VERTEX_POINT('',#393);
#395=CARTESIAN_POINT('',(8.564930666,24.84538724,12.403029459));
#396=DIRECTION('',(-0.104528463,0.,-0.994521895));
#397=DIRECTION('',(0.994521895,-0.,-0.104528463));
#398=AXIS2_PLACEMENT_3D('',#395,#396,#397);
#399=CIRCLE('',#398,2.25);
#400=EDGE_CURVE('',#385,#394,#399,.T.);
#401=ORIENTED_EDGE('',*,*,#400,.T.);
#402=CARTESIAN_POINT('',(8.117395813,21.245391777,12.450067267));
#403=VERTEX_POINT('',#402);
#404=CARTESIAN_POINT('',(9.609178656,21.24538724,12.293274572));
#405=DIRECTION('',(0.104528463,-0.,0.994521895));
#406=DIRECTION('',(0.994521895,0.,-0.104528463));
#407=AXIS2_PLACEMENT_3D('',#404,#405,#406);
#408=CIRCLE('',#407,1.5);
#409=EDGE_CURVE('',#394,#403,#408,.T.);
#410=ORIENTED_EDGE('',*,*,#409,.T.);
#411=CARTESIAN_POINT('',(8.117395813,6.62038724,12.450067267));
#412=VERTEX_POINT('',#411);
#413=CARTESIAN_POINT('',(8.117395813,21.245391777,12.450067267));
#414=DIRECTION('',(0.,-1.,-0.));
#415=VECTOR('',#414,14.625004536);
#416=LINE('',#413,#415);
#417=EDGE_CURVE('',#403,#412,#416,.T.);
#418=ORIENTED_EDGE('',*,*,#417,.T.);
#419=CARTESIAN_POINT('',(9.609178656,5.12038724,12.293274572));
#420=VERTEX_POINT('',#419);
#421=CARTESIAN_POINT('',(9.609178656,6.62038724,12.293274572));
#422=DIRECTION('',(0.104528463,-0.,0.994521895));
#423=DIRECTION('',(0.994521895,-0.,-0.104528463));
#424=AXIS2_PLACEMENT_3D('',#421,#422,#423);
#425=CIRCLE('',#424,1.5);
#426=EDGE_CURVE('',#412,#420,#425,.T.);
#427=ORIENTED_EDGE('',*,*,#426,.T.);
#428=CARTESIAN_POINT('',(102.696428062,5.12038724,2.50941041));
#429=VERTEX_POINT('',#428);
#430=CARTESIAN_POINT('',(102.696428062,5.12038724,2.50941041));
#431=DIRECTION('',(-0.994521895,0.,0.104528463));
#432=VECTOR('',#431,93.6);
#433=LINE('',#430,#432);
#434=EDGE_CURVE('',#429,#420,#433,.T.);
#435=ORIENTED_EDGE('',*,*,#434,.F.);
#436=CARTESIAN_POINT('',(104.188210905,6.62038724,2.352617715));
#437=VERTEX_POINT('',#436);
#438=CARTESIAN_POINT('',(102.696428062,6.62038724,2.50941041));
#439=DIRECTION('',(0.104528463,-0.,0.994521895));
#440=DIRECTION('',(-0.994521895,0.,0.104528463));
#441=AXIS2_PLACEMENT_3D('',#438,#439,#440);
#442=CIRCLE('',#441,1.5);
#443=EDGE_CURVE('',#429,#437,#442,.T.);
#444=ORIENTED_EDGE('',*,*,#443,.T.);
#445=CARTESIAN_POINT('',(104.188210905,54.582891774,2.352617715));
#446=VERTEX_POINT('',#445);
#447=CARTESIAN_POINT('',(104.188210905,54.582891774,2.352617715));
#448=DIRECTION('',(0.,-1.,-0.));
#449=VECTOR('',#448,47.962504533);
#450=LINE('',#447,#449);
#451=EDGE_CURVE('',#446,#437,#450,.T.);
#452=ORIENTED_EDGE('',*,*,#451,.F.);
#453=CARTESIAN_POINT('',(103.114127258,56.02288724,2.465508456));
#454=VERTEX_POINT('',#453);
#455=CARTESIAN_POINT('',(102.696428062,54.58288724,2.50941041));
#456=DIRECTION('',(0.104528463,-0.,0.994521895));
#457=DIRECTION('',(0.994521895,0.,-0.104528463));
#458=AXIS2_PLACEMENT_3D('',#455,#456,#457);
#459=CIRCLE('',#458,1.5);
#460=EDGE_CURVE('',#446,#454,#459,.T.);
#461=ORIENTED_EDGE('',*,*,#460,.T.);
#462=CARTESIAN_POINT('',(101.503001788,58.18288724,2.634844566));
#463=VERTEX_POINT('',#462);
#464=CARTESIAN_POINT('',(103.740676052,58.18288724,2.399655524));
#465=DIRECTION('',(-0.104528463,0.,-0.994521895));
#466=DIRECTION('',(-0.994521895,0.,0.104528463));
#467=AXIS2_PLACEMENT_3D('',#464,#465,#466);
#468=CIRCLE('',#467,2.25);
#469=EDGE_CURVE('',#454,#463,#468,.T.);
#470=ORIENTED_EDGE('',*,*,#469,.T.);
#471=CARTESIAN_POINT('',(103.114127258,60.34288724,2.465508456));
#472=VERTEX_POINT('',#471);
#473=CARTESIAN_POINT('',(103.740676052,58.18288724,2.399655524));
#474=DIRECTION('',(-0.104528463,0.,-0.994521895));
#475=DIRECTION('',(-0.994521895,0.,0.104528463));
#476=AXIS2_PLACEMENT_3D('',#473,#474,#475);
#477=CIRCLE('',#476,2.25);
#478=EDGE_CURVE('',#463,#472,#477,.T.);
#479=ORIENTED_EDGE('',*,*,#478,.T.);
#480=CARTESIAN_POINT('',(104.188210905,61.782882707,2.352617715));
#481=VERTEX_POINT('',#480);
#482=CARTESIAN_POINT('',(102.696428062,61.78288724,2.50941041));
#483=DIRECTION('',(0.104528463,-0.,0.994521895));
#484=DIRECTION('',(0.994521895,0.,-0.104528463));
#485=AXIS2_PLACEMENT_3D('',#482,#483,#484);
#486=CIRCLE('',#485,1.5);
#487=EDGE_CURVE('',#472,#481,#486,.T.);
#488=ORIENTED_EDGE('',*,*,#487,.T.);
#489=CARTESIAN_POINT('',(104.188210905,216.507891776,2.352617715));
#490=VERTEX_POINT('',#489);
#491=CARTESIAN_POINT('',(104.188210905,216.507891776,2.352617715));
#492=DIRECTION('',(0.,-1.,-0.));
#493=VECTOR('',#492,154.725009069);
#494=LINE('',#491,#493);
#495=EDGE_CURVE('',#490,#481,#494,.T.);
#496=ORIENTED_EDGE('',*,*,#495,.F.);
#497=CARTESIAN_POINT('',(103.114127258,217.94788724,2.465508456));
#498=VERTEX_POINT('',#497);
#499=CARTESIAN_POINT('',(102.696428062,216.50788724,2.50941041));
#500=DIRECTION('',(0.104528463,-0.,0.994521895));
#501=DIRECTION('',(0.994521895,0.,-0.104528463));
#502=AXIS2_PLACEMENT_3D('',#499,#500,#501);
#503=CIRCLE('',#502,1.5);
#504=EDGE_CURVE('',#490,#498,#503,.T.);
#505=ORIENTED_EDGE('',*,*,#504,.T.);
#506=CARTESIAN_POINT('',(101.503001788,220.10788724,2.634844566));
#507=VERTEX_POINT('',#506);
#508=CARTESIAN_POINT('',(103.740676052,220.10788724,2.399655524));
#509=DIRECTION('',(-0.104528463,0.,-0.994521895));
#510=DIRECTION('',(-0.994521895,0.,0.104528463));
#511=AXIS2_PLACEMENT_3D('',#508,#509,#510);
#512=CIRCLE('',#511,2.25);
#513=EDGE_CURVE('',#498,#507,#512,.T.);
#514=ORIENTED_EDGE('',*,*,#513,.T.);
#515=CARTESIAN_POINT('',(103.114127258,222.26788724,2.465508456));
#516=VERTEX_POINT('',#515);
#517=CARTESIAN_POINT('',(103.740676052,220.10788724,2.399655524));
#518=DIRECTION('',(-0.104528463,0.,-0.994521895));
#519=DIRECTION('',(-0.994521895,0.,0.104528463));
#520=AXIS2_PLACEMENT_3D('',#517,#518,#519);
#521=CIRCLE('',#520,2.25);
#522=EDGE_CURVE('',#507,#516,#521,.T.);
#523=ORIENTED_EDGE('',*,*,#522,.T.);
#524=CARTESIAN_POINT('',(104.188210905,223.707882704,2.352617715));
#525=VERTEX_POINT('',#524);
#526=CARTESIAN_POINT('',(102.696428062,223.70788724,2.50941041));
#527=DIRECTION('',(0.104528463,-0.,0.994521895));
#528=DIRECTION('',(0.994521895,0.,-0.104528463));
#529=AXIS2_PLACEMENT_3D('',#526,#527,#528);
#530=CIRCLE('',#529,1.5);
#531=EDGE_CURVE('',#516,#525,#530,.T.);
#532=ORIENTED_EDGE('',*,*,#531,.T.);
#533=CARTESIAN_POINT('',(104.188210905,243.09538724,2.352617715));
#534=VERTEX_POINT('',#533);
#535=CARTESIAN_POINT('',(104.188210905,243.09538724,2.352617715));
#536=DIRECTION('',(0.,-1.,-0.));
#537=VECTOR('',#536,19.387504536);
#538=LINE('',#535,#537);
#539=EDGE_CURVE('',#534,#525,#538,.T.);
#540=ORIENTED_EDGE('',*,*,#539,.F.);
#541=CARTESIAN_POINT('',(102.696428062,244.59538724,2.50941041));
#542=VERTEX_POINT('',#541);
#543=CARTESIAN_POINT('',(102.696428062,243.09538724,2.50941041));
#544=DIRECTION('',(0.104528463,-0.,0.994521895));
#545=DIRECTION('',(0.994521895,0.,-0.104528463));
#546=AXIS2_PLACEMENT_3D('',#543,#544,#545);
#547=CIRCLE('',#546,1.5);
#548=EDGE_CURVE('',#534,#542,#547,.T.);
#549=ORIENTED_EDGE('',*,*,#548,.T.);
#550=CARTESIAN_POINT('',(86.734351642,244.59538724,4.187092246));
#551=VERTEX_POINT('',#550);
#552=CARTESIAN_POINT('',(102.696428062,244.59538724,2.50941041));
#553=DIRECTION('',(-0.994521895,0.,0.104528463));
#554=VECTOR('',#553,16.05);
#555=LINE('',#552,#554);
#556=EDGE_CURVE('',#542,#551,#555,.T.);
#557=ORIENTED_EDGE('',*,*,#556,.T.);
#558=CARTESIAN_POINT('',(86.734351642,246.09538724,4.187092246));
#559=DIRECTION('',(0.104528463,-0.,0.994521895));
#560=DIRECTION('',(0.994521895,0.,-0.104528463));
#561=AXIS2_PLACEMENT_3D('',#558,#559,#560);
#562=CIRCLE('',#561,1.5);
#563=EDGE_CURVE('',#43,#551,#562,.T.);
#564=ORIENTED_EDGE('',*,*,#563,.F.);
#565=EDGE_LOOP('',(#72,#81,#89,#98,#106,#115,#124,#133,#142,#150,#159,#167,#176,#184,#193,#202,#211,#220,#228,#237,#245,#254,#262,#271,#279,#288,
#296,#305,#313,#322,#330,#339,#348,#357,#366,#374,#383,#392,#401,#410,#418,#427,#435,#444,#452,#461,#470,#479,#488,#496,#505,
#514,#523,#532,#540,#549,#557,#564));
#566=FACE_BOUND('',#565,.T.);
#567=ADVANCED_FACE('',(#566),#71,.T.);
#568=CARTESIAN_POINT('',(86.734351642,251.27038724,4.187092246));
#569=DIRECTION('',(0.104528463,-0.,0.994521895));
#570=DIRECTION('',(0.994521895,-0.,-0.104528463));
#571=AXIS2_PLACEMENT_3D('',#568,#569,#570);
#572=CYLINDRICAL_SURFACE('',#571,1.5);
#573=CARTESIAN_POINT('',(88.553146902,252.77038724,21.491773225));
#574=VERTEX_POINT('',#573);
#575=CARTESIAN_POINT('',(86.734351642,252.77038724,4.187092246));
#576=DIRECTION('',(0.104528463,-0.,0.994521895));
#577=VECTOR('',#576,17.4);
#578=LINE('',#575,#577);
#579=EDGE_CURVE('',#74,#574,#578,.T.);
#580=ORIENTED_EDGE('',*,*,#579,.F.);
#581=ORIENTED_EDGE('',*,*,#80,.T.);
#582=ORIENTED_EDGE('',*,*,#40,.F.);
#583=CARTESIAN_POINT('',(87.076083778,251.47038724,21.660485714));
#584=VERTEX_POINT('',#583);
#585=CARTESIAN_POINT('',(88.709939597,251.27038724,22.983556068));
#586=DIRECTION('',(-0.629320391,-0.,0.777145961));
#587=DIRECTION('',(0.777145961,0.,0.629320391));
#588=AXIS2_PLACEMENT_3D('',#585,#586,#587);
#589=ELLIPSE('',#588,2.121320344,1.5);
#590=EDGE_CURVE('',#584,#33,#589,.T.);
#591=ORIENTED_EDGE('',*,*,#590,.F.);
#592=CARTESIAN_POINT('',(88.355642486,252.756994115,21.525998674));
#593=VERTEX_POINT('',#592);
#594=CARTESIAN_POINT('',(87.076083778,251.47038724,21.660485714));
#595=CARTESIAN_POINT('',(87.123827948,251.79328802,21.699148033));
#596=CARTESIAN_POINT('',(87.274541565,252.097224504,21.709438345));
#597=CARTESIAN_POINT('',(87.506660167,252.330749304,21.685062433));
#598=CARTESIAN_POINT('',(87.738778769,252.564274104,21.66068652));
#599=CARTESIAN_POINT('',(88.0379788,252.713405617,21.603215062));
#600=CARTESIAN_POINT('',(88.355642486,252.756994115,21.525998674));
#601=B_SPLINE_CURVE_WITH_KNOTS('',3,(#594,#595,#596,#597,#598,#599,#600),.UNSPECIFIED.,.F.,.F.,(4,3,4),(0.001543626,0.002522629,0.003501633),.UNSPECIFIED.);
#602=EDGE_CURVE('',#584,#593,#601,.T.);
#603=ORIENTED_EDGE('',*,*,#602,.T.);
#604=CARTESIAN_POINT('',(88.709939597,251.27038724,22.983556068));
#605=DIRECTION('',(-0.073912785,-0.707106781,-0.703233176));
#606=DIRECTION('',(0.073912785,-0.707106781,0.703233176));
#607=AXIS2_PLACEMENT_3D('',#604,#605,#606);
#608=ELLIPSE('',#607,2.121320344,1.5);
#609=EDGE_CURVE('',#593,#574,#608,.T.);
#610=ORIENTED_EDGE('',*,*,#609,.T.);
#611=EDGE_LOOP('',(#580,#581,#582,#591,#603,#610));
#612=FACE_BOUND('',#611,.T.);
#613=ADVANCED_FACE('',(#612),#572,.T.);
#614=CARTESIAN_POINT('',(86.734351642,246.09538724,4.187092246));
#615=DIRECTION('',(-0.104528463,0.,-0.994521895));
#616=DIRECTION('',(-0.994521895,0.,0.104528463));
#617=AXIS2_PLACEMENT_3D('',#614,#615,#616);
#618=CYLINDRICAL_SURFACE('',#617,1.5);
#619=ORIENTED_EDGE('',*,*,#56,.F.);
#620=ORIENTED_EDGE('',*,*,#563,.T.);
#621=CARTESIAN_POINT('',(88.553146902,244.59538724,21.491773225));
#622=VERTEX_POINT('',#621);
#623=CARTESIAN_POINT('',(88.553146902,244.59538724,21.491773225));
#624=DIRECTION('',(-0.104528463,0.,-0.994521895));
#625=VECTOR('',#624,17.4);
#626=LINE('',#623,#625);
#627=EDGE_CURVE('',#622,#551,#626,.T.);
#628=ORIENTED_EDGE('',*,*,#627,.F.);
#629=CARTESIAN_POINT('',(88.355642486,244.608780365,21.525998674));
#630=VERTEX_POINT('',#629);
#631=CARTESIAN_POINT('',(88.709939597,246.09538724,22.983556068));
#632=DIRECTION('',(0.073912785,-0.707106781,0.703233176));
#633=DIRECTION('',(-0.073912785,-0.707106781,-0.703233176));
#634=AXIS2_PLACEMENT_3D('',#631,#632,#633);
#635=ELLIPSE('',#634,2.121320344,1.5);
#636=EDGE_CURVE('',#630,#622,#635,.T.);
#637=ORIENTED_EDGE('',*,*,#636,.F.);
#638=CARTESIAN_POINT('',(87.076083778,245.89538724,21.660485714));
#639=VERTEX_POINT('',#638);
#640=CARTESIAN_POINT('',(88.355642486,244.608780365,21.525998674));
#641=CARTESIAN_POINT('',(88.039051426,244.652221674,21.602954169));
#642=CARTESIAN_POINT('',(87.739496404,244.801034035,21.660569622));
#643=CARTESIAN_POINT('',(87.507253033,245.034429044,21.68500012));
#644=CARTESIAN_POINT('',(87.275009662,245.267824053,21.709430618));
#645=CARTESIAN_POINT('',(87.123989732,245.571392439,21.699279184));
#646=CARTESIAN_POINT('',(87.076083778,245.89538724,21.660485714));
#647=B_SPLINE_CURVE_WITH_KNOTS('',3,(#640,#641,#642,#643,#644,#645,#646),.UNSPECIFIED.,.F.,.F.,(4,3,4),(0.001543626,0.002522629,0.003501633),.UNSPECIFIED.);
#648=EDGE_CURVE('',#630,#639,#647,.T.);
#649=ORIENTED_EDGE('',*,*,#648,.T.);
#650=CARTESIAN_POINT('',(88.709939597,246.09538724,22.983556068));
#651=DIRECTION('',(0.629320391,0.,-0.777145961));
#652=DIRECTION('',(-0.777145961,-0.,-0.629320391));
#653=AXIS2_PLACEMENT_3D('',#650,#651,#652);
#654=ELLIPSE('',#653,2.121320344,1.5);
#655=EDGE_CURVE('',#639,#51,#654,.T.);
#656=ORIENTED_EDGE('',*,*,#655,.T.);
#657=EDGE_LOOP('',(#619,#620,#628,#637,#649,#656));
#658=FACE_BOUND('',#657,.T.);
#659=ADVANCED_FACE('',(#658),#618,.T.);
#660=CARTESIAN_POINT('',(94.516485473,252.77038724,3.369157021));
#661=DIRECTION('',(0.,1.,0.));
#662=DIRECTION('',(-0.104528463,0.,-0.994521895));
#663=AXIS2_PLACEMENT_3D('',#660,#661,#662);
#664=PLANE('',#663);
#665=CARTESIAN_POINT('',(104.516448844,252.77038724,19.82575144));
#666=VERTEX_POINT('',#665);
#667=CARTESIAN_POINT('',(104.516448844,252.77038724,19.82575144));
#668=DIRECTION('',(-0.104528463,0.,-0.994521895));
#669=VECTOR('',#668,17.411724277);
#670=LINE('',#667,#669);
#671=EDGE_CURVE('',#666,#83,#670,.T.);
#672=ORIENTED_EDGE('',*,*,#671,.T.);
#673=ORIENTED_EDGE('',*,*,#88,.T.);
#674=ORIENTED_EDGE('',*,*,#579,.T.);
#675=CARTESIAN_POINT('',(104.316318944,252.77038724,19.834997082));
#676=VERTEX_POINT('',#675);
#677=CARTESIAN_POINT('',(88.553146902,252.77038724,21.491773225));
#678=DIRECTION('',(0.994521895,-0.,-0.104528463));
#679=VECTOR('',#678,15.85);
#680=LINE('',#677,#679);
#681=EDGE_CURVE('',#574,#676,#680,.T.);
#682=ORIENTED_EDGE('',*,*,#681,.T.);
#683=CARTESIAN_POINT('',(104.316318944,252.77038724,19.834997082));
#684=CARTESIAN_POINT('',(104.382848246,252.77038724,19.828004571));
#685=CARTESIAN_POINT('',(104.449560671,252.77038724,19.824975897));
#686=CARTESIAN_POINT('',(104.516448844,252.77038724,19.82575144));
#687=B_SPLINE_CURVE_WITH_KNOTS('',3,(#683,#684,#685,#686),.UNSPECIFIED.,.F.,.F.,(4,4),(0.,0.000200343),.UNSPECIFIED.);
#688=EDGE_CURVE('',#676,#666,#687,.T.);
#689=ORIENTED_EDGE('',*,*,#688,.T.);
#690=EDGE_LOOP('',(#672,#673,#674,#682,#689));
#691=FACE_BOUND('',#690,.T.);
#692=ADVANCED_FACE('',(#691),#664,.T.);
#693=CARTESIAN_POINT('',(94.516485473,244.59538724,3.369157021));
#694=DIRECTION('',(0.,1.,0.));
#695=DIRECTION('',(-0.104528463,0.,-0.994521895));
#696=AXIS2_PLACEMENT_3D('',#693,#694,#695);
#697=PLANE('',#696);
#698=ORIENTED_EDGE('',*,*,#556,.F.);
#699=CARTESIAN_POINT('',(104.516448844,244.59538724,19.82575144));
#700=VERTEX_POINT('',#699);
#701=CARTESIAN_POINT('',(102.696428062,244.59538724,2.50941041));
#702=DIRECTION('',(0.104528463,-0.,0.994521895));
#703=VECTOR('',#702,17.411724277);
#704=LINE('',#701,#703);
#705=EDGE_CURVE('',#542,#700,#704,.T.);
#706=ORIENTED_EDGE('',*,*,#705,.T.);
#707=CARTESIAN_POINT('',(104.316318944,244.59538724,19.834997082));
#708=VERTEX_POINT('',#707);
#709=CARTESIAN_POINT('',(104.316318944,244.59538724,19.834997082));
#710=CARTESIAN_POINT('',(104.382848246,244.59538724,19.828004571));
#711=CARTESIAN_POINT('',(104.449560671,244.59538724,19.824975897));
#712=CARTESIAN_POINT('',(104.516448844,244.59538724,19.82575144));
#713=B_SPLINE_CURVE_WITH_KNOTS('',3,(#709,#710,#711,#712),.UNSPECIFIED.,.F.,.F.,(4,4),(0.,0.000200343),.UNSPECIFIED.);
#714=EDGE_CURVE('',#708,#700,#713,.T.);
#715=ORIENTED_EDGE('',*,*,#714,.F.);
#716=CARTESIAN_POINT('',(104.316318944,244.59538724,19.834997082));
#717=DIRECTION('',(-0.994521895,0.,0.104528463));
#718=VECTOR('',#717,15.85);
#719=LINE('',#716,#718);
#720=EDGE_CURVE('',#708,#622,#719,.T.);
#721=ORIENTED_EDGE('',*,*,#720,.T.);
#722=ORIENTED_EDGE('',*,*,#627,.T.);
#723=EDGE_LOOP('',(#698,#706,#715,#721,#722));
#724=FACE_BOUND('',#723,.T.);
#725=ADVANCED_FACE('',(#724),#697,.F.);
#726=CARTESIAN_POINT('',(102.696428062,254.27038724,2.50941041));
#727=DIRECTION('',(-0.104528463,0.,-0.994521895));
#728=DIRECTION('',(-0.994521895,0.,0.104528463));
#729=AXIS2_PLACEMENT_3D('',#726,#727,#728);
#730=CYLINDRICAL_SURFACE('',#729,1.5);
#731=CARTESIAN_POINT('',(106.008231687,254.27038724,19.668958745));
#732=VERTEX_POINT('',#731);
#733=CARTESIAN_POINT('',(104.188210905,254.27038724,2.352617715));
#734=DIRECTION('',(0.104528463,-0.,0.994521895));
#735=VECTOR('',#734,17.411724277);
#736=LINE('',#733,#735);
#737=EDGE_CURVE('',#91,#732,#736,.T.);
#738=ORIENTED_EDGE('',*,*,#737,.F.);
#739=ORIENTED_EDGE('',*,*,#97,.T.);
#740=ORIENTED_EDGE('',*,*,#671,.F.);
#741=CARTESIAN_POINT('',(104.516448844,252.77038724,19.82575144));
#742=CARTESIAN_POINT('',(104.614845622,252.770387239,19.826892345));
#743=CARTESIAN_POINT('',(104.714295092,252.780137117,19.82679927));
#744=CARTESIAN_POINT('',(104.810379321,252.799150827,19.825550817));
#745=CARTESIAN_POINT('',(104.90646355,252.818164537,19.824302365));
#746=CARTESIAN_POINT('',(105.000323341,252.846371353,19.821919206));
#747=CARTESIAN_POINT('',(105.091866276,252.884157292,19.818408814));
#748=CARTESIAN_POINT('',(105.274952145,252.959729169,19.81138803));
#749=CARTESIAN_POINT('',(105.439455559,253.069583755,19.800260625));
#750=CARTESIAN_POINT('',(105.579105291,253.210102038,19.785571907));
#751=CARTESIAN_POINT('',(105.648930157,253.28036118,19.778227548));
#752=CARTESIAN_POINT('',(105.710458749,253.356254875,19.770198825));
#753=CARTESIAN_POINT('',(105.764091814,253.43750974,19.761507473));
#754=CARTESIAN_POINT('',(105.81772488,253.518764605,19.752816121));
#755=CARTESIAN_POINT('',(105.863797378,253.606270514,19.743365197));
#756=CARTESIAN_POINT('',(105.900615062,253.697370243,19.733404838));
#757=CARTESIAN_POINT('',(105.937432746,253.788469972,19.72344448));
#758=CARTESIAN_POINT('',(105.964747484,253.881995036,19.713104392));
#759=CARTESIAN_POINT('',(105.982785494,253.97788186,19.702341141));
#760=CARTESIAN_POINT('',(106.000823505,254.073768683,19.69157789));
#761=CARTESIAN_POINT('',(106.009422614,254.17287653,19.680289667));
#762=CARTESIAN_POINT('',(106.008231687,254.27038724,19.668958745));
#763=B_SPLINE_CURVE_WITH_KNOTS('',3,(#741,#742,#743,#744,#745,#746,#747,#748,#749,#750,#751,#752,#753,#754,#755,#756,#757,#758,#759,#760,#761,#762),.UNSPECIFIED.,.F.,.F.,(4,3,3,3,3,3,3,4),(0.001382364,0.0016772,0.001972037,0.002561709,0.002856545,0.003151382,0.003446218,0.003741054),.UNSPECIFIED.);
#764=EDGE_CURVE('',#666,#732,#763,.T.);
#765=ORIENTED_EDGE('',*,*,#764,.T.);
#766=EDGE_LOOP('',(#738,#739,#740,#765));
#767=FACE_BOUND('',#766,.T.);
#768=ADVANCED_FACE('',(#767),#730,.F.);
#769=CARTESIAN_POINT('',(102.696428062,243.09538724,2.50941041));
#770=DIRECTION('',(0.104528463,-0.,0.994521895));
#771=DIRECTION('',(0.994521895,-0.,-0.104528463));
#772=AXIS2_PLACEMENT_3D('',#769,#770,#771);
#773=CYLINDRICAL_SURFACE('',#772,1.5);
#774=ORIENTED_EDGE('',*,*,#548,.F.);
#775=CARTESIAN_POINT('',(106.008231687,243.09538724,19.668958745));
#776=VERTEX_POINT('',#775);
#777=CARTESIAN_POINT('',(106.008231687,243.09538724,19.668958745));
#778=DIRECTION('',(-0.104528463,0.,-0.994521895));
#779=VECTOR('',#778,17.411724277);
#780=LINE('',#777,#779);
#781=EDGE_CURVE('',#776,#534,#780,.T.);
#782=ORIENTED_EDGE('',*,*,#781,.F.);
#783=CARTESIAN_POINT('',(106.008231687,243.09538724,19.668958745));
#784=CARTESIAN_POINT('',(106.009425395,243.193125734,19.680316105));
#785=CARTESIAN_POINT('',(106.000805857,243.292040138,19.69158154));
#786=CARTESIAN_POINT('',(105.982816357,243.387728506,19.702322719));
#787=CARTESIAN_POINT('',(105.964826858,243.483416875,19.713063899));
#788=CARTESIAN_POINT('',(105.937552349,243.5770116,19.723412468));
#789=CARTESIAN_POINT('',(105.900608696,243.668419989,19.733406561));
#790=CARTESIAN_POINT('',(105.82672139,243.851236766,19.753394746));
#791=CARTESIAN_POINT('',(105.718109239,244.016002144,19.770972944));
#792=CARTESIAN_POINT('',(105.578359592,244.156422249,19.785650284));
#793=CARTESIAN_POINT('',(105.508484768,244.226632302,19.792988954));
#794=CARTESIAN_POINT('',(105.432844467,244.288663064,19.799377262));
#795=CARTESIAN_POINT('',(105.351717214,244.342910815,19.80484979));
#796=CARTESIAN_POINT('',(105.27058996,244.397158567,19.810322319));
#797=CARTESIAN_POINT('',(105.183084337,244.443966566,19.814911021));
#798=CARTESIAN_POINT('',(105.091850501,244.481623699,19.818409419));
#799=CARTESIAN_POINT('',(105.000616666,244.519280833,19.821907818));
#800=CARTESIAN_POINT('',(104.906827476,244.547526771,19.824296265));
#801=CARTESIAN_POINT('',(104.810544114,244.566591034,19.825548675));
#802=CARTESIAN_POINT('',(104.714260753,244.585655296,19.826801084));
#803=CARTESIAN_POINT('',(104.614616308,244.59538724,19.826889717));
#804=CARTESIAN_POINT('',(104.516448844,244.59538724,19.82575144));
#805=B_SPLINE_CURVE_WITH_KNOTS('',3,(#783,#784,#785,#786,#787,#788,#789,#790,#791,#792,#793,#794,#795,#796,#797,#798,#799,#800,#801,#802,#803,#804),.UNSPECIFIED.,.F.,.F.,(4,3,3,3,3,3,3,4),(0.001382364,0.0016772,0.001972037,0.002561709,0.002856545,0.003151382,0.003446218,0.003741054),.UNSPECIFIED.);
#806=EDGE_CURVE('',#776,#700,#805,.T.);
#807=ORIENTED_EDGE('',*,*,#806,.T.);
#808=ORIENTED_EDGE('',*,*,#705,.F.);
#809=EDGE_LOOP('',(#774,#782,#807,#808));
#810=FACE_BOUND('',#809,.T.);
#811=ADVANCED_FACE('',(#810),#773,.F.);
#812=CARTESIAN_POINT('',(104.188210905,282.02038724,2.352617715));
#813=DIRECTION('',(-0.994521895,-0.,0.104528463));
#814=DIRECTION('',(0.104528463,-0.,0.994521895));
#815=AXIS2_PLACEMENT_3D('',#812,#813,#814);
#816=PLANE('',#815);
#817=ORIENTED_EDGE('',*,*,#781,.T.);
#818=ORIENTED_EDGE('',*,*,#539,.T.);
#819=CARTESIAN_POINT('',(104.784023146,223.707882705,8.021392519));
#820=VERTEX_POINT('',#819);
#821=CARTESIAN_POINT('',(104.188210905,223.70788724,2.352617715));
#822=DIRECTION('',(0.104528463,-0.,0.994521895));
#823=VECTOR('',#822,5.7);
#824=LINE('',#821,#823);
#825=EDGE_CURVE('',#525,#820,#824,.T.);
#826=ORIENTED_EDGE('',*,*,#825,.T.);
#827=CARTESIAN_POINT('',(104.784023146,216.507891776,8.021392519));
#828=VERTEX_POINT('',#827);
#829=CARTESIAN_POINT('',(104.784023146,223.707882705,8.021392519));
#830=DIRECTION('',(0.,-1.,-0.));
#831=VECTOR('',#830,7.199990929);
#832=LINE('',#829,#831);
#833=EDGE_CURVE('',#820,#828,#832,.T.);
#834=ORIENTED_EDGE('',*,*,#833,.T.);
#835=CARTESIAN_POINT('',(104.784023146,216.50788724,8.021392519));
#836=DIRECTION('',(-0.104528463,0.,-0.994521895));
#837=VECTOR('',#836,5.7);
#838=LINE('',#835,#837);
#839=EDGE_CURVE('',#828,#490,#838,.T.);
#840=ORIENTED_EDGE('',*,*,#839,.T.);
#841=ORIENTED_EDGE('',*,*,#495,.T.);
#842=CARTESIAN_POINT('',(104.784023146,61.782882707,8.021392519));
#843=VERTEX_POINT('',#842);
#844=CARTESIAN_POINT('',(104.188210905,61.78288724,2.352617715));
#845=DIRECTION('',(0.104528463,-0.,0.994521895));
#846=VECTOR('',#845,5.7);
#847=LINE('',#844,#846);
#848=EDGE_CURVE('',#481,#843,#847,.T.);
#849=ORIENTED_EDGE('',*,*,#848,.T.);
#850=CARTESIAN_POINT('',(104.784023146,54.582891774,8.021392519));
#851=VERTEX_POINT('',#850);
#852=CARTESIAN_POINT('',(104.784023146,61.782882707,8.021392519));
#853=DIRECTION('',(0.,-1.,-0.));
#854=VECTOR('',#853,7.199990933);
#855=LINE('',#852,#854);
#856=EDGE_CURVE('',#843,#851,#855,.T.);
#857=ORIENTED_EDGE('',*,*,#856,.T.);
#858=CARTESIAN_POINT('',(104.784023146,54.58288724,8.021392519));
#859=DIRECTION('',(-0.104528463,0.,-0.994521895));
#860=VECTOR('',#859,5.7);
#861=LINE('',#858,#860);
#862=EDGE_CURVE('',#851,#446,#861,.T.);
#863=ORIENTED_EDGE('',*,*,#862,.T.);
#864=ORIENTED_EDGE('',*,*,#451,.T.);
#865=CARTESIAN_POINT('',(106.008231687,6.62038724,19.668958745));
#866=VERTEX_POINT('',#865);
#867=CARTESIAN_POINT('',(104.188210905,6.62038724,2.352617715));
#868=DIRECTION('',(0.104528463,-0.,0.994521895));
#869=VECTOR('',#868,17.411724277);
#870=LINE('',#867,#869);
#871=EDGE_CURVE('',#437,#866,#870,.T.);
#872=ORIENTED_EDGE('',*,*,#871,.T.);
#873=CARTESIAN_POINT('',(106.007006166,6.82038724,19.657298695));
#874=VERTEX_POINT('',#873);
#875=CARTESIAN_POINT('',(106.007006166,6.82038724,19.657298695));
#876=CARTESIAN_POINT('',(106.007006166,6.753491476,19.657298695));
#877=CARTESIAN_POINT('',(106.007420231,6.686827926,19.661238259));
#878=CARTESIAN_POINT('',(106.008231687,6.62038724,19.668958745));
#879=B_SPLINE_CURVE_WITH_KNOTS('',3,(#875,#876,#877,#878),.UNSPECIFIED.,.F.,.F.,(4,4),(0.,0.000200343),.UNSPECIFIED.);
#880=EDGE_CURVE('',#874,#866,#879,.T.);
#881=ORIENTED_EDGE('',*,*,#880,.F.);
#882=CARTESIAN_POINT('',(106.007006166,242.89538724,19.657298695));
#883=VERTEX_POINT('',#882);
#884=CARTESIAN_POINT('',(106.007006166,6.82038724,19.657298695));
#885=DIRECTION('',(-0.,1.,0.));
#886=VECTOR('',#885,236.075);
#887=LINE('',#884,#886);
#888=EDGE_CURVE('',#874,#883,#887,.T.);
#889=ORIENTED_EDGE('',*,*,#888,.T.);
#890=CARTESIAN_POINT('',(106.007006166,242.89538724,19.657298695));
#891=CARTESIAN_POINT('',(106.007006166,242.962283005,19.657298695));
#892=CARTESIAN_POINT('',(106.007420231,243.028946554,19.661238259));
#893=CARTESIAN_POINT('',(106.008231687,243.09538724,19.668958745));
#894=B_SPLINE_CURVE_WITH_KNOTS('',3,(#890,#891,#892,#893),.UNSPECIFIED.,.F.,.F.,(4,4),(0.,0.000200343),.UNSPECIFIED.);
#895=EDGE_CURVE('',#883,#776,#894,.T.);
#896=ORIENTED_EDGE('',*,*,#895,.T.);
#897=EDGE_LOOP('',(#817,#818,#826,#834,#840,#841,#849,#857,#863,#864,#872,#881,#889,#896));
#898=FACE_BOUND('',#897,.T.);
#899=ADVANCED_FACE('',(#898),#816,.T.);
#900=CARTESIAN_POINT('',(107.35179281,408.19538724,0.881740565));
#901=DIRECTION('',(-0.,0.,-1.));
#902=DIRECTION('',(-1.,0.,0.));
#903=AXIS2_PLACEMENT_3D('',#900,#901,#902);
#904=PLANE('',#903);
#905=CARTESIAN_POINT('',(8.406820826,301.095185218,0.881740565));
#906=VERTEX_POINT('',#905);
#907=CARTESIAN_POINT('',(74.053075184,301.095185218,0.881740565));
#908=VERTEX_POINT('',#907);
#909=CARTESIAN_POINT('',(8.406820826,301.095185218,0.881740565));
#910=DIRECTION('',(1.,-0.,-0.));
#911=VECTOR('',#910,65.646254358);
#912=LINE('',#909,#911);
#913=EDGE_CURVE('',#906,#908,#912,.T.);
#914=ORIENTED_EDGE('',*,*,#913,.T.);
#915=CARTESIAN_POINT('',(74.220294998,301.10388886,0.881740565));
#916=VERTEX_POINT('',#915);
#917=CARTESIAN_POINT('',(74.053075184,301.095185218,0.881740565));
#918=CARTESIAN_POINT('',(74.6755912,301.095185218,0.881740565));
#919=CARTESIAN_POINT('',(75.233689702,301.54538724,0.881740565));
#920=(BOUNDED_CURVE()
B_SPLINE_CURVE(2,(#917,#918,#919),.UNSPECIFIED.,.F.,.F.)
B_SPLINE_CURVE_WITH_KNOTS((3,3),(324.911514984,355.761243907),.UNSPECIFIED.)
CURVE()
GEOMETRIC_REPRESENTATION_ITEM()
RATIONAL_B_SPLINE_CURVE((1.,0.963980071,1.))
REPRESENTATION_ITEM(''));
#921=EDGE_CURVE('',#908,#916,#920,.T.);
#922=ORIENTED_EDGE('',*,*,#921,.T.);
#923=CARTESIAN_POINT('',(75.233689702,301.54538724,0.881740565));
#924=VERTEX_POINT('',#923);
#925=CARTESIAN_POINT('',(74.053075184,301.095185218,0.881740565));
#926=CARTESIAN_POINT('',(74.6755912,301.095185218,0.881740565));
#927=CARTESIAN_POINT('',(75.233689702,301.54538724,0.881740565));
#928=(BOUNDED_CURVE()
B_SPLINE_CURVE(2,(#925,#926,#927),.UNSPECIFIED.,.F.,.F.)
B_SPLINE_CURVE_WITH_KNOTS((3,3),(324.911514984,355.761243907),.UNSPECIFIED.)
CURVE()
GEOMETRIC_REPRESENTATION_ITEM()
RATIONAL_B_SPLINE_CURVE((1.,0.963980071,1.))
REPRESENTATION_ITEM(''));
#929=EDGE_CURVE('',#916,#924,#928,.T.);
#930=ORIENTED_EDGE('',*,*,#929,.T.);
#931=CARTESIAN_POINT('',(103.832513831,301.54538724,0.881740565));
#932=VERTEX_POINT('',#931);
#933=CARTESIAN_POINT('',(103.832513831,301.54538724,0.881740565));
#934=DIRECTION('',(-1.,0.,0.));
#935=VECTOR('',#934,28.598824129);
#936=LINE('',#933,#935);
#937=EDGE_CURVE('',#932,#924,#936,.T.);
#938=ORIENTED_EDGE('',*,*,#937,.F.);
#939=CARTESIAN_POINT('',(103.832513831,315.07038724,0.881740565));
#940=VERTEX_POINT('',#939);
#941=CARTESIAN_POINT('',(103.832513831,301.54538724,0.881740565));
#942=DIRECTION('',(0.,1.,0.));
#943=VECTOR('',#942,13.525);
#944=LINE('',#941,#943);
#945=EDGE_CURVE('',#932,#940,#944,.T.);
#946=ORIENTED_EDGE('',*,*,#945,.T.);
#947=CARTESIAN_POINT('',(108.661230277,315.07038724,0.881740565));
#948=VERTEX_POINT('',#947);
#949=CARTESIAN_POINT('',(103.832513831,315.07038724,0.881740565));
#950=DIRECTION('',(1.,-0.,-0.));
#951=VECTOR('',#950,4.828716446);
#952=LINE('',#949,#951);
#953=EDGE_CURVE('',#940,#948,#952,.T.);
#954=ORIENTED_EDGE('',*,*,#953,.T.);
#955=CARTESIAN_POINT('',(110.420869766,313.32038724,0.881740565));
#956=VERTEX_POINT('',#955);
#957=CARTESIAN_POINT('',(108.661230277,315.07038724,0.881740565));
#958=CARTESIAN_POINT('',(108.777127037,315.070854274,0.881740565));
#959=CARTESIAN_POINT('',(108.891037751,315.059352923,0.881740565));
#960=CARTESIAN_POINT('',(109.003140189,315.036954487,0.881740565));
#961=CARTESIAN_POINT('',(109.115242628,315.01455605,0.881740565));
#962=CARTESIAN_POINT('',(109.226657216,314.980716696,0.881740565));
#963=CARTESIAN_POINT('',(109.332852587,314.936941736,0.881740565));
#964=CARTESIAN_POINT('',(109.439047958,314.893166776,0.881740565));
#965=CARTESIAN_POINT('',(109.540085581,314.839761304,0.881740565));
#966=CARTESIAN_POINT('',(109.635913148,314.776627652,0.881740565));
#967=CARTESIAN_POINT('',(109.731740715,314.713494,0.881740565));
#968=CARTESIAN_POINT('',(109.822430853,314.640158629,0.881740565));
#969=CARTESIAN_POINT('',(109.90354311,314.559750551,0.881740565));
#970=CARTESIAN_POINT('',(109.984655367,314.479342472,0.881740565));
#971=CARTESIAN_POINT('',(110.057324236,314.391227173,0.881740565));
#972=CARTESIAN_POINT('',(110.121640863,314.295487853,0.881740565));
#973=CARTESIAN_POINT('',(110.18595749,314.199748532,0.881740565));
#974=CARTESIAN_POINT('',(110.240655012,314.097989088,0.881740565));
#975=CARTESIAN_POINT('',(110.284884881,313.992643706,0.881740565));
#976=CARTESIAN_POINT('',(110.329114749,313.887298325,0.881740565));
#977=CARTESIAN_POINT('',(110.36349787,313.776849458,0.881740565));
#978=CARTESIAN_POINT('',(110.386574546,313.663764937,0.881740565));
#979=CARTESIAN_POINT('',(110.409651221,313.550680417,0.881740565));
#980=CARTESIAN_POINT('',(110.421341828,313.436251744,0.881740565));
#981=CARTESIAN_POINT('',(110.420869766,313.32038724,0.881740565));
#982=B_SPLINE_CURVE_WITH_KNOTS('',3,(#957,#958,#959,#960,#961,#962,#963,#964,#965,#966,#967,#968,#969,#970,#971,#972,#973,#974,#975,#976,#977,#978,#979,#980,#981),.UNSPECIFIED.,.F.,.F.,(4,3,3,3,3,3,3,3,4),(0.,0.00034277,0.000685541,0.001028311,0.001371082,0.001713852,0.002056623,0.002399393,0.002742164),.UNSPECIFIED.);
#983=EDGE_CURVE('',#948,#956,#982,.T.);
#984=ORIENTED_EDGE('',*,*,#983,.T.);
#985=CARTESIAN_POINT('',(110.420869766,3.07038724,0.881740565));
#986=VERTEX_POINT('',#985);
#987=CARTESIAN_POINT('',(110.420869766,313.32038724,0.881740565));
#988=DIRECTION('',(-0.,-1.,-0.));
#989=VECTOR('',#988,310.25);
#990=LINE('',#987,#989);
#991=EDGE_CURVE('',#956,#986,#990,.T.);
#992=ORIENTED_EDGE('',*,*,#991,.T.);
#993=CARTESIAN_POINT('',(108.661230277,1.32038724,0.881740565));
#994=VERTEX_POINT('',#993);
#995=CARTESIAN_POINT('',(110.420869766,3.07038724,0.881740565));
#996=CARTESIAN_POINT('',(110.421341984,2.954484378,0.881740565));
#997=CARTESIAN_POINT('',(110.409647447,2.840600563,0.881740565));
#998=CARTESIAN_POINT('',(110.386888743,2.728552822,0.881740565));
#999=CARTESIAN_POINT('',(110.36413004,2.616505081,0.881740565));
#1000=CARTESIAN_POINT('',(110.329738069,2.505170464,0.881740565));
#1001=CARTESIAN_POINT('',(110.285368449,2.399283659,0.881740565));
#1002=CARTESIAN_POINT('',(110.24099883,2.293396854,0.881740565));
#1003=CARTESIAN_POINT('',(110.186898564,2.19270884,0.881740565));
#1004=CARTESIAN_POINT('',(110.122971856,2.097270798,0.881740565));
#1005=CARTESIAN_POINT('',(110.059045149,2.001832755,0.881740565));
#1006=CARTESIAN_POINT('',(109.98505815,1.911893124,0.881740565));
#1007=CARTESIAN_POINT('',(109.904004736,1.831481724,0.881740565));
#1008=CARTESIAN_POINT('',(109.741897909,1.670658923,0.881740565));
#1009=CARTESIAN_POINT('',(109.545244081,1.541551915,0.881740565));
#1010=CARTESIAN_POINT('',(109.333985507,1.454300199,0.881740565));
#1011=CARTESIAN_POINT('',(109.22835622,1.410674341,0.881740565));
#1012=CARTESIAN_POINT('',(109.117430855,1.376744692,0.881740565));
#1013=CARTESIAN_POINT('',(109.00443535,1.354079278,0.881740565));
#1014=CARTESIAN_POINT('',(108.891439844,1.331413865,0.881740565));
#1015=CARTESIAN_POINT('',(108.777070465,1.319920434,0.881740565));
#1016=CARTESIAN_POINT('',(108.661230277,1.32038724,0.881740565));
#1017=B_SPLINE_CURVE_WITH_KNOTS('',3,(#995,#996,#997,#998,#999,#1000,#1001,#1002,#1003,#1004,#1005,#1006,#1007,#1008,#1009,#1010,#1011,#1012,#1013,#1014,#1015,#1016),.UNSPECIFIED.,.F.,.F.,(4,3,3,3,3,3,3,4),(0.,0.000342786,0.000685571,0.001028357,0.001371142,0.002056714,0.002399499,0.002742285),.UNSPECIFIED.);
#1018=EDGE_CURVE('',#986,#994,#1017,.T.);
#1019=ORIENTED_EDGE('',*,*,#1018,.T.);
#1020=CARTESIAN_POINT('',(103.832513831,1.32038724,0.881740565));
#1021=VERTEX_POINT('',#1020);
#1022=CARTESIAN_POINT('',(108.661230277,1.32038724,0.881740565));
#1023=DIRECTION('',(-1.,0.,0.));
#1024=VECTOR('',#1023,4.828716446);
#1025=LINE('',#1022,#1024);
#1026=EDGE_CURVE('',#994,#1021,#1025,.T.);
#1027=ORIENTED_EDGE('',*,*,#1026,.T.);
#1028=CARTESIAN_POINT('',(103.832513831,14.84538724,0.881740565));
#1029=VERTEX_POINT('',#1028);
#1030=CARTESIAN_POINT('',(103.832513831,14.84538724,0.881740565));
#1031=DIRECTION('',(-0.,-1.,0.));
#1032=VECTOR('',#1031,13.525);
#1033=LINE('',#1030,#1032);
#1034=EDGE_CURVE('',#1029,#1021,#1033,.T.);
#1035=ORIENTED_EDGE('',*,*,#1034,.F.);
#1036=CARTESIAN_POINT('',(75.233689702,14.84538724,0.881740565));
#1037=VERTEX_POINT('',#1036);
#1038=CARTESIAN_POINT('',(103.832513831,14.84538724,0.881740565));
#1039=DIRECTION('',(-1.,0.,0.));
#1040=VECTOR('',#1039,28.598824129);
#1041=LINE('',#1038,#1040);
#1042=EDGE_CURVE('',#1029,#1037,#1041,.T.);
#1043=ORIENTED_EDGE('',*,*,#1042,.T.);
#1044=CARTESIAN_POINT('',(74.053075184,15.295589262,0.881740565));
#1045=VERTEX_POINT('',#1044);
#1046=CARTESIAN_POINT('',(75.233689702,14.84538724,0.881740565));
#1047=CARTESIAN_POINT('',(74.6755912,15.295589262,0.881740565));
#1048=CARTESIAN_POINT('',(74.053075184,15.295589262,0.881740565));
#1049=(BOUNDED_CURVE()
B_SPLINE_CURVE(2,(#1046,#1047,#1048),.UNSPECIFIED.,.F.,.F.)
B_SPLINE_CURVE_WITH_KNOTS((3,3),(4.238756093,35.088485016),.UNSPECIFIED.)
CURVE()
GEOMETRIC_REPRESENTATION_ITEM()
RATIONAL_B_SPLINE_CURVE((1.,0.963980071,1.))
REPRESENTATION_ITEM(''));
#1050=EDGE_CURVE('',#1037,#1045,#1049,.T.);
#1051=ORIENTED_EDGE('',*,*,#1050,.T.);
#1052=CARTESIAN_POINT('',(8.406820826,15.295589262,0.881740565));
#1053=VERTEX_POINT('',#1052);
#1054=CARTESIAN_POINT('',(74.053075184,15.295589262,0.881740565));
#1055=DIRECTION('',(-1.,0.,0.));
#1056=VECTOR('',#1055,65.646254358);
#1057=LINE('',#1054,#1056);
#1058=EDGE_CURVE('',#1045,#1053,#1057,.T.);
#1059=ORIENTED_EDGE('',*,*,#1058,.T.);
#1060=CARTESIAN_POINT('',(6.597109058,17.09538724,0.881740565));
#1061=VERTEX_POINT('',#1060);
#1062=CARTESIAN_POINT('',(8.406820826,15.295589262,0.881740565));
#1063=CARTESIAN_POINT('',(8.287627093,15.295108942,0.881740565));
#1064=CARTESIAN_POINT('',(8.170472064,15.306937411,0.881740565));
#1065=CARTESIAN_POINT('',(8.055173596,15.329974963,0.881740565));
#1066=CARTESIAN_POINT('',(7.939875128,15.353012515,0.881740565));
#1067=CARTESIAN_POINT('',(7.825281762,15.387819572,0.881740565));
#1068=CARTESIAN_POINT('',(7.716072002,15.432838207,0.881740565));
#1069=CARTESIAN_POINT('',(7.606862241,15.477856841,0.881740565));
#1070=CARTESIAN_POINT('',(7.502949978,15.532781328,0.881740565));
#1071=CARTESIAN_POINT('',(7.404390837,15.597715681,0.881740565));
#1072=CARTESIAN_POINT('',(7.305831697,15.662650035,0.881740565));
#1073=CARTESIAN_POINT('',(7.212569171,15.738067756,0.881740565));
#1074=CARTESIAN_POINT('',(7.129152282,15.820761057,0.881740565));
#1075=CARTESIAN_POINT('',(7.045735393,15.903454357,0.881740565));
#1076=CARTESIAN_POINT('',(6.970996245,15.994078778,0.881740565));
#1077=CARTESIAN_POINT('',(6.904844417,16.092551677,0.881740565));
#1078=CARTESIAN_POINT('',(6.838692589,16.191024577,0.881740565));
#1079=CARTESIAN_POINT('',(6.782450526,16.295660933,0.881740565));
#1080=CARTESIAN_POINT('',(6.736962257,16.404004078,0.881740565));
#1081=CARTESIAN_POINT('',(6.691473989,16.512347223,0.881740565));
#1082=CARTESIAN_POINT('',(6.656108484,16.625956366,0.881740565));
#1083=CARTESIAN_POINT('',(6.632377615,16.742250971,0.881740565));
#1084=CARTESIAN_POINT('',(6.608646747,16.858545576,0.881740565));
#1085=CARTESIAN_POINT('',(6.596623564,16.976226061,0.881740565));
#1086=CARTESIAN_POINT('',(6.597109058,17.09538724,0.881740565));
#1087=B_SPLINE_CURVE_WITH_KNOTS('',3,(#1062,#1063,#1064,#1065,#1066,#1067,#1068,#1069,#1070,#1071,#1072,#1073,#1074,#1075,#1076,#1077,#1078,#1079,#1080,#1081,#1082,#1083,#1084,#1085,#1086),.UNSPECIFIED.,.F.,.F.,(4,3,3,3,3,3,3,3,4),(0.,0.00035254,0.000705079,0.001057619,0.001410158,0.001762698,0.002115238,0.002467777,0.002820317),.UNSPECIFIED.);
#1088=EDGE_CURVE('',#1053,#1061,#1087,.T.);
#1089=ORIENTED_EDGE('',*,*,#1088,.T.);
#1090=CARTESIAN_POINT('',(6.597109058,299.29538724,0.881740565));
#1091=VERTEX_POINT('',#1090);
#1092=CARTESIAN_POINT('',(6.597109058,17.09538724,0.881740565));
#1093=DIRECTION('',(0.,1.,0.));
#1094=VECTOR('',#1093,282.2);
#1095=LINE('',#1092,#1094);
#1096=EDGE_CURVE('',#1061,#1091,#1095,.T.);
#1097=ORIENTED_EDGE('',*,*,#1096,.T.);
#1098=CARTESIAN_POINT('',(6.597109058,299.29538724,0.881740565));
#1099=CARTESIAN_POINT('',(6.596623406,299.414587265,0.881740565));
#1100=CARTESIAN_POINT('',(6.608650562,299.531714858,0.881740565));
#1101=CARTESIAN_POINT('',(6.632058785,299.646957464,0.881740565));
#1102=CARTESIAN_POINT('',(6.655467007,299.76220007,0.881740565));
#1103=CARTESIAN_POINT('',(6.690842114,299.876709878,0.881740565));
#1104=CARTESIAN_POINT('',(6.736472417,299.985602578,0.881740565));
#1105=CARTESIAN_POINT('',(6.782102721,300.094495277,0.881740565));
#1106=CARTESIAN_POINT('',(6.83774204,300.198048497,0.881740565));
#1107=CARTESIAN_POINT('',(6.903492655,300.296207672,0.881740565));
#1108=CARTESIAN_POINT('',(6.96924327,300.394366847,0.881740565));
#1109=CARTESIAN_POINT('',(7.045329001,300.486854895,0.881740565));
#1110=CARTESIAN_POINT('',(7.128686648,300.569551655,0.881740565));
#1111=CARTESIAN_POINT('',(7.295401941,300.734945174,0.881740565));
#1112=CARTESIAN_POINT('',(7.497653836,300.867728692,0.881740565));
#1113=CARTESIAN_POINT('',(7.714926108,300.957463462,0.881740565));
#1114=CARTESIAN_POINT('',(7.823562244,301.002330847,0.881740565));
#1115=CARTESIAN_POINT('',(7.937658836,301.037228965,0.881740565));
#1116=CARTESIAN_POINT('',(8.053861921,301.060536928,0.881740565));
#1117=CARTESIAN_POINT('',(8.170065006,301.083844892,0.881740565));
#1118=CARTESIAN_POINT('',(8.287684557,301.095665337,0.881740565));
#1119=CARTESIAN_POINT('',(8.406820826,301.095185218,0.881740565));
#1120=B_SPLINE_CURVE_WITH_KNOTS('',3,(#1098,#1099,#1100,#1101,#1102,#1103,#1104,#1105,#1106,#1107,#1108,#1109,#1110,#1111,#1112,#1113,#1114,#1115,#1116,#1117,#1118,#1119),.UNSPECIFIED.,.F.,.F.,(4,3,3,3,3,3,3,4),(0.,0.000352556,0.000705112,0.001057668,0.001410224,0.002115335,0.002467891,0.002820447),.UNSPECIFIED.);
#1121=EDGE_CURVE('',#1091,#906,#1120,.T.);
#1122=ORIENTED_EDGE('',*,*,#1121,.T.);
#1123=EDGE_LOOP('',(#914,#922,#930,#938,#946,#954,#984,#992,#1019,#1027,#1035,#1043,#1051,#1059,#1089,#1097,#1122));
#1124=FACE_BOUND('',#1123,.T.);
#1125=CARTESIAN_POINT('',(11.097109058,23.99538724,0.881740565));
#1126=VERTEX_POINT('',#1125);
#1127=CARTESIAN_POINT('',(15.247109058,23.99538724,0.881740565));
#1128=DIRECTION('',(0.,-0.,1.));
#1129=DIRECTION('',(-1.,0.,0.));
#1130=AXIS2_PLACEMENT_3D('',#1127,#1128,#1129);
#1131=CIRCLE('',#1130,4.15);
#1132=EDGE_CURVE('',#1126,#1126,#1131,.T.);
#1133=ORIENTED_EDGE('',*,*,#1132,.T.);
#1134=EDGE_LOOP('',(#1133));
#1135=FACE_BOUND('',#1134,.T.);
#1136=CARTESIAN_POINT('',(11.097109058,292.39538724,0.881740565));
#1137=VERTEX_POINT('',#1136);
#1138=CARTESIAN_POINT('',(15.247109058,292.39538724,0.881740565));
#1139=DIRECTION('',(-0.,0.,-1.));
#1140=DIRECTION('',(-1.,0.,0.));
#1141=AXIS2_PLACEMENT_3D('',#1138,#1139,#1140);
#1142=CIRCLE('',#1141,4.15);
#1143=EDGE_CURVE('',#1137,#1137,#1142,.T.);
#1144=ORIENTED_EDGE('',*,*,#1143,.F.);
#1145=EDGE_LOOP('',(#1144));
#1146=FACE_BOUND('',#1145,.T.);
#1147=CARTESIAN_POINT('',(97.571071788,23.99538724,0.881740565));
#1148=VERTEX_POINT('',#1147);
#1149=CARTESIAN_POINT('',(101.721071788,23.99538724,0.881740565));
#1150=DIRECTION('',(0.,-0.,1.));
#1151=DIRECTION('',(-1.,0.,0.));
#1152=AXIS2_PLACEMENT_3D('',#1149,#1150,#1151);
#1153=CIRCLE('',#1152,4.15);
#1154=EDGE_CURVE('',#1148,#1148,#1153,.T.);
#1155=ORIENTED_EDGE('',*,*,#1154,.T.);
#1156=EDGE_LOOP('',(#1155));
#1157=FACE_BOUND('',#1156,.T.);
#1158=CARTESIAN_POINT('',(97.571071788,292.39538724,0.881740565));
#1159=VERTEX_POINT('',#1158);
#1160=CARTESIAN_POINT('',(101.721071788,292.39538724,0.881740565));
#1161=DIRECTION('',(-0.,0.,-1.));
#1162=DIRECTION('',(-1.,0.,0.));
#1163=AXIS2_PLACEMENT_3D('',#1160,#1161,#1162);
#1164=CIRCLE('',#1163,4.15);
#1165=EDGE_CURVE('',#1159,#1159,#1164,.T.);
#1166=ORIENTED_EDGE('',*,*,#1165,.F.);
#1167=EDGE_LOOP('',(#1166));
#1168=FACE_BOUND('',#1167,.T.);
#1169=ADVANCED_FACE('',(#1124,#1135,#1146,#1157,#1168),#904,.T.);
#1170=CARTESIAN_POINT('',(8.117395813,158.19538724,12.450067267));
#1171=DIRECTION('',(-0.994521895,-0.,0.104528463));
#1172=DIRECTION('',(0.104528463,-0.,0.994521895));
#1173=AXIS2_PLACEMENT_3D('',#1170,#1171,#1172);
#1174=PLANE('',#1173);
#1175=CARTESIAN_POINT('',(8.12366752,161.41038724,12.509738581));
#1176=VERTEX_POINT('',#1175);
#1177=CARTESIAN_POINT('',(8.12366752,154.98038724,12.509738581));
#1178=VERTEX_POINT('',#1177);
#1179=CARTESIAN_POINT('',(8.12366752,161.41038724,12.509738581));
#1180=DIRECTION('',(0.,-1.,-0.));
#1181=VECTOR('',#1180,6.43);
#1182=LINE('',#1179,#1181);
#1183=EDGE_CURVE('',#1176,#1178,#1182,.T.);
#1184=ORIENTED_EDGE('',*,*,#1183,.F.);
#1185=CARTESIAN_POINT('',(7.971578251,162.86538724,11.062705844));
#1186=VERTEX_POINT('',#1185);
#1187=CARTESIAN_POINT('',(7.971578606,161.41038724,11.062709223));
#1188=DIRECTION('',(-0.994521895,-0.,0.104528463));
#1189=DIRECTION('',(0.104528463,-0.,0.994521895));
#1190=AXIS2_PLACEMENT_3D('',#1187,#1188,#1189);
#1191=CIRCLE('',#1190,1.455);
#1192=EDGE_CURVE('',#1176,#1186,#1191,.T.);
#1193=ORIENTED_EDGE('',*,*,#1192,.T.);
#1194=CARTESIAN_POINT('',(7.898408373,162.86538724,10.366540953));
#1195=VERTEX_POINT('',#1194);
#1196=CARTESIAN_POINT('',(7.971578251,162.86538724,11.062705844));
#1197=DIRECTION('',(-0.104528463,0.,-0.994521895));
#1198=VECTOR('',#1197,0.699999562);
#1199=LINE('',#1196,#1198);
#1200=EDGE_CURVE('',#1186,#1195,#1199,.T.);
#1201=ORIENTED_EDGE('',*,*,#1200,.T.);
#1202=CARTESIAN_POINT('',(7.746319768,161.41038724,8.919514539));
#1203=VERTEX_POINT('',#1202);
#1204=CARTESIAN_POINT('',(7.898408682,161.41038724,10.366543896));
#1205=DIRECTION('',(-0.994521895,-0.,0.104528463));
#1206=DIRECTION('',(0.104528463,-0.,0.994521895));
#1207=AXIS2_PLACEMENT_3D('',#1204,#1205,#1206);
#1208=CIRCLE('',#1207,1.455);
#1209=EDGE_CURVE('',#1195,#1203,#1208,.T.);
#1210=ORIENTED_EDGE('',*,*,#1209,.T.);
#1211=CARTESIAN_POINT('',(7.746319768,154.98038724,8.919514539));
#1212=VERTEX_POINT('',#1211);
#1213=CARTESIAN_POINT('',(7.746319768,161.41038724,8.919514539));
#1214=DIRECTION('',(0.,-1.,-0.));
#1215=VECTOR('',#1214,6.43);
#1216=LINE('',#1213,#1215);
#1217=EDGE_CURVE('',#1203,#1212,#1216,.T.);
#1218=ORIENTED_EDGE('',*,*,#1217,.T.);
#1219=CARTESIAN_POINT('',(7.898408354,153.52538724,10.366540778));
#1220=VERTEX_POINT('',#1219);
#1221=CARTESIAN_POINT('',(7.898408682,154.98038724,10.366543896));
#1222=DIRECTION('',(-0.994521895,-0.,0.104528463));
#1223=DIRECTION('',(0.104528463,-0.,0.994521895));
#1224=AXIS2_PLACEMENT_3D('',#1221,#1222,#1223);
#1225=CIRCLE('',#1224,1.455);
#1226=EDGE_CURVE('',#1212,#1220,#1225,.T.);
#1227=ORIENTED_EDGE('',*,*,#1226,.T.);
#1228=CARTESIAN_POINT('',(7.971578238,153.52538724,11.062705718));
#1229=VERTEX_POINT('',#1228);
#1230=CARTESIAN_POINT('',(7.971578238,153.52538724,11.062705718));
#1231=DIRECTION('',(-0.104528463,0.,-0.994521895));
#1232=VECTOR('',#1231,0.699999611);
#1233=LINE('',#1230,#1232);
#1234=EDGE_CURVE('',#1229,#1220,#1233,.T.);
#1235=ORIENTED_EDGE('',*,*,#1234,.F.);
#1236=CARTESIAN_POINT('',(7.971578606,154.98038724,11.062709223));
#1237=DIRECTION('',(-0.994521895,-0.,0.104528463));
#1238=DIRECTION('',(0.104528463,-0.,0.994521895));
#1239=AXIS2_PLACEMENT_3D('',#1236,#1237,#1238);
#1240=CIRCLE('',#1239,1.455);
#1241=EDGE_CURVE('',#1229,#1178,#1240,.T.);
#1242=ORIENTED_EDGE('',*,*,#1241,.T.);
#1243=EDGE_LOOP('',(#1184,#1193,#1201,#1210,#1218,#1227,#1235,#1242));
#1244=FACE_BOUND('',#1243,.T.);
#1245=CARTESIAN_POINT('',(9.937416594,309.77038724,29.766408297));
#1246=VERTEX_POINT('',#1245);
#1247=CARTESIAN_POINT('',(8.117395813,309.77038724,12.450067267));
#1248=DIRECTION('',(0.104528463,-0.,0.994521895));
#1249=VECTOR('',#1248,17.411724277);
#1250=LINE('',#1247,#1249);
#1251=EDGE_CURVE('',#169,#1246,#1250,.T.);
#1252=ORIENTED_EDGE('',*,*,#1251,.T.);
#1253=CARTESIAN_POINT('',(9.936191074,309.57038724,29.754748246));
#1254=VERTEX_POINT('',#1253);
#1255=CARTESIAN_POINT('',(9.936191074,309.57038724,29.754748246));
#1256=CARTESIAN_POINT('',(9.936191074,309.637283005,29.754748246));
#1257=CARTESIAN_POINT('',(9.936605138,309.703946554,29.75868781));
#1258=CARTESIAN_POINT('',(9.937416594,309.77038724,29.766408297));
#1259=B_SPLINE_CURVE_WITH_KNOTS('',3,(#1255,#1256,#1257,#1258),.UNSPECIFIED.,.F.,.F.,(4,4),(0.,0.000200343),.UNSPECIFIED.);
#1260=EDGE_CURVE('',#1254,#1246,#1259,.T.);
#1261=ORIENTED_EDGE('',*,*,#1260,.F.);
#1262=CARTESIAN_POINT('',(9.936191074,6.82038724,29.754748246));
#1263=VERTEX_POINT('',#1262);
#1264=CARTESIAN_POINT('',(9.936191074,309.57038724,29.754748246));
#1265=DIRECTION('',(0.,-1.,-0.));
#1266=VECTOR('',#1265,302.75);
#1267=LINE('',#1264,#1266);
#1268=EDGE_CURVE('',#1254,#1263,#1267,.T.);
#1269=ORIENTED_EDGE('',*,*,#1268,.T.);
#1270=CARTESIAN_POINT('',(9.937416594,6.62038724,29.766408297));
#1271=VERTEX_POINT('',#1270);
#1272=CARTESIAN_POINT('',(9.936191074,6.82038724,29.754748246));
#1273=CARTESIAN_POINT('',(9.936191074,6.753491476,29.754748246));
#1274=CARTESIAN_POINT('',(9.936605138,6.686827926,29.75868781));
#1275=CARTESIAN_POINT('',(9.937416594,6.62038724,29.766408297));
#1276=B_SPLINE_CURVE_WITH_KNOTS('',3,(#1272,#1273,#1274,#1275),.UNSPECIFIED.,.F.,.F.,(4,4),(0.,0.000200343),.UNSPECIFIED.);
#1277=EDGE_CURVE('',#1263,#1271,#1276,.T.);
#1278=ORIENTED_EDGE('',*,*,#1277,.T.);
#1279=CARTESIAN_POINT('',(9.937416594,6.62038724,29.766408297));
#1280=DIRECTION('',(-0.104528463,0.,-0.994521895));
#1281=VECTOR('',#1280,17.411724277);
#1282=LINE('',#1279,#1281);
#1283=EDGE_CURVE('',#1271,#412,#1282,.T.);
#1284=ORIENTED_EDGE('',*,*,#1283,.T.);
#1285=ORIENTED_EDGE('',*,*,#417,.F.);
#1286=CARTESIAN_POINT('',(8.713208053,21.245391777,18.118842071));
#1287=VERTEX_POINT('',#1286);
#1288=CARTESIAN_POINT('',(8.117395813,21.24538724,12.450067267));
#1289=DIRECTION('',(0.104528463,-0.,0.994521895));
#1290=VECTOR('',#1289,5.7);
#1291=LINE('',#1288,#1290);
#1292=EDGE_CURVE('',#403,#1287,#1291,.T.);
#1293=ORIENTED_EDGE('',*,*,#1292,.T.);
#1294=CARTESIAN_POINT('',(8.713208053,28.445382704,18.118842071));
#1295=VERTEX_POINT('',#1294);
#1296=CARTESIAN_POINT('',(8.713208053,28.445382704,18.118842071));
#1297=DIRECTION('',(0.,-1.,-0.));
#1298=VECTOR('',#1297,7.199990927);
#1299=LINE('',#1296,#1298);
#1300=EDGE_CURVE('',#1295,#1287,#1299,.T.);
#1301=ORIENTED_EDGE('',*,*,#1300,.F.);
#1302=CARTESIAN_POINT('',(8.713208053,28.44538724,18.118842071));
#1303=DIRECTION('',(-0.104528463,0.,-0.994521895));
#1304=VECTOR('',#1303,5.7);
#1305=LINE('',#1302,#1304);
#1306=EDGE_CURVE('',#1295,#368,#1305,.T.);
#1307=ORIENTED_EDGE('',*,*,#1306,.T.);
#1308=ORIENTED_EDGE('',*,*,#373,.F.);
#1309=CARTESIAN_POINT('',(8.713208053,135.545391777,18.118842071));
#1310=VERTEX_POINT('',#1309);
#1311=CARTESIAN_POINT('',(8.117395813,135.54538724,12.450067267));
#1312=DIRECTION('',(0.104528463,-0.,0.994521895));
#1313=VECTOR('',#1312,5.7);
#1314=LINE('',#1311,#1313);
#1315=EDGE_CURVE('',#359,#1310,#1314,.T.);
#1316=ORIENTED_EDGE('',*,*,#1315,.T.);
#1317=CARTESIAN_POINT('',(8.713208053,142.745382704,18.118842071));
#1318=VERTEX_POINT('',#1317);
#1319=CARTESIAN_POINT('',(8.713208053,142.745382704,18.118842071));
#1320=DIRECTION('',(0.,-1.,-0.));
#1321=VECTOR('',#1320,7.199990927);
#1322=LINE('',#1319,#1321);
#1323=EDGE_CURVE('',#1318,#1310,#1322,.T.);
#1324=ORIENTED_EDGE('',*,*,#1323,.F.);
#1325=CARTESIAN_POINT('',(8.713208053,142.74538724,18.118842071));
#1326=DIRECTION('',(-0.104528463,0.,-0.994521895));
#1327=VECTOR('',#1326,5.7);
#1328=LINE('',#1325,#1327);
#1329=EDGE_CURVE('',#1318,#324,#1328,.T.);
#1330=ORIENTED_EDGE('',*,*,#1329,.T.);
#1331=ORIENTED_EDGE('',*,*,#329,.F.);
#1332=CARTESIAN_POINT('',(7.594753496,151.19538724,7.47745779));
#1333=VERTEX_POINT('',#1332);
#1334=CARTESIAN_POINT('',(8.117395813,151.19538724,12.450067267));
#1335=DIRECTION('',(-0.104528463,0.,-0.994521895));
#1336=VECTOR('',#1335,5.);
#1337=LINE('',#1334,#1336);
#1338=EDGE_CURVE('',#315,#1333,#1337,.T.);
#1339=ORIENTED_EDGE('',*,*,#1338,.T.);
#1340=CARTESIAN_POINT('',(7.594753496,154.79538724,7.47745779));
#1341=VERTEX_POINT('',#1340);
#1342=CARTESIAN_POINT('',(7.594753496,154.79538724,7.47745779));
#1343=DIRECTION('',(0.,-1.,-0.));
#1344=VECTOR('',#1343,3.6);
#1345=LINE('',#1342,#1344);
#1346=EDGE_CURVE('',#1341,#1333,#1345,.T.);
#1347=ORIENTED_EDGE('',*,*,#1346,.F.);
#1348=CARTESIAN_POINT('',(7.542489265,154.79538724,6.980196843));
#1349=VERTEX_POINT('',#1348);
#1350=CARTESIAN_POINT('',(7.594753496,154.79538724,7.47745779));
#1351=DIRECTION('',(-0.104528463,0.,-0.994521895));
#1352=VECTOR('',#1351,0.5);
#1353=LINE('',#1350,#1352);
#1354=EDGE_CURVE('',#1341,#1349,#1353,.T.);
#1355=ORIENTED_EDGE('',*,*,#1354,.T.);
#1356=CARTESIAN_POINT('',(7.542489265,161.59538724,6.980196843));
#1357=VERTEX_POINT('',#1356);
#1358=CARTESIAN_POINT('',(7.542489265,161.59538724,6.980196843));
#1359=DIRECTION('',(0.,-1.,-0.));
#1360=VECTOR('',#1359,6.8);
#1361=LINE('',#1358,#1360);
#1362=EDGE_CURVE('',#1357,#1349,#1361,.T.);
#1363=ORIENTED_EDGE('',*,*,#1362,.F.);
#1364=CARTESIAN_POINT('',(7.594753496,161.59538724,7.47745779));
#1365=VERTEX_POINT('',#1364);
#1366=CARTESIAN_POINT('',(7.542489265,161.59538724,6.980196843));
#1367=DIRECTION('',(0.104528463,-0.,0.994521895));
#1368=VECTOR('',#1367,0.5);
#1369=LINE('',#1366,#1368);
#1370=EDGE_CURVE('',#1357,#1365,#1369,.T.);
#1371=ORIENTED_EDGE('',*,*,#1370,.T.);
#1372=CARTESIAN_POINT('',(7.594753496,165.19538724,7.47745779));
#1373=VERTEX_POINT('',#1372);
#1374=CARTESIAN_POINT('',(7.594753496,165.19538724,7.47745779));
#1375=DIRECTION('',(0.,-1.,-0.));
#1376=VECTOR('',#1375,3.6);
#1377=LINE('',#1374,#1376);
#1378=EDGE_CURVE('',#1373,#1365,#1377,.T.);
#1379=ORIENTED_EDGE('',*,*,#1378,.F.);
#1380=CARTESIAN_POINT('',(7.594753496,165.19538724,7.47745779));
#1381=DIRECTION('',(0.104528463,-0.,0.994521895));
#1382=VECTOR('',#1381,5.);
#1383=LINE('',#1380,#1382);
#1384=EDGE_CURVE('',#1373,#222,#1383,.T.);
#1385=ORIENTED_EDGE('',*,*,#1384,.T.);
#1386=ORIENTED_EDGE('',*,*,#227,.F.);
#1387=CARTESIAN_POINT('',(8.713208053,287.945391777,18.118842071));
#1388=VERTEX_POINT('',#1387);
#1389=CARTESIAN_POINT('',(8.117395813,287.94538724,12.450067267));
#1390=DIRECTION('',(0.104528463,-0.,0.994521895));
#1391=VECTOR('',#1390,5.7);
#1392=LINE('',#1389,#1391);
#1393=EDGE_CURVE('',#213,#1388,#1392,.T.);
#1394=ORIENTED_EDGE('',*,*,#1393,.T.);
#1395=CARTESIAN_POINT('',(8.713208053,295.145382704,18.118842071));
#1396=VERTEX_POINT('',#1395);
#1397=CARTESIAN_POINT('',(8.713208053,295.145382704,18.118842071));
#1398=DIRECTION('',(0.,-1.,-0.));
#1399=VECTOR('',#1398,7.199990927);
#1400=LINE('',#1397,#1399);
#1401=EDGE_CURVE('',#1396,#1388,#1400,.T.);
#1402=ORIENTED_EDGE('',*,*,#1401,.F.);
#1403=CARTESIAN_POINT('',(8.713208053,295.14538724,18.118842071));
#1404=DIRECTION('',(-0.104528463,0.,-0.994521895));
#1405=VECTOR('',#1404,5.7);
#1406=LINE('',#1403,#1405);
#1407=EDGE_CURVE('',#1396,#178,#1406,.T.);
#1408=ORIENTED_EDGE('',*,*,#1407,.T.);
#1409=ORIENTED_EDGE('',*,*,#183,.F.);
#1410=EDGE_LOOP('',(#1252,#1261,#1269,#1278,#1284,#1285,#1293,#1301,#1307,#1308,#1316,#1324,#1330,#1331,#1339,#1347,#1355,#1363,#1371,#1379,#1385,#1386,#1394,#1402,#1408,#1409));
#1411=FACE_BOUND('',#1410,.T.);
#1412=ADVANCED_FACE('',(#1244,#1411),#1174,.F.);
#1413=CARTESIAN_POINT('',(334.208438613,308.55788724,-23.331744833));
#1414=DIRECTION('',(-0.104528463,-0.,-0.994521895));
#1415=DIRECTION('',(-0.994521895,0.,0.104528463));
#1416=AXIS2_PLACEMENT_3D('',#1413,#1414,#1415);
#1417=PLANE('',#1416);
#1418=CARTESIAN_POINT('',(3.435528494,315.07038724,11.433888932));
#1419=VERTEX_POINT('',#1418);
#1420=CARTESIAN_POINT('',(3.435528494,315.07038724,11.433888932));
#1421=DIRECTION('',(0.994521895,-0.,-0.104528463));
#1422=VECTOR('',#1421,100.95);
#1423=LINE('',#1420,#1422);
#1424=EDGE_CURVE('',#1419,#940,#1423,.T.);
#1425=ORIENTED_EDGE('',*,*,#1424,.T.);
#1426=ORIENTED_EDGE('',*,*,#945,.F.);
#1427=CARTESIAN_POINT('',(9.402659866,301.54538724,10.806718152));
#1428=VERTEX_POINT('',#1427);
#1429=CARTESIAN_POINT('',(103.832513831,301.54538724,0.881740565));
#1430=DIRECTION('',(-0.994521895,0.,0.104528463));
#1431=VECTOR('',#1430,94.95);
#1432=LINE('',#1429,#1431);
#1433=EDGE_CURVE('',#932,#1428,#1432,.T.);
#1434=ORIENTED_EDGE('',*,*,#1433,.T.);
#1435=CARTESIAN_POINT('',(7.164985602,299.29538724,11.041907195));
#1436=VERTEX_POINT('',#1435);
#1437=CARTESIAN_POINT('',(9.402659866,299.29538724,10.806718152));
#1438=DIRECTION('',(0.104528463,-0.,0.994521895));
#1439=DIRECTION('',(-0.994521895,0.,0.104528463));
#1440=AXIS2_PLACEMENT_3D('',#1437,#1438,#1439);
#1441=CIRCLE('',#1440,2.25);
#1442=EDGE_CURVE('',#1428,#1436,#1441,.T.);
#1443=ORIENTED_EDGE('',*,*,#1442,.T.);
#1444=CARTESIAN_POINT('',(7.164985602,168.44538724,11.041907195));
#1445=VERTEX_POINT('',#1444);
#1446=CARTESIAN_POINT('',(7.164985602,299.29538724,11.041907195));
#1447=DIRECTION('',(-0.,-1.,0.));
#1448=VECTOR('',#1447,130.85);
#1449=LINE('',#1446,#1448);
#1450=EDGE_CURVE('',#1436,#1445,#1449,.T.);
#1451=ORIENTED_EDGE('',*,*,#1450,.T.);
#1452=CARTESIAN_POINT('',(1.695115177,168.44538724,11.616813743));
#1453=VERTEX_POINT('',#1452);
#1454=CARTESIAN_POINT('',(7.164985602,168.44538724,11.041907195));
#1455=DIRECTION('',(-0.994521895,0.,0.104528463));
#1456=VECTOR('',#1455,5.5);
#1457=LINE('',#1454,#1456);
#1458=EDGE_CURVE('',#1445,#1453,#1457,.T.);
#1459=ORIENTED_EDGE('',*,*,#1458,.T.);
#1460=CARTESIAN_POINT('',(1.695115177,313.32038724,11.616813743));
#1461=VERTEX_POINT('',#1460);
#1462=CARTESIAN_POINT('',(1.695115177,168.44538724,11.616813743));
#1463=DIRECTION('',(0.,1.,-0.));
#1464=VECTOR('',#1463,144.875);
#1465=LINE('',#1462,#1464);
#1466=EDGE_CURVE('',#1453,#1461,#1465,.T.);
#1467=ORIENTED_EDGE('',*,*,#1466,.T.);
#1468=CARTESIAN_POINT('',(3.435528494,313.32038724,11.433888932));
#1469=DIRECTION('',(-0.104528463,0.,-0.994521895));
#1470=DIRECTION('',(0.,1.,0.));
#1471=AXIS2_PLACEMENT_3D('',#1468,#1469,#1470);
#1472=CIRCLE('',#1471,1.75);
#1473=EDGE_CURVE('',#1461,#1419,#1472,.T.);
#1474=ORIENTED_EDGE('',*,*,#1473,.T.);
#1475=EDGE_LOOP('',(#1425,#1426,#1434,#1443,#1451,#1459,#1467,#1474));
#1476=FACE_BOUND('',#1475,.T.);
#1477=ADVANCED_FACE('',(#1476),#1417,.T.);
#1478=CARTESIAN_POINT('',(-324.820992487,162.86538724,45.688690012));
#1479=DIRECTION('',(0.,-1.,-0.));
#1480=DIRECTION('',(0.994521895,0.,-0.104528463));
#1481=AXIS2_PLACEMENT_3D('',#1478,#1479,#1480);
#1482=PLANE('',#1481);
#1483=CARTESIAN_POINT('',(7.17596109,162.86538724,11.146331994));
#1484=VERTEX_POINT('',#1483);
#1485=CARTESIAN_POINT('',(7.9715783,162.86538724,11.062706308));
#1486=DIRECTION('',(-0.994521895,-0.,0.104528463));
#1487=VECTOR('',#1486,0.8);
#1488=LINE('',#1485,#1487);
#1489=EDGE_CURVE('',#1186,#1484,#1488,.T.);
#1490=ORIENTED_EDGE('',*,*,#1489,.T.);
#1491=CARTESIAN_POINT('',(7.102791166,162.86538724,10.450166667));
#1492=VERTEX_POINT('',#1491);
#1493=CARTESIAN_POINT('',(7.102791166,162.86538724,10.450166667));
#1494=DIRECTION('',(0.104528463,-0.,0.994521895));
#1495=VECTOR('',#1494,0.7);
#1496=LINE('',#1493,#1495);
#1497=EDGE_CURVE('',#1492,#1484,#1496,.T.);
#1498=ORIENTED_EDGE('',*,*,#1497,.F.);
#1499=CARTESIAN_POINT('',(7.102791166,162.86538724,10.450166667));
#1500=DIRECTION('',(0.994521895,0.,-0.104528463));
#1501=VECTOR('',#1500,0.8);
#1502=LINE('',#1499,#1501);
#1503=EDGE_CURVE('',#1492,#1195,#1502,.T.);
#1504=ORIENTED_EDGE('',*,*,#1503,.T.);
#1505=ORIENTED_EDGE('',*,*,#1200,.F.);
#1506=EDGE_LOOP('',(#1490,#1498,#1504,#1505));
#1507=FACE_BOUND('',#1506,.T.);
#1508=ADVANCED_FACE('',(#1507),#1482,.T.);
#1509=CARTESIAN_POINT('',(-324.632318611,158.19538724,47.483802033));
#1510=DIRECTION('',(0.104528463,-0.,0.994521895));
#1511=DIRECTION('',(0.994521895,-0.,-0.104528463));
#1512=AXIS2_PLACEMENT_3D('',#1509,#1510,#1511);
#1513=PLANE('',#1512);
#1514=CARTESIAN_POINT('',(7.328050004,154.98038724,12.593361351));
#1515=VERTEX_POINT('',#1514);
#1516=CARTESIAN_POINT('',(7.328050004,161.41038724,12.593361351));
#1517=VERTEX_POINT('',#1516);
#1518=CARTESIAN_POINT('',(7.328050004,154.98038724,12.593361351));
#1519=DIRECTION('',(0.,1.,0.));
#1520=VECTOR('',#1519,6.43);
#1521=LINE('',#1518,#1520);
#1522=EDGE_CURVE('',#1515,#1517,#1521,.T.);
#1523=ORIENTED_EDGE('',*,*,#1522,.T.);
#1524=CARTESIAN_POINT('',(7.328050004,161.41038724,12.593361351));
#1525=DIRECTION('',(0.994521895,-0.,-0.104528463));
#1526=VECTOR('',#1525,0.8);
#1527=LINE('',#1524,#1526);
#1528=EDGE_CURVE('',#1517,#1176,#1527,.T.);
#1529=ORIENTED_EDGE('',*,*,#1528,.T.);
#1530=ORIENTED_EDGE('',*,*,#1183,.T.);
#1531=CARTESIAN_POINT('',(8.12366752,154.98038724,12.509738581));
#1532=DIRECTION('',(-0.994521895,0.,0.104528463));
#1533=VECTOR('',#1532,0.8);
#1534=LINE('',#1531,#1533);
#1535=EDGE_CURVE('',#1178,#1515,#1534,.T.);
#1536=ORIENTED_EDGE('',*,*,#1535,.T.);
#1537=EDGE_LOOP('',(#1523,#1529,#1530,#1536));
#1538=FACE_BOUND('',#1537,.T.);
#1539=ADVANCED_FACE('',(#1538),#1513,.F.);
#1540=CARTESIAN_POINT('',(-324.820992487,153.52538724,45.688690012));
#1541=DIRECTION('',(0.,-1.,-0.));
#1542=DIRECTION('',(0.994521895,0.,-0.104528463));
#1543=AXIS2_PLACEMENT_3D('',#1540,#1541,#1542);
#1544=PLANE('',#1543);
#1545=CARTESIAN_POINT('',(7.102791166,153.52538724,10.450166667));
#1546=VERTEX_POINT('',#1545);
#1547=CARTESIAN_POINT('',(7.17596109,153.52538724,11.146331994));
#1548=VERTEX_POINT('',#1547);
#1549=CARTESIAN_POINT('',(7.102791166,153.52538724,10.450166667));
#1550=DIRECTION('',(0.104528463,-0.,0.994521895));
#1551=VECTOR('',#1550,0.7);
#1552=LINE('',#1549,#1551);
#1553=EDGE_CURVE('',#1546,#1548,#1552,.T.);
#1554=ORIENTED_EDGE('',*,*,#1553,.T.);
#1555=CARTESIAN_POINT('',(7.17596109,153.52538724,11.146331994));
#1556=DIRECTION('',(0.994521895,0.,-0.104528463));
#1557=VECTOR('',#1556,0.8);
#1558=LINE('',#1555,#1557);
#1559=EDGE_CURVE('',#1548,#1229,#1558,.T.);
#1560=ORIENTED_EDGE('',*,*,#1559,.T.);
#1561=ORIENTED_EDGE('',*,*,#1234,.T.);
#1562=CARTESIAN_POINT('',(7.898408399,153.52538724,10.366541207));
#1563=DIRECTION('',(-0.994521895,-0.,0.104528463));
#1564=VECTOR('',#1563,0.8);
#1565=LINE('',#1562,#1564);
#1566=EDGE_CURVE('',#1220,#1546,#1565,.T.);
#1567=ORIENTED_EDGE('',*,*,#1566,.T.);
#1568=EDGE_LOOP('',(#1554,#1560,#1561,#1567));
#1569=FACE_BOUND('',#1568,.T.);
#1570=ADVANCED_FACE('',(#1569),#1544,.F.);
#1571=CARTESIAN_POINT('',(-324.784407525,161.41038724,46.036772675));
#1572=DIRECTION('',(0.994521895,0.,-0.104528463));
#1573=DIRECTION('',(-0.104528463,0.,-0.994521895));
#1574=AXIS2_PLACEMENT_3D('',#1571,#1572,#1573);
#1575=CYLINDRICAL_SURFACE('',#1574,1.455);
#1576=CARTESIAN_POINT('',(7.17596109,161.41038724,11.146331994));
#1577=DIRECTION('',(0.994521895,-0.,-0.104528463));
#1578=DIRECTION('',(0.104528463,0.,0.994521895));
#1579=AXIS2_PLACEMENT_3D('',#1576,#1577,#1578);
#1580=CIRCLE('',#1579,1.455);
#1581=EDGE_CURVE('',#1484,#1517,#1580,.T.);
#1582=ORIENTED_EDGE('',*,*,#1581,.F.);
#1583=ORIENTED_EDGE('',*,*,#1489,.F.);
#1584=ORIENTED_EDGE('',*,*,#1192,.F.);
#1585=ORIENTED_EDGE('',*,*,#1528,.F.);
#1586=EDGE_LOOP('',(#1582,#1583,#1584,#1585));
#1587=FACE_BOUND('',#1586,.T.);
#1588=ADVANCED_FACE('',(#1587),#1575,.F.);
#1589=CARTESIAN_POINT('',(-324.784407525,154.98038724,46.036772675));
#1590=DIRECTION('',(-0.994521895,-0.,0.104528463));
#1591=DIRECTION('',(0.104528463,-0.,0.994521895));
#1592=AXIS2_PLACEMENT_3D('',#1589,#1590,#1591);
#1593=CYLINDRICAL_SURFACE('',#1592,1.455);
#1594=CARTESIAN_POINT('',(7.17596109,154.98038724,11.146331994));
#1595=DIRECTION('',(0.994521895,-0.,-0.104528463));
#1596=DIRECTION('',(0.104528463,0.,0.994521895));
#1597=AXIS2_PLACEMENT_3D('',#1594,#1595,#1596);
#1598=CIRCLE('',#1597,1.455);
#1599=EDGE_CURVE('',#1515,#1548,#1598,.T.);
#1600=ORIENTED_EDGE('',*,*,#1599,.F.);
#1601=ORIENTED_EDGE('',*,*,#1535,.F.);
#1602=ORIENTED_EDGE('',*,*,#1241,.F.);
#1603=ORIENTED_EDGE('',*,*,#1559,.F.);
#1604=EDGE_LOOP('',(#1600,#1601,#1602,#1603));
#1605=FACE_BOUND('',#1604,.T.);
#1606=ADVANCED_FACE('',(#1605),#1593,.F.);
#1607=CARTESIAN_POINT('',(1.634430052,408.19538724,15.822819465));
#1608=DIRECTION('',(-0.994521895,0.,0.104528463));
#1609=DIRECTION('',(0.104528463,-0.,0.994521895));
#1610=AXIS2_PLACEMENT_3D('',#1607,#1608,#1609);
#1611=PLANE('',#1610);
#1612=CARTESIAN_POINT('',(1.250118461,3.07038724,12.166338922));
#1613=VERTEX_POINT('',#1612);
#1614=CARTESIAN_POINT('',(3.152536492,3.07038724,30.266637418));
#1615=VERTEX_POINT('',#1614);
#1616=CARTESIAN_POINT('',(1.250118461,3.07038724,12.166338922));
#1617=DIRECTION('',(0.104528463,-0.,0.994521895));
#1618=VECTOR('',#1617,18.2);
#1619=LINE('',#1616,#1618);
#1620=EDGE_CURVE('',#1613,#1615,#1619,.T.);
#1621=ORIENTED_EDGE('',*,*,#1620,.T.);
#1622=CARTESIAN_POINT('',(3.152536492,313.32038724,30.266637418));
#1623=VERTEX_POINT('',#1622);
#1624=CARTESIAN_POINT('',(3.152536492,3.07038724,30.266637418));
#1625=DIRECTION('',(0.,1.,0.));
#1626=VECTOR('',#1625,310.25);
#1627=LINE('',#1624,#1626);
#1628=EDGE_CURVE('',#1615,#1623,#1627,.T.);
#1629=ORIENTED_EDGE('',*,*,#1628,.T.);
#1630=CARTESIAN_POINT('',(1.250118461,313.32038724,12.166338922));
#1631=VERTEX_POINT('',#1630);
#1632=CARTESIAN_POINT('',(3.152536492,313.32038724,30.266637418));
#1633=DIRECTION('',(-0.104528463,0.,-0.994521895));
#1634=VECTOR('',#1633,18.2);
#1635=LINE('',#1632,#1634);
#1636=EDGE_CURVE('',#1623,#1631,#1635,.T.);
#1637=ORIENTED_EDGE('',*,*,#1636,.T.);
#1638=CARTESIAN_POINT('',(1.250118461,168.44538724,12.166338922));
#1639=VERTEX_POINT('',#1638);
#1640=CARTESIAN_POINT('',(1.250118461,313.32038724,12.166338922));
#1641=DIRECTION('',(-0.,-1.,-0.));
#1642=VECTOR('',#1641,144.875);
#1643=LINE('',#1640,#1642);
#1644=EDGE_CURVE('',#1631,#1639,#1643,.T.);
#1645=ORIENTED_EDGE('',*,*,#1644,.T.);
#1646=CARTESIAN_POINT('',(1.433043272,166.69538724,13.906752239));
#1647=VERTEX_POINT('',#1646);
#1648=CARTESIAN_POINT('',(1.433043272,168.44538724,13.906752239));
#1649=DIRECTION('',(-0.994521895,0.,0.104528463));
#1650=DIRECTION('',(-0.104528463,0.,-0.994521895));
#1651=AXIS2_PLACEMENT_3D('',#1648,#1649,#1650);
#1652=CIRCLE('',#1651,1.75);
#1653=EDGE_CURVE('',#1639,#1647,#1652,.T.);
#1654=ORIENTED_EDGE('',*,*,#1653,.T.);
#1655=CARTESIAN_POINT('',(1.453948964,166.69538724,14.105656618));
#1656=VERTEX_POINT('',#1655);
#1657=CARTESIAN_POINT('',(1.433043272,166.69538724,13.906752239));
#1658=DIRECTION('',(0.104528463,-0.,0.994521895));
#1659=VECTOR('',#1658,0.2);
#1660=LINE('',#1657,#1659);
#1661=EDGE_CURVE('',#1647,#1656,#1660,.T.);
#1662=ORIENTED_EDGE('',*,*,#1661,.T.);
#1663=CARTESIAN_POINT('',(1.741402238,163.94538724,16.84059183));
#1664=VERTEX_POINT('',#1663);
#1665=CARTESIAN_POINT('',(1.453948964,163.94538724,14.105656618));
#1666=DIRECTION('',(0.994521895,-0.,-0.104528463));
#1667=DIRECTION('',(0.104528463,-0.,0.994521895));
#1668=AXIS2_PLACEMENT_3D('',#1665,#1666,#1667);
#1669=CIRCLE('',#1668,2.75);
#1670=EDGE_CURVE('',#1656,#1664,#1669,.T.);
#1671=ORIENTED_EDGE('',*,*,#1670,.T.);
#1672=CARTESIAN_POINT('',(1.741402238,152.44538724,16.84059183));
#1673=VERTEX_POINT('',#1672);
#1674=CARTESIAN_POINT('',(1.741402238,163.94538724,16.84059183));
#1675=DIRECTION('',(-0.,-1.,-0.));
#1676=VECTOR('',#1675,11.5);
#1677=LINE('',#1674,#1676);
#1678=EDGE_CURVE('',#1664,#1673,#1677,.T.);
#1679=ORIENTED_EDGE('',*,*,#1678,.T.);
#1680=CARTESIAN_POINT('',(1.453948964,149.69538724,14.105656618));
#1681=VERTEX_POINT('',#1680);
#1682=CARTESIAN_POINT('',(1.453948964,152.44538724,14.105656618));
#1683=DIRECTION('',(0.994521895,-0.,-0.104528463));
#1684=DIRECTION('',(0.104528463,-0.,0.994521895));
#1685=AXIS2_PLACEMENT_3D('',#1682,#1683,#1684);
#1686=CIRCLE('',#1685,2.75);
#1687=EDGE_CURVE('',#1673,#1681,#1686,.T.);
#1688=ORIENTED_EDGE('',*,*,#1687,.T.);
#1689=CARTESIAN_POINT('',(1.433043272,149.69538724,13.906752239));
#1690=VERTEX_POINT('',#1689);
#1691=CARTESIAN_POINT('',(1.453948964,149.69538724,14.105656618));
#1692=DIRECTION('',(-0.104528463,0.,-0.994521895));
#1693=VECTOR('',#1692,0.2);
#1694=LINE('',#1691,#1693);
#1695=EDGE_CURVE('',#1681,#1690,#1694,.T.);
#1696=ORIENTED_EDGE('',*,*,#1695,.T.);
#1697=CARTESIAN_POINT('',(1.250118461,147.94538724,12.166338922));
#1698=VERTEX_POINT('',#1697);
#1699=CARTESIAN_POINT('',(1.433043272,147.94538724,13.906752239));
#1700=DIRECTION('',(-0.994521895,0.,0.104528463));
#1701=DIRECTION('',(-0.104528463,0.,-0.994521895));
#1702=AXIS2_PLACEMENT_3D('',#1699,#1700,#1701);
#1703=CIRCLE('',#1702,1.75);
#1704=EDGE_CURVE('',#1690,#1698,#1703,.T.);
#1705=ORIENTED_EDGE('',*,*,#1704,.T.);
#1706=CARTESIAN_POINT('',(1.250118461,147.94538724,12.166338922));
#1707=DIRECTION('',(-0.,-1.,-0.));
#1708=VECTOR('',#1707,144.875);
#1709=LINE('',#1706,#1708);
#1710=EDGE_CURVE('',#1698,#1613,#1709,.T.);
#1711=ORIENTED_EDGE('',*,*,#1710,.T.);
#1712=EDGE_LOOP('',(#1621,#1629,#1637,#1645,#1654,#1662,#1671,#1679,#1688,#1696,#1705,#1711));
#1713=FACE_BOUND('',#1712,.T.);
#1714=ADVANCED_FACE('',(#1713),#1611,.T.);
#1715=CARTESIAN_POINT('',(7.601561424,158.19538724,15.195648686));
#1716=DIRECTION('',(-0.994521895,0.,0.104528463));
#1717=DIRECTION('',(-0.,-1.,0.));
#1718=AXIS2_PLACEMENT_3D('',#1715,#1716,#1717);
#1719=PLANE('',#1718);
#1720=ORIENTED_EDGE('',*,*,#1497,.T.);
#1721=ORIENTED_EDGE('',*,*,#1581,.T.);
#1722=ORIENTED_EDGE('',*,*,#1522,.F.);
#1723=ORIENTED_EDGE('',*,*,#1599,.T.);
#1724=ORIENTED_EDGE('',*,*,#1553,.F.);
#1725=CARTESIAN_POINT('',(6.950702252,154.98038724,9.003137309));
#1726=VERTEX_POINT('',#1725);
#1727=CARTESIAN_POINT('',(7.102791166,154.98038724,10.450166667));
#1728=DIRECTION('',(0.994521895,-0.,-0.104528463));
#1729=DIRECTION('',(0.104528463,0.,0.994521895));
#1730=AXIS2_PLACEMENT_3D('',#1727,#1728,#1729);
#1731=CIRCLE('',#1730,1.455);
#1732=EDGE_CURVE('',#1546,#1726,#1731,.T.);
#1733=ORIENTED_EDGE('',*,*,#1732,.T.);
#1734=CARTESIAN_POINT('',(6.950702252,161.41038724,9.003137309));
#1735=VERTEX_POINT('',#1734);
#1736=CARTESIAN_POINT('',(6.950702252,154.98038724,9.003137309));
#1737=DIRECTION('',(0.,1.,0.));
#1738=VECTOR('',#1737,6.43);
#1739=LINE('',#1736,#1738);
#1740=EDGE_CURVE('',#1726,#1735,#1739,.T.);
#1741=ORIENTED_EDGE('',*,*,#1740,.T.);
#1742=CARTESIAN_POINT('',(7.102791166,161.41038724,10.450166667));
#1743=DIRECTION('',(0.994521895,-0.,-0.104528463));
#1744=DIRECTION('',(0.104528463,0.,0.994521895));
#1745=AXIS2_PLACEMENT_3D('',#1742,#1743,#1744);
#1746=CIRCLE('',#1745,1.455);
#1747=EDGE_CURVE('',#1735,#1492,#1746,.T.);
#1748=ORIENTED_EDGE('',*,*,#1747,.T.);
#1749=EDGE_LOOP('',(#1720,#1721,#1722,#1723,#1724,#1733,#1741,#1748));
#1750=FACE_BOUND('',#1749,.T.);
#1751=CARTESIAN_POINT('',(6.149373289,299.29538724,1.379001513));
#1752=VERTEX_POINT('',#1751);
#1753=CARTESIAN_POINT('',(7.164985602,299.29538724,11.041907195));
#1754=DIRECTION('',(-0.104528463,0.,-0.994521895));
#1755=VECTOR('',#1754,9.716131668);
#1756=LINE('',#1753,#1755);
#1757=EDGE_CURVE('',#1436,#1752,#1756,.T.);
#1758=ORIENTED_EDGE('',*,*,#1757,.T.);
#1759=CARTESIAN_POINT('',(6.149373289,17.09538724,1.379001513));
#1760=VERTEX_POINT('',#1759);
#1761=CARTESIAN_POINT('',(6.149373289,299.29538724,1.379001513));
#1762=DIRECTION('',(-0.,-1.,0.));
#1763=VECTOR('',#1762,282.2);
#1764=LINE('',#1761,#1763);
#1765=EDGE_CURVE('',#1752,#1760,#1764,.T.);
#1766=ORIENTED_EDGE('',*,*,#1765,.T.);
#1767=CARTESIAN_POINT('',(7.164985602,17.09538724,11.041907195));
#1768=VERTEX_POINT('',#1767);
#1769=CARTESIAN_POINT('',(6.149373289,17.09538724,1.379001513));
#1770=DIRECTION('',(0.104528463,-0.,0.994521895));
#1771=VECTOR('',#1770,9.716131668);
#1772=LINE('',#1769,#1771);
#1773=EDGE_CURVE('',#1760,#1768,#1772,.T.);
#1774=ORIENTED_EDGE('',*,*,#1773,.T.);
#1775=CARTESIAN_POINT('',(7.164985602,147.94538724,11.041907195));
#1776=VERTEX_POINT('',#1775);
#1777=CARTESIAN_POINT('',(7.164985602,147.94538724,11.041907195));
#1778=DIRECTION('',(-0.,-1.,0.));
#1779=VECTOR('',#1778,130.85);
#1780=LINE('',#1777,#1779);
#1781=EDGE_CURVE('',#1776,#1768,#1780,.T.);
#1782=ORIENTED_EDGE('',*,*,#1781,.F.);
#1783=CARTESIAN_POINT('',(7.400174644,150.19538724,13.279581459));
#1784=VERTEX_POINT('',#1783);
#1785=CARTESIAN_POINT('',(7.400174644,147.94538724,13.279581459));
#1786=DIRECTION('',(0.994521895,-0.,-0.104528463));
#1787=DIRECTION('',(0.104528463,-0.,0.994521895));
#1788=AXIS2_PLACEMENT_3D('',#1785,#1786,#1787);
#1789=CIRCLE('',#1788,2.25);
#1790=EDGE_CURVE('',#1776,#1784,#1789,.T.);
#1791=ORIENTED_EDGE('',*,*,#1790,.T.);
#1792=CARTESIAN_POINT('',(7.421080337,150.19538724,13.478485838));
#1793=VERTEX_POINT('',#1792);
#1794=CARTESIAN_POINT('',(7.421080337,150.19538724,13.478485838));
#1795=DIRECTION('',(-0.104528463,-0.,-0.994521895));
#1796=VECTOR('',#1795,0.2);
#1797=LINE('',#1794,#1796);
#1798=EDGE_CURVE('',#1793,#1784,#1797,.T.);
#1799=ORIENTED_EDGE('',*,*,#1798,.F.);
#1800=CARTESIAN_POINT('',(7.656269379,152.44538724,15.716160103));
#1801=VERTEX_POINT('',#1800);
#1802=CARTESIAN_POINT('',(7.421080337,152.44538724,13.478485838));
#1803=DIRECTION('',(-0.994521895,0.,0.104528463));
#1804=DIRECTION('',(-0.104528463,0.,-0.994521895));
#1805=AXIS2_PLACEMENT_3D('',#1802,#1803,#1804);
#1806=CIRCLE('',#1805,2.25);
#1807=EDGE_CURVE('',#1793,#1801,#1806,.T.);
#1808=ORIENTED_EDGE('',*,*,#1807,.T.);
#1809=CARTESIAN_POINT('',(7.656269379,163.94538724,15.716160103));
#1810=VERTEX_POINT('',#1809);
#1811=CARTESIAN_POINT('',(7.656269379,163.94538724,15.716160103));
#1812=DIRECTION('',(-0.,-1.,-0.));
#1813=VECTOR('',#1812,11.5);
#1814=LINE('',#1811,#1813);
#1815=EDGE_CURVE('',#1810,#1801,#1814,.T.);
#1816=ORIENTED_EDGE('',*,*,#1815,.F.);
#1817=CARTESIAN_POINT('',(7.421080337,166.19538724,13.478485838));
#1818=VERTEX_POINT('',#1817);
#1819=CARTESIAN_POINT('',(7.421080337,163.94538724,13.478485838));
#1820=DIRECTION('',(-0.994521895,0.,0.104528463));
#1821=DIRECTION('',(0.104528463,-0.,0.994521895));
#1822=AXIS2_PLACEMENT_3D('',#1819,#1820,#1821);
#1823=CIRCLE('',#1822,2.25);
#1824=EDGE_CURVE('',#1810,#1818,#1823,.T.);
#1825=ORIENTED_EDGE('',*,*,#1824,.T.);
#1826=CARTESIAN_POINT('',(7.400174644,166.19538724,13.279581459));
#1827=VERTEX_POINT('',#1826);
#1828=CARTESIAN_POINT('',(7.421080337,166.19538724,13.478485838));
#1829=DIRECTION('',(-0.104528463,0.,-0.994521895));
#1830=VECTOR('',#1829,0.2);
#1831=LINE('',#1828,#1830);
#1832=EDGE_CURVE('',#1818,#1827,#1831,.T.);
#1833=ORIENTED_EDGE('',*,*,#1832,.T.);
#1834=CARTESIAN_POINT('',(7.400174644,168.44538724,13.279581459));
#1835=DIRECTION('',(0.994521895,-0.,-0.104528463));
#1836=DIRECTION('',(-0.104528463,0.,-0.994521895));
#1837=AXIS2_PLACEMENT_3D('',#1834,#1835,#1836);
#1838=CIRCLE('',#1837,2.25);
#1839=EDGE_CURVE('',#1827,#1445,#1838,.T.);
#1840=ORIENTED_EDGE('',*,*,#1839,.T.);
#1841=ORIENTED_EDGE('',*,*,#1450,.F.);
#1842=EDGE_LOOP('',(#1758,#1766,#1774,#1782,#1791,#1799,#1808,#1816,#1825,#1833,#1840,#1841));
#1843=FACE_BOUND('',#1842,.T.);
#1844=ADVANCED_FACE('',(#1750,#1843),#1719,.T.);
#1845=CARTESIAN_POINT('',(15.722431854,148.74538724,6.120450232));
#1846=DIRECTION('',(0.,-1.,-0.));
#1847=DIRECTION('',(0.994521895,0.,-0.104528463));
#1848=AXIS2_PLACEMENT_3D('',#1845,#1846,#1847);
#1849=PLANE('',#1848);
#1850=CARTESIAN_POINT('',(17.490246355,148.74538724,6.437399581));
#1851=VERTEX_POINT('',#1850);
#1852=CARTESIAN_POINT('',(18.882577009,148.74538724,6.291059732));
#1853=VERTEX_POINT('',#1852);
#1854=CARTESIAN_POINT('',(17.490246355,148.74538724,6.437399581));
#1855=DIRECTION('',(0.994521895,0.,-0.104528463));
#1856=VECTOR('',#1855,1.4);
#1857=LINE('',#1854,#1856);
#1858=EDGE_CURVE('',#1851,#1853,#1857,.T.);
#1859=ORIENTED_EDGE('',*,*,#1858,.T.);
#1860=CARTESIAN_POINT('',(18.830312777,148.74538724,5.793798784));
#1861=VERTEX_POINT('',#1860);
#1862=CARTESIAN_POINT('',(18.882577009,148.74538724,6.291059732));
#1863=DIRECTION('',(-0.104528463,0.,-0.994521895));
#1864=VECTOR('',#1863,0.5);
#1865=LINE('',#1862,#1864);
#1866=EDGE_CURVE('',#1853,#1861,#1865,.T.);
#1867=ORIENTED_EDGE('',*,*,#1866,.T.);
#1868=CARTESIAN_POINT('',(13.559346732,148.74538724,6.34779964));
#1869=VERTEX_POINT('',#1868);
#1870=CARTESIAN_POINT('',(13.559346732,148.74538724,6.34779964));
#1871=DIRECTION('',(0.994521895,0.,-0.104528463));
#1872=VECTOR('',#1871,5.3);
#1873=LINE('',#1870,#1872);
#1874=EDGE_CURVE('',#1869,#1861,#1873,.T.);
#1875=ORIENTED_EDGE('',*,*,#1874,.F.);
#1876=CARTESIAN_POINT('',(13.611610963,148.74538724,6.845060587));
#1877=VERTEX_POINT('',#1876);
#1878=CARTESIAN_POINT('',(13.559346732,148.74538724,6.34779964));
#1879=DIRECTION('',(0.104528463,-0.,0.994521895));
#1880=VECTOR('',#1879,0.5);
#1881=LINE('',#1878,#1880);
#1882=EDGE_CURVE('',#1869,#1877,#1881,.T.);
#1883=ORIENTED_EDGE('',*,*,#1882,.T.);
#1884=CARTESIAN_POINT('',(10.03133214,148.74538724,7.221363055));
#1885=VERTEX_POINT('',#1884);
#1886=CARTESIAN_POINT('',(10.03133214,148.74538724,7.221363055));
#1887=DIRECTION('',(0.994521895,0.,-0.104528463));
#1888=VECTOR('',#1887,3.6);
#1889=LINE('',#1886,#1888);
#1890=EDGE_CURVE('',#1885,#1877,#1889,.T.);
#1891=ORIENTED_EDGE('',*,*,#1890,.F.);
#1892=CARTESIAN_POINT('',(10.03133214,148.74538724,7.221363055));
#1893=DIRECTION('',(0.104528463,-0.,0.994521895));
#1894=VECTOR('',#1893,5.);
#1895=LINE('',#1892,#1894);
#1896=EDGE_CURVE('',#1885,#307,#1895,.T.);
#1897=ORIENTED_EDGE('',*,*,#1896,.T.);
#1898=ORIENTED_EDGE('',*,*,#312,.T.);
#1899=CARTESIAN_POINT('',(18.012888672,148.74538724,11.410009058));
#1900=DIRECTION('',(-0.104528463,0.,-0.994521895));
#1901=VECTOR('',#1900,5.);
#1902=LINE('',#1899,#1901);
#1903=EDGE_CURVE('',#298,#1851,#1902,.T.);
#1904=ORIENTED_EDGE('',*,*,#1903,.T.);
#1905=EDGE_LOOP('',(#1859,#1867,#1875,#1883,#1891,#1897,#1898,#1904));
#1906=FACE_BOUND('',#1905,.T.);
#1907=ADVANCED_FACE('',(#1906),#1849,.F.);
#1908=CARTESIAN_POINT('',(20.620452189,150.97038724,5.605647551));
#1909=DIRECTION('',(0.994521895,-0.,-0.104528463));
#1910=DIRECTION('',(-0.104528463,0.,-0.994521895));
#1911=AXIS2_PLACEMENT_3D('',#1908,#1909,#1910);
#1912=PLANE('',#1911);
#1913=CARTESIAN_POINT('',(20.620452189,150.54538724,5.605647551));
#1914=VERTEX_POINT('',#1913);
#1915=CARTESIAN_POINT('',(20.620452189,151.19538724,5.605647551));
#1916=VERTEX_POINT('',#1915);
#1917=CARTESIAN_POINT('',(20.620452189,150.54538724,5.605647551));
#1918=DIRECTION('',(0.,1.,0.));
#1919=VECTOR('',#1918,0.65);
#1920=LINE('',#1917,#1919);
#1921=EDGE_CURVE('',#1914,#1916,#1920,.T.);
#1922=ORIENTED_EDGE('',*,*,#1921,.F.);
#1923=CARTESIAN_POINT('',(20.67271642,150.54538724,6.102908498));
#1924=VERTEX_POINT('',#1923);
#1925=CARTESIAN_POINT('',(20.620452189,150.54538724,5.605647551));
#1926=DIRECTION('',(0.104528463,-0.,0.994521895));
#1927=VECTOR('',#1926,0.5);
#1928=LINE('',#1925,#1927);
#1929=EDGE_CURVE('',#1914,#1924,#1928,.T.);
#1930=ORIENTED_EDGE('',*,*,#1929,.T.);
#1931=CARTESIAN_POINT('',(20.67271642,151.19538724,6.102908498));
#1932=VERTEX_POINT('',#1931);
#1933=CARTESIAN_POINT('',(20.67271642,150.54538724,6.102908498));
#1934=DIRECTION('',(0.,1.,0.));
#1935=VECTOR('',#1934,0.65);
#1936=LINE('',#1933,#1935);
#1937=EDGE_CURVE('',#1924,#1932,#1936,.T.);
#1938=ORIENTED_EDGE('',*,*,#1937,.T.);
#1939=CARTESIAN_POINT('',(20.67271642,151.19538724,6.102908498));
#1940=DIRECTION('',(-0.104528463,0.,-0.994521895));
#1941=VECTOR('',#1940,0.5);
#1942=LINE('',#1939,#1941);
#1943=EDGE_CURVE('',#1932,#1916,#1942,.T.);
#1944=ORIENTED_EDGE('',*,*,#1943,.T.);
#1945=EDGE_LOOP('',(#1922,#1930,#1938,#1944));
#1946=FACE_BOUND('',#1945,.T.);
#1947=ADVANCED_FACE('',(#1946),#1912,.F.);
#1948=CARTESIAN_POINT('',(22.634359027,152.99538724,5.393977412));
#1949=DIRECTION('',(0.,1.,0.));
#1950=DIRECTION('',(-0.104528463,0.,-0.994521895));
#1951=AXIS2_PLACEMENT_3D('',#1948,#1949,#1950);
#1952=PLANE('',#1951);
#1953=CARTESIAN_POINT('',(22.910390685,152.99538724,5.867719456));
#1954=VERTEX_POINT('',#1953);
#1955=CARTESIAN_POINT('',(22.462855832,152.99538724,5.914757264));
#1956=VERTEX_POINT('',#1955);
#1957=CARTESIAN_POINT('',(22.910390685,152.99538724,5.867719456));
#1958=DIRECTION('',(-0.994521895,0.,0.104528463));
#1959=VECTOR('',#1958,0.45);
#1960=LINE('',#1957,#1959);
#1961=EDGE_CURVE('',#1954,#1956,#1960,.T.);
#1962=ORIENTED_EDGE('',*,*,#1961,.F.);
#1963=CARTESIAN_POINT('',(22.858126453,152.99538724,5.370458508));
#1964=VERTEX_POINT('',#1963);
#1965=CARTESIAN_POINT('',(22.910390685,152.99538724,5.867719456));
#1966=DIRECTION('',(-0.104528463,0.,-0.994521895));
#1967=VECTOR('',#1966,0.5);
#1968=LINE('',#1965,#1967);
#1969=EDGE_CURVE('',#1954,#1964,#1968,.T.);
#1970=ORIENTED_EDGE('',*,*,#1969,.T.);
#1971=CARTESIAN_POINT('',(22.4105916,152.99538724,5.417496317));
#1972=VERTEX_POINT('',#1971);
#1973=CARTESIAN_POINT('',(22.858126453,152.99538724,5.370458508));
#1974=DIRECTION('',(-0.994521895,0.,0.104528463));
#1975=VECTOR('',#1974,0.45);
#1976=LINE('',#1973,#1975);
#1977=EDGE_CURVE('',#1964,#1972,#1976,.T.);
#1978=ORIENTED_EDGE('',*,*,#1977,.T.);
#1979=CARTESIAN_POINT('',(22.4105916,152.99538724,5.417496317));
#1980=DIRECTION('',(0.104528463,-0.,0.994521895));
#1981=VECTOR('',#1980,0.5);
#1982=LINE('',#1979,#1981);
#1983=EDGE_CURVE('',#1972,#1956,#1982,.T.);
#1984=ORIENTED_EDGE('',*,*,#1983,.T.);
#1985=EDGE_LOOP('',(#1962,#1970,#1978,#1984));
#1986=FACE_BOUND('',#1985,.T.);
#1987=ADVANCED_FACE('',(#1986),#1952,.T.);
#1988=CARTESIAN_POINT('',(24.648265865,158.19538724,5.182307274));
#1989=DIRECTION('',(-0.994521895,0.,0.104528463));
#1990=DIRECTION('',(0.104528463,-0.,0.994521895));
#1991=AXIS2_PLACEMENT_3D('',#1988,#1989,#1990);
#1992=PLANE('',#1991);
#1993=CARTESIAN_POINT('',(24.700530097,161.59538724,5.679568222));
#1994=VERTEX_POINT('',#1993);
#1995=CARTESIAN_POINT('',(24.700530097,154.79538724,5.679568222));
#1996=VERTEX_POINT('',#1995);
#1997=CARTESIAN_POINT('',(24.700530097,161.59538724,5.679568222));
#1998=DIRECTION('',(-0.,-1.,-0.));
#1999=VECTOR('',#1998,6.8);
#2000=LINE('',#1997,#1999);
#2001=EDGE_CURVE('',#1994,#1996,#2000,.T.);
#2002=ORIENTED_EDGE('',*,*,#2001,.F.);
#2003=CARTESIAN_POINT('',(24.648265865,161.59538724,5.182307274));
#2004=VERTEX_POINT('',#2003);
#2005=CARTESIAN_POINT('',(24.700530097,161.59538724,5.679568222));
#2006=DIRECTION('',(-0.104528463,0.,-0.994521895));
#2007=VECTOR('',#2006,0.5);
#2008=LINE('',#2005,#2007);
#2009=EDGE_CURVE('',#1994,#2004,#2008,.T.);
#2010=ORIENTED_EDGE('',*,*,#2009,.T.);
#2011=CARTESIAN_POINT('',(24.648265865,154.79538724,5.182307274));
#2012=VERTEX_POINT('',#2011);
#2013=CARTESIAN_POINT('',(24.648265865,161.59538724,5.182307274));
#2014=DIRECTION('',(-0.,-1.,-0.));
#2015=VECTOR('',#2014,6.8);
#2016=LINE('',#2013,#2015);
#2017=EDGE_CURVE('',#2004,#2012,#2016,.T.);
#2018=ORIENTED_EDGE('',*,*,#2017,.T.);
#2019=CARTESIAN_POINT('',(24.648265865,154.79538724,5.182307274));
#2020=DIRECTION('',(0.104528463,-0.,0.994521895));
#2021=VECTOR('',#2020,0.5);
#2022=LINE('',#2019,#2021);
#2023=EDGE_CURVE('',#2012,#1996,#2022,.T.);
#2024=ORIENTED_EDGE('',*,*,#2023,.T.);
#2025=EDGE_LOOP('',(#2002,#2010,#2018,#2024));
#2026=FACE_BOUND('',#2025,.T.);
#2027=ADVANCED_FACE('',(#2026),#1992,.T.);
#2028=CARTESIAN_POINT('',(22.634359027,163.39538724,5.393977412));
#2029=DIRECTION('',(0.,1.,0.));
#2030=DIRECTION('',(-0.104528463,0.,-0.994521895));
#2031=AXIS2_PLACEMENT_3D('',#2028,#2029,#2030);
#2032=PLANE('',#2031);
#2033=CARTESIAN_POINT('',(22.910390685,163.39538724,5.867719456));
#2034=VERTEX_POINT('',#2033);
#2035=CARTESIAN_POINT('',(22.462855832,163.39538724,5.914757264));
#2036=VERTEX_POINT('',#2035);
#2037=CARTESIAN_POINT('',(22.910390685,163.39538724,5.867719456));
#2038=DIRECTION('',(-0.994521895,0.,0.104528463));
#2039=VECTOR('',#2038,0.45);
#2040=LINE('',#2037,#2039);
#2041=EDGE_CURVE('',#2034,#2036,#2040,.T.);
#2042=ORIENTED_EDGE('',*,*,#2041,.T.);
#2043=CARTESIAN_POINT('',(22.4105916,163.39538724,5.417496317));
#2044=VERTEX_POINT('',#2043);
#2045=CARTESIAN_POINT('',(22.462855832,163.39538724,5.914757264));
#2046=DIRECTION('',(-0.104528463,0.,-0.994521895));
#2047=VECTOR('',#2046,0.5);
#2048=LINE('',#2045,#2047);
#2049=EDGE_CURVE('',#2036,#2044,#2048,.T.);
#2050=ORIENTED_EDGE('',*,*,#2049,.T.);
#2051=CARTESIAN_POINT('',(22.858126453,163.39538724,5.370458508));
#2052=VERTEX_POINT('',#2051);
#2053=CARTESIAN_POINT('',(22.858126453,163.39538724,5.370458508));
#2054=DIRECTION('',(-0.994521895,0.,0.104528463));
#2055=VECTOR('',#2054,0.45);
#2056=LINE('',#2053,#2055);
#2057=EDGE_CURVE('',#2052,#2044,#2056,.T.);
#2058=ORIENTED_EDGE('',*,*,#2057,.F.);
#2059=CARTESIAN_POINT('',(22.858126453,163.39538724,5.370458508));
#2060=DIRECTION('',(0.104528463,-0.,0.994521895));
#2061=VECTOR('',#2060,0.5);
#2062=LINE('',#2059,#2061);
#2063=EDGE_CURVE('',#2052,#2034,#2062,.T.);
#2064=ORIENTED_EDGE('',*,*,#2063,.T.);
#2065=EDGE_LOOP('',(#2042,#2050,#2058,#2064));
#2066=FACE_BOUND('',#2065,.T.);
#2067=ADVANCED_FACE('',(#2066),#2032,.F.);
#2068=CARTESIAN_POINT('',(109.32028696,408.19538724,19.610711335));
#2069=DIRECTION('',(-0.104528463,0.,-0.994521895));
#2070=DIRECTION('',(-0.994521895,0.,0.104528463));
#2071=AXIS2_PLACEMENT_3D('',#2068,#2069,#2070);
#2072=PLANE('',#2071);
#2073=CARTESIAN_POINT('',(112.303852646,313.32038724,19.297125945));
#2074=VERTEX_POINT('',#2073);
#2075=CARTESIAN_POINT('',(110.563439329,315.07038724,19.480050756));
#2076=VERTEX_POINT('',#2075);
#2077=CARTESIAN_POINT('',(110.563439329,313.32038724,19.480050756));
#2078=DIRECTION('',(0.104528463,-0.,0.994521895));
#2079=DIRECTION('',(-0.,-1.,0.));
#2080=AXIS2_PLACEMENT_3D('',#2077,#2078,#2079);
#2081=CIRCLE('',#2080,1.75);
#2082=EDGE_CURVE('',#2074,#2076,#2081,.T.);
#2083=ORIENTED_EDGE('',*,*,#2082,.T.);
#2084=CARTESIAN_POINT('',(5.442474989,315.07038724,30.528709323));
#2085=VERTEX_POINT('',#2084);
#2086=CARTESIAN_POINT('',(110.563439329,315.07038724,19.480050756));
#2087=DIRECTION('',(-0.994521895,0.,0.104528463));
#2088=VECTOR('',#2087,105.7);
#2089=LINE('',#2086,#2088);
#2090=EDGE_CURVE('',#2076,#2085,#2089,.T.);
#2091=ORIENTED_EDGE('',*,*,#2090,.T.);
#2092=CARTESIAN_POINT('',(3.702061672,313.32038724,30.711634134));
#2093=VERTEX_POINT('',#2092);
#2094=CARTESIAN_POINT('',(5.442474989,313.32038724,30.528709323));
#2095=DIRECTION('',(0.104528463,-0.,0.994521895));
#2096=DIRECTION('',(-0.,-1.,0.));
#2097=AXIS2_PLACEMENT_3D('',#2094,#2095,#2096);
#2098=CIRCLE('',#2097,1.75);
#2099=EDGE_CURVE('',#2085,#2093,#2098,.T.);
#2100=ORIENTED_EDGE('',*,*,#2099,.T.);
#2101=CARTESIAN_POINT('',(3.702061672,3.07038724,30.711634134));
#2102=VERTEX_POINT('',#2101);
#2103=CARTESIAN_POINT('',(3.702061672,313.32038724,30.711634134));
#2104=DIRECTION('',(-0.,-1.,-0.));
#2105=VECTOR('',#2104,310.25);
#2106=LINE('',#2103,#2105);
#2107=EDGE_CURVE('',#2093,#2102,#2106,.T.);
#2108=ORIENTED_EDGE('',*,*,#2107,.T.);
#2109=CARTESIAN_POINT('',(5.442474989,1.32038724,30.528709323));
#2110=VERTEX_POINT('',#2109);
#2111=CARTESIAN_POINT('',(5.442474989,3.07038724,30.528709323));
#2112=DIRECTION('',(0.104528463,-0.,0.994521895));
#2113=DIRECTION('',(-0.,-1.,0.));
#2114=AXIS2_PLACEMENT_3D('',#2111,#2112,#2113);
#2115=CIRCLE('',#2114,1.75);
#2116=EDGE_CURVE('',#2102,#2110,#2115,.T.);
#2117=ORIENTED_EDGE('',*,*,#2116,.T.);
#2118=CARTESIAN_POINT('',(110.563439329,1.32038724,19.480050756));
#2119=VERTEX_POINT('',#2118);
#2120=CARTESIAN_POINT('',(5.442474989,1.32038724,30.528709323));
#2121=DIRECTION('',(0.994521895,-0.,-0.104528463));
#2122=VECTOR('',#2121,105.7);
#2123=LINE('',#2120,#2122);
#2124=EDGE_CURVE('',#2110,#2119,#2123,.T.);
#2125=ORIENTED_EDGE('',*,*,#2124,.T.);
#2126=CARTESIAN_POINT('',(112.303852646,3.07038724,19.297125945));
#2127=VERTEX_POINT('',#2126);
#2128=CARTESIAN_POINT('',(110.563439329,3.07038724,19.480050756));
#2129=DIRECTION('',(0.104528463,-0.,0.994521895));
#2130=DIRECTION('',(-0.,-1.,0.));
#2131=AXIS2_PLACEMENT_3D('',#2128,#2129,#2130);
#2132=CIRCLE('',#2131,1.75);
#2133=EDGE_CURVE('',#2119,#2127,#2132,.T.);
#2134=ORIENTED_EDGE('',*,*,#2133,.T.);
#2135=CARTESIAN_POINT('',(112.303852646,3.07038724,19.297125945));
#2136=DIRECTION('',(0.,1.,0.));
#2137=VECTOR('',#2136,310.25);
#2138=LINE('',#2135,#2137);
#2139=EDGE_CURVE('',#2127,#2074,#2138,.T.);
#2140=ORIENTED_EDGE('',*,*,#2139,.T.);
#2141=EDGE_LOOP('',(#2083,#2091,#2100,#2108,#2117,#2125,#2134,#2140));
#2142=FACE_BOUND('',#2141,.T.);
#2143=CARTESIAN_POINT('',(11.658236835,311.57038724,29.875406428));
#2144=VERTEX_POINT('',#2143);
#2145=CARTESIAN_POINT('',(104.347677483,311.57038724,20.133353651));
#2146=VERTEX_POINT('',#2145);
#2147=CARTESIAN_POINT('',(11.658236835,311.57038724,29.875406428));
#2148=DIRECTION('',(0.994521895,-0.,-0.104528463));
#2149=VECTOR('',#2148,93.2);
#2150=LINE('',#2147,#2149);
#2151=EDGE_CURVE('',#2144,#2146,#2150,.T.);
#2152=ORIENTED_EDGE('',*,*,#2151,.T.);
#2153=CARTESIAN_POINT('',(106.336721274,309.57038724,19.924296724));
#2154=VERTEX_POINT('',#2153);
#2155=CARTESIAN_POINT('',(104.347677483,309.57038724,20.133353651));
#2156=DIRECTION('',(-0.104528463,0.,-0.994521895));
#2157=DIRECTION('',(0.,1.,0.));
#2158=AXIS2_PLACEMENT_3D('',#2155,#2156,#2157);
#2159=CIRCLE('',#2158,2.);
#2160=EDGE_CURVE('',#2146,#2154,#2159,.T.);
#2161=ORIENTED_EDGE('',*,*,#2160,.T.);
#2162=CARTESIAN_POINT('',(106.336721274,254.47038724,19.924296724));
#2163=VERTEX_POINT('',#2162);
#2164=CARTESIAN_POINT('',(106.336721274,309.57038724,19.924296724));
#2165=DIRECTION('',(-0.,-1.,-0.));
#2166=VECTOR('',#2165,55.1);
#2167=LINE('',#2164,#2166);
#2168=EDGE_CURVE('',#2154,#2163,#2167,.T.);
#2169=ORIENTED_EDGE('',*,*,#2168,.T.);
#2170=CARTESIAN_POINT('',(104.347677483,252.47038724,20.133353651));
#2171=VERTEX_POINT('',#2170);
#2172=CARTESIAN_POINT('',(104.347677483,254.47038724,20.133353651));
#2173=DIRECTION('',(-0.104528463,0.,-0.994521895));
#2174=DIRECTION('',(0.,1.,0.));
#2175=AXIS2_PLACEMENT_3D('',#2172,#2173,#2174);
#2176=CIRCLE('',#2175,2.);
#2177=EDGE_CURVE('',#2163,#2171,#2176,.T.);
#2178=ORIENTED_EDGE('',*,*,#2177,.T.);
#2179=CARTESIAN_POINT('',(88.385601062,252.47038724,21.811035486));
#2180=VERTEX_POINT('',#2179);
#2181=CARTESIAN_POINT('',(104.347677483,252.47038724,20.133353651));
#2182=DIRECTION('',(-0.994521895,0.,0.104528463));
#2183=VECTOR('',#2182,16.05);
#2184=LINE('',#2181,#2183);
#2185=EDGE_CURVE('',#2171,#2180,#2184,.T.);
#2186=ORIENTED_EDGE('',*,*,#2185,.T.);
#2187=CARTESIAN_POINT('',(87.391079167,251.47038724,21.91556395));
#2188=VERTEX_POINT('',#2187);
#2189=CARTESIAN_POINT('',(88.385601062,251.47038724,21.811035486));
#2190=DIRECTION('',(0.104528463,-0.,0.994521895));
#2191=DIRECTION('',(-0.994521895,0.,0.104528463));
#2192=AXIS2_PLACEMENT_3D('',#2189,#2190,#2191);
#2193=CIRCLE('',#2192,1.);
#2194=EDGE_CURVE('',#2180,#2188,#2193,.T.);
#2195=ORIENTED_EDGE('',*,*,#2194,.T.);
#2196=CARTESIAN_POINT('',(87.391079167,245.89538724,21.91556395));
#2197=VERTEX_POINT('',#2196);
#2198=CARTESIAN_POINT('',(87.391079167,251.47038724,21.91556395));
#2199=DIRECTION('',(-0.,-1.,-0.));
#2200=VECTOR('',#2199,5.575);
#2201=LINE('',#2198,#2200);
#2202=EDGE_CURVE('',#2188,#2197,#2201,.T.);
#2203=ORIENTED_EDGE('',*,*,#2202,.T.);
#2204=CARTESIAN_POINT('',(88.385601062,244.89538724,21.811035486));
#2205=VERTEX_POINT('',#2204);
#2206=CARTESIAN_POINT('',(88.385601062,245.89538724,21.811035486));
#2207=DIRECTION('',(0.104528463,-0.,0.994521895));
#2208=DIRECTION('',(-0.994521895,0.,0.104528463));
#2209=AXIS2_PLACEMENT_3D('',#2206,#2207,#2208);
#2210=CIRCLE('',#2209,1.);
#2211=EDGE_CURVE('',#2197,#2205,#2210,.T.);
#2212=ORIENTED_EDGE('',*,*,#2211,.T.);
#2213=CARTESIAN_POINT('',(104.347677483,244.89538724,20.133353651));
#2214=VERTEX_POINT('',#2213);
#2215=CARTESIAN_POINT('',(88.385601062,244.89538724,21.811035486));
#2216=DIRECTION('',(0.994521895,-0.,-0.104528463));
#2217=VECTOR('',#2216,16.05);
#2218=LINE('',#2215,#2217);
#2219=EDGE_CURVE('',#2205,#2214,#2218,.T.);
#2220=ORIENTED_EDGE('',*,*,#2219,.T.);
#2221=CARTESIAN_POINT('',(106.336721274,242.89538724,19.924296724));
#2222=VERTEX_POINT('',#2221);
#2223=CARTESIAN_POINT('',(104.347677483,242.89538724,20.133353651));
#2224=DIRECTION('',(-0.104528463,0.,-0.994521895));
#2225=DIRECTION('',(0.,1.,0.));
#2226=AXIS2_PLACEMENT_3D('',#2223,#2224,#2225);
#2227=CIRCLE('',#2226,2.);
#2228=EDGE_CURVE('',#2214,#2222,#2227,.T.);
#2229=ORIENTED_EDGE('',*,*,#2228,.T.);
#2230=CARTESIAN_POINT('',(106.336721274,6.82038724,19.924296724));
#2231=VERTEX_POINT('',#2230);
#2232=CARTESIAN_POINT('',(106.336721274,242.89538724,19.924296724));
#2233=DIRECTION('',(-0.,-1.,-0.));
#2234=VECTOR('',#2233,236.075);
#2235=LINE('',#2232,#2234);
#2236=EDGE_CURVE('',#2222,#2231,#2235,.T.);
#2237=ORIENTED_EDGE('',*,*,#2236,.T.);
#2238=CARTESIAN_POINT('',(104.347677483,4.82038724,20.133353651));
#2239=VERTEX_POINT('',#2238);
#2240=CARTESIAN_POINT('',(104.347677483,6.82038724,20.133353651));
#2241=DIRECTION('',(-0.104528463,0.,-0.994521895));
#2242=DIRECTION('',(0.,1.,0.));
#2243=AXIS2_PLACEMENT_3D('',#2240,#2241,#2242);
#2244=CIRCLE('',#2243,2.);
#2245=EDGE_CURVE('',#2231,#2239,#2244,.T.);
#2246=ORIENTED_EDGE('',*,*,#2245,.T.);
#2247=CARTESIAN_POINT('',(11.658236835,4.82038724,29.875406428));
#2248=VERTEX_POINT('',#2247);
#2249=CARTESIAN_POINT('',(104.347677483,4.82038724,20.133353651));
#2250=DIRECTION('',(-0.994521895,0.,0.104528463));
#2251=VECTOR('',#2250,93.2);
#2252=LINE('',#2249,#2251);
#2253=EDGE_CURVE('',#2239,#2248,#2252,.T.);
#2254=ORIENTED_EDGE('',*,*,#2253,.T.);
#2255=CARTESIAN_POINT('',(9.669193044,6.82038724,30.084463354));
#2256=VERTEX_POINT('',#2255);
#2257=CARTESIAN_POINT('',(11.658236835,6.82038724,29.875406428));
#2258=DIRECTION('',(-0.104528463,0.,-0.994521895));
#2259=DIRECTION('',(0.,1.,0.));
#2260=AXIS2_PLACEMENT_3D('',#2257,#2258,#2259);
#2261=CIRCLE('',#2260,2.);
#2262=EDGE_CURVE('',#2248,#2256,#2261,.T.);
#2263=ORIENTED_EDGE('',*,*,#2262,.T.);
#2264=CARTESIAN_POINT('',(9.669193044,309.57038724,30.084463354));
#2265=VERTEX_POINT('',#2264);
#2266=CARTESIAN_POINT('',(9.669193044,6.82038724,30.084463354));
#2267=DIRECTION('',(0.,1.,0.));
#2268=VECTOR('',#2267,302.75);
#2269=LINE('',#2266,#2268);
#2270=EDGE_CURVE('',#2256,#2265,#2269,.T.);
#2271=ORIENTED_EDGE('',*,*,#2270,.T.);
#2272=CARTESIAN_POINT('',(11.658236835,309.57038724,29.875406428));
#2273=DIRECTION('',(-0.104528463,0.,-0.994521895));
#2274=DIRECTION('',(0.,1.,0.));
#2275=AXIS2_PLACEMENT_3D('',#2272,#2273,#2274);
#2276=CIRCLE('',#2275,2.);
#2277=EDGE_CURVE('',#2265,#2144,#2276,.T.);
#2278=ORIENTED_EDGE('',*,*,#2277,.T.);
#2279=EDGE_LOOP('',(#2152,#2161,#2169,#2178,#2186,#2195,#2203,#2212,#2220,#2229,#2237,#2246,#2254,#2263,#2271,#2278));
#2280=FACE_BOUND('',#2279,.T.);
#2281=ADVANCED_FACE('',(#2142,#2280),#2072,.F.);
#2282=CARTESIAN_POINT('',(54.862006758,0.82038724,-4.879766805));
#2283=DIRECTION('',(-0.,-1.,0.));
#2284=DIRECTION('',(0.104528463,-0.,0.994521895));
#2285=AXIS2_PLACEMENT_3D('',#2282,#2283,#2284);
#2286=PLANE('',#2285);
#2287=CARTESIAN_POINT('',(3.487792726,0.82038724,11.93114988));
#2288=VERTEX_POINT('',#2287);
#2289=CARTESIAN_POINT('',(103.858717721,0.82038724,1.381740565));
#2290=VERTEX_POINT('',#2289);
#2291=CARTESIAN_POINT('',(3.487792726,0.82038724,11.93114988));
#2292=DIRECTION('',(0.994521895,-0.,-0.104528463));
#2293=VECTOR('',#2292,100.92379611);
#2294=LINE('',#2291,#2293);
#2295=EDGE_CURVE('',#2288,#2290,#2294,.T.);
#2296=ORIENTED_EDGE('',*,*,#2295,.T.);
#2297=CARTESIAN_POINT('',(108.661230277,0.82038724,1.381740565));
#2298=VERTEX_POINT('',#2297);
#2299=CARTESIAN_POINT('',(103.858717721,0.82038724,1.381740565));
#2300=DIRECTION('',(1.,-0.,-0.));
#2301=VECTOR('',#2300,4.802512556);
#2302=LINE('',#2299,#2301);
#2303=EDGE_CURVE('',#2290,#2298,#2302,.T.);
#2304=ORIENTED_EDGE('',*,*,#2303,.T.);
#2305=CARTESIAN_POINT('',(110.511175097,0.82038724,18.982789808));
#2306=VERTEX_POINT('',#2305);
#2307=CARTESIAN_POINT('',(108.661230277,0.82038724,1.381740565));
#2308=DIRECTION('',(0.104528463,-0.,0.994521895));
#2309=VECTOR('',#2308,17.698000743);
#2310=LINE('',#2307,#2309);
#2311=EDGE_CURVE('',#2298,#2306,#2310,.T.);
#2312=ORIENTED_EDGE('',*,*,#2311,.T.);
#2313=CARTESIAN_POINT('',(5.390210757,0.82038724,30.031448375));
#2314=VERTEX_POINT('',#2313);
#2315=CARTESIAN_POINT('',(110.511175097,0.82038724,18.982789808));
#2316=DIRECTION('',(-0.994521895,0.,0.104528463));
#2317=VECTOR('',#2316,105.7);
#2318=LINE('',#2315,#2317);
#2319=EDGE_CURVE('',#2306,#2314,#2318,.T.);
#2320=ORIENTED_EDGE('',*,*,#2319,.T.);
#2321=CARTESIAN_POINT('',(5.390210757,0.82038724,30.031448375));
#2322=DIRECTION('',(-0.104528463,0.,-0.994521895));
#2323=VECTOR('',#2322,18.2);
#2324=LINE('',#2321,#2323);
#2325=EDGE_CURVE('',#2314,#2288,#2324,.T.);
#2326=ORIENTED_EDGE('',*,*,#2325,.T.);
#2327=EDGE_LOOP('',(#2296,#2304,#2312,#2320,#2326));
#2328=FACE_BOUND('',#2327,.T.);
#2329=ADVANCED_FACE('',(#2328),#2286,.T.);
#2330=CARTESIAN_POINT('',(54.862006758,315.57038724,-4.879766805));
#2331=DIRECTION('',(-0.,-1.,0.));
#2332=DIRECTION('',(0.104528463,-0.,0.994521895));
#2333=AXIS2_PLACEMENT_3D('',#2330,#2331,#2332);
#2334=PLANE('',#2333);
#2335=CARTESIAN_POINT('',(5.390210757,315.57038724,30.031448375));
#2336=VERTEX_POINT('',#2335);
#2337=CARTESIAN_POINT('',(110.511175097,315.57038724,18.982789808));
#2338=VERTEX_POINT('',#2337);
#2339=CARTESIAN_POINT('',(5.390210757,315.57038724,30.031448375));
#2340=DIRECTION('',(0.994521895,-0.,-0.104528463));
#2341=VECTOR('',#2340,105.7);
#2342=LINE('',#2339,#2341);
#2343=EDGE_CURVE('',#2336,#2338,#2342,.T.);
#2344=ORIENTED_EDGE('',*,*,#2343,.T.);
#2345=CARTESIAN_POINT('',(108.661230277,315.57038724,1.381740565));
#2346=VERTEX_POINT('',#2345);
#2347=CARTESIAN_POINT('',(110.511175097,315.57038724,18.982789808));
#2348=DIRECTION('',(-0.104528463,0.,-0.994521895));
#2349=VECTOR('',#2348,17.698000743);
#2350=LINE('',#2347,#2349);
#2351=EDGE_CURVE('',#2338,#2346,#2350,.T.);
#2352=ORIENTED_EDGE('',*,*,#2351,.T.);
#2353=CARTESIAN_POINT('',(103.858717721,315.57038724,1.381740565));
#2354=VERTEX_POINT('',#2353);
#2355=CARTESIAN_POINT('',(108.661230277,315.57038724,1.381740565));
#2356=DIRECTION('',(-1.,0.,0.));
#2357=VECTOR('',#2356,4.802512556);
#2358=LINE('',#2355,#2357);
#2359=EDGE_CURVE('',#2346,#2354,#2358,.T.);
#2360=ORIENTED_EDGE('',*,*,#2359,.T.);
#2361=CARTESIAN_POINT('',(3.487792726,315.57038724,11.93114988));
#2362=VERTEX_POINT('',#2361);
#2363=CARTESIAN_POINT('',(103.858717721,315.57038724,1.381740565));
#2364=DIRECTION('',(-0.994521895,0.,0.104528463));
#2365=VECTOR('',#2364,100.92379611);
#2366=LINE('',#2363,#2365);
#2367=EDGE_CURVE('',#2354,#2362,#2366,.T.);
#2368=ORIENTED_EDGE('',*,*,#2367,.T.);
#2369=CARTESIAN_POINT('',(3.487792726,315.57038724,11.93114988));
#2370=DIRECTION('',(0.104528463,-0.,0.994521895));
#2371=VECTOR('',#2370,18.2);
#2372=LINE('',#2369,#2371);
#2373=EDGE_CURVE('',#2362,#2336,#2372,.T.);
#2374=ORIENTED_EDGE('',*,*,#2373,.T.);
#2375=EDGE_LOOP('',(#2344,#2352,#2360,#2368,#2374));
#2376=FACE_BOUND('',#2375,.T.);
#2377=ADVANCED_FACE('',(#2376),#2334,.F.);
#2378=CARTESIAN_POINT('',(56.152803359,311.27038724,7.401342491));
#2379=DIRECTION('',(0.,1.,0.));
#2380=DIRECTION('',(-0.104528463,0.,-0.994521895));
#2381=AXIS2_PLACEMENT_3D('',#2378,#2379,#2380);
#2382=PLANE('',#2381);
#2383=ORIENTED_EDGE('',*,*,#166,.F.);
#2384=CARTESIAN_POINT('',(104.516448844,311.27038724,19.82575144));
#2385=VERTEX_POINT('',#2384);
#2386=CARTESIAN_POINT('',(102.696428062,311.27038724,2.50941041));
#2387=DIRECTION('',(0.104528463,-0.,0.994521895));
#2388=VECTOR('',#2387,17.411724277);
#2389=LINE('',#2386,#2388);
#2390=EDGE_CURVE('',#152,#2385,#2389,.T.);
#2391=ORIENTED_EDGE('',*,*,#2390,.T.);
#2392=CARTESIAN_POINT('',(104.316318944,311.27038724,19.834997082));
#2393=VERTEX_POINT('',#2392);
#2394=CARTESIAN_POINT('',(104.316318944,311.27038724,19.834997082));
#2395=CARTESIAN_POINT('',(104.382848246,311.27038724,19.828004571));
#2396=CARTESIAN_POINT('',(104.449560671,311.27038724,19.824975897));
#2397=CARTESIAN_POINT('',(104.516448844,311.27038724,19.82575144));
#2398=B_SPLINE_CURVE_WITH_KNOTS('',3,(#2394,#2395,#2396,#2397),.UNSPECIFIED.,.F.,.F.,(4,4),(0.,0.000200343),.UNSPECIFIED.);
#2399=EDGE_CURVE('',#2393,#2385,#2398,.T.);
#2400=ORIENTED_EDGE('',*,*,#2399,.F.);
#2401=CARTESIAN_POINT('',(11.626878296,311.27038724,29.577049859));
#2402=VERTEX_POINT('',#2401);
#2403=CARTESIAN_POINT('',(104.316318944,311.27038724,19.834997082));
#2404=DIRECTION('',(-0.994521895,0.,0.104528463));
#2405=VECTOR('',#2404,93.2);
#2406=LINE('',#2403,#2405);
#2407=EDGE_CURVE('',#2393,#2402,#2406,.T.);
#2408=ORIENTED_EDGE('',*,*,#2407,.T.);
#2409=CARTESIAN_POINT('',(11.429202412,311.27038724,29.609614933));
#2410=VERTEX_POINT('',#2409);
#2411=CARTESIAN_POINT('',(11.626878296,311.27038724,29.577049859));
#2412=CARTESIAN_POINT('',(11.560574415,311.27038724,29.58401928));
#2413=CARTESIAN_POINT('',(11.494086849,311.27038724,29.595038137));
#2414=CARTESIAN_POINT('',(11.429202411,311.27038724,29.609614932));
#2415=B_SPLINE_CURVE_WITH_KNOTS('',3,(#2411,#2412,#2413,#2414),.UNSPECIFIED.,.F.,.F.,(4,4),(0.001287356,0.001485634),.UNSPECIFIED.);
#2416=EDGE_CURVE('',#2402,#2410,#2415,.T.);
#2417=ORIENTED_EDGE('',*,*,#2416,.T.);
#2418=CARTESIAN_POINT('',(11.4291994,311.27038724,29.60961525));
#2419=DIRECTION('',(-0.104528463,0.,-0.994521895));
#2420=VECTOR('',#2419,17.411723923);
#2421=LINE('',#2418,#2420);
#2422=EDGE_CURVE('',#2410,#161,#2421,.T.);
#2423=ORIENTED_EDGE('',*,*,#2422,.T.);
#2424=EDGE_LOOP('',(#2383,#2391,#2400,#2408,#2417,#2423));
#2425=FACE_BOUND('',#2424,.T.);
#2426=ADVANCED_FACE('',(#2425),#2382,.F.);
#2427=CARTESIAN_POINT('',(56.152803359,5.12038724,7.401342491));
#2428=DIRECTION('',(0.,1.,0.));
#2429=DIRECTION('',(-0.104528463,0.,-0.994521895));
#2430=AXIS2_PLACEMENT_3D('',#2427,#2428,#2429);
#2431=PLANE('',#2430);
#2432=CARTESIAN_POINT('',(11.626878296,5.12038724,29.577049859));
#2433=VERTEX_POINT('',#2432);
#2434=CARTESIAN_POINT('',(104.316318944,5.12038724,19.834997082));
#2435=VERTEX_POINT('',#2434);
#2436=CARTESIAN_POINT('',(11.626878296,5.12038724,29.577049859));
#2437=DIRECTION('',(0.994521895,-0.,-0.104528463));
#2438=VECTOR('',#2437,93.2);
#2439=LINE('',#2436,#2438);
#2440=EDGE_CURVE('',#2433,#2435,#2439,.T.);
#2441=ORIENTED_EDGE('',*,*,#2440,.T.);
#2442=CARTESIAN_POINT('',(104.516448844,5.12038724,19.82575144));
#2443=VERTEX_POINT('',#2442);
#2444=CARTESIAN_POINT('',(104.316318944,5.12038724,19.834997082));
#2445=CARTESIAN_POINT('',(104.382848246,5.12038724,19.828004571));
#2446=CARTESIAN_POINT('',(104.449560671,5.12038724,19.824975897));
#2447=CARTESIAN_POINT('',(104.516448844,5.12038724,19.82575144));
#2448=B_SPLINE_CURVE_WITH_KNOTS('',3,(#2444,#2445,#2446,#2447),.UNSPECIFIED.,.F.,.F.,(4,4),(0.,0.000200343),.UNSPECIFIED.);
#2449=EDGE_CURVE('',#2435,#2443,#2448,.T.);
#2450=ORIENTED_EDGE('',*,*,#2449,.T.);
#2451=CARTESIAN_POINT('',(104.516448844,5.12038724,19.82575144));
#2452=DIRECTION('',(-0.104528463,0.,-0.994521895));
#2453=VECTOR('',#2452,17.411724277);
#2454=LINE('',#2451,#2453);
#2455=EDGE_CURVE('',#2443,#429,#2454,.T.);
#2456=ORIENTED_EDGE('',*,*,#2455,.T.);
#2457=ORIENTED_EDGE('',*,*,#434,.T.);
#2458=CARTESIAN_POINT('',(11.429202413,5.12038724,29.609614933));
#2459=VERTEX_POINT('',#2458);
#2460=CARTESIAN_POINT('',(9.609178656,5.12038724,12.293274572));
#2461=DIRECTION('',(0.104528463,-0.,0.994521895));
#2462=VECTOR('',#2461,17.411723923);
#2463=LINE('',#2460,#2462);
#2464=EDGE_CURVE('',#420,#2459,#2463,.T.);
#2465=ORIENTED_EDGE('',*,*,#2464,.T.);
#2466=CARTESIAN_POINT('',(11.626878296,5.12038724,29.577049859));
#2467=CARTESIAN_POINT('',(11.560350008,5.12038724,29.584042264));
#2468=CARTESIAN_POINT('',(11.494466704,5.12038724,29.59494984));
#2469=CARTESIAN_POINT('',(11.429202413,5.12038724,29.609614933));
#2470=B_SPLINE_CURVE_WITH_KNOTS('',3,(#2466,#2467,#2468,#2469),.UNSPECIFIED.,.F.,.F.,(4,4),(0.,0.00020034),.UNSPECIFIED.);
#2471=EDGE_CURVE('',#2433,#2459,#2470,.T.);
#2472=ORIENTED_EDGE('',*,*,#2471,.F.);
#2473=EDGE_LOOP('',(#2441,#2450,#2456,#2457,#2465,#2472));
#2474=FACE_BOUND('',#2473,.T.);
#2475=ADVANCED_FACE('',(#2474),#2431,.T.);
#2476=CARTESIAN_POINT('',(333.641541189,14.84538724,-28.725413537));
#2477=DIRECTION('',(-0.,-1.,0.));
#2478=DIRECTION('',(0.104528463,-0.,0.994521895));
#2479=AXIS2_PLACEMENT_3D('',#2476,#2477,#2478);
#2480=PLANE('',#2479);
#2481=CARTESIAN_POINT('',(9.402659866,14.84538724,10.806718152));
#2482=VERTEX_POINT('',#2481);
#2483=CARTESIAN_POINT('',(8.406820826,14.84538724,1.331942587));
#2484=VERTEX_POINT('',#2483);
#2485=CARTESIAN_POINT('',(9.402659866,14.84538724,10.806718152));
#2486=DIRECTION('',(-0.104528463,0.,-0.994521895));
#2487=VECTOR('',#2486,9.526965278);
#2488=LINE('',#2485,#2487);
#2489=EDGE_CURVE('',#2482,#2484,#2488,.T.);
#2490=ORIENTED_EDGE('',*,*,#2489,.T.);
#2491=CARTESIAN_POINT('',(74.100393323,14.84538724,1.331942587));
#2492=VERTEX_POINT('',#2491);
#2493=CARTESIAN_POINT('',(8.406820826,14.84538724,1.331942587));
#2494=DIRECTION('',(1.,-0.,0.));
#2495=VECTOR('',#2494,65.693572497);
#2496=LINE('',#2493,#2495);
#2497=EDGE_CURVE('',#2484,#2492,#2496,.T.);
#2498=ORIENTED_EDGE('',*,*,#2497,.T.);
#2499=CARTESIAN_POINT('',(74.100393323,14.84538724,1.331942587));
#2500=CARTESIAN_POINT('',(74.722909339,14.84538724,1.331942587));
#2501=CARTESIAN_POINT('',(75.233689702,14.84538724,0.881740565));
#2502=(BOUNDED_CURVE()
B_SPLINE_CURVE(2,(#2499,#2500,#2501),.UNSPECIFIED.,.F.,.F.)
B_SPLINE_CURVE_WITH_KNOTS((3,3),(153.38902717,184.238756093),.UNSPECIFIED.)
CURVE()
GEOMETRIC_REPRESENTATION_ITEM()
RATIONAL_B_SPLINE_CURVE((1.,0.963980071,1.))
REPRESENTATION_ITEM(''));
#2503=EDGE_CURVE('',#2492,#1037,#2502,.T.);
#2504=ORIENTED_EDGE('',*,*,#2503,.T.);
#2505=ORIENTED_EDGE('',*,*,#1042,.F.);
#2506=CARTESIAN_POINT('',(103.832513831,14.84538724,0.881740565));
#2507=DIRECTION('',(-0.994521895,0.,0.104528463));
#2508=VECTOR('',#2507,94.95);
#2509=LINE('',#2506,#2508);
#2510=EDGE_CURVE('',#1029,#2482,#2509,.T.);
#2511=ORIENTED_EDGE('',*,*,#2510,.T.);
#2512=EDGE_LOOP('',(#2490,#2498,#2504,#2505,#2511));
#2513=FACE_BOUND('',#2512,.T.);
#2514=ADVANCED_FACE('',(#2513),#2480,.T.);
#2515=CARTESIAN_POINT('',(334.208438613,308.55788724,-23.331744833));
#2516=DIRECTION('',(-0.104528463,-0.,-0.994521895));
#2517=DIRECTION('',(-0.994521895,0.,0.104528463));
#2518=AXIS2_PLACEMENT_3D('',#2515,#2516,#2517);
#2519=PLANE('',#2518);
#2520=ORIENTED_EDGE('',*,*,#2510,.F.);
#2521=ORIENTED_EDGE('',*,*,#1034,.T.);
#2522=CARTESIAN_POINT('',(3.435528494,1.32038724,11.433888932));
#2523=VERTEX_POINT('',#2522);
#2524=CARTESIAN_POINT('',(103.832513831,1.32038724,0.881740565));
#2525=DIRECTION('',(-0.994521895,0.,0.104528463));
#2526=VECTOR('',#2525,100.95);
#2527=LINE('',#2524,#2526);
#2528=EDGE_CURVE('',#1021,#2523,#2527,.T.);
#2529=ORIENTED_EDGE('',*,*,#2528,.T.);
#2530=CARTESIAN_POINT('',(1.695115177,3.07038724,11.616813743));
#2531=VERTEX_POINT('',#2530);
#2532=CARTESIAN_POINT('',(3.435528494,3.07038724,11.433888932));
#2533=DIRECTION('',(-0.104528463,0.,-0.994521895));
#2534=DIRECTION('',(0.,1.,0.));
#2535=AXIS2_PLACEMENT_3D('',#2532,#2533,#2534);
#2536=CIRCLE('',#2535,1.75);
#2537=EDGE_CURVE('',#2523,#2531,#2536,.T.);
#2538=ORIENTED_EDGE('',*,*,#2537,.T.);
#2539=CARTESIAN_POINT('',(1.695115177,147.94538724,11.616813743));
#2540=VERTEX_POINT('',#2539);
#2541=CARTESIAN_POINT('',(1.695115177,3.07038724,11.616813743));
#2542=DIRECTION('',(0.,1.,-0.));
#2543=VECTOR('',#2542,144.875);
#2544=LINE('',#2541,#2543);
#2545=EDGE_CURVE('',#2531,#2540,#2544,.T.);
#2546=ORIENTED_EDGE('',*,*,#2545,.T.);
#2547=CARTESIAN_POINT('',(1.695115177,147.94538724,11.616813743));
#2548=DIRECTION('',(0.994521895,-0.,-0.104528463));
#2549=VECTOR('',#2548,5.5);
#2550=LINE('',#2547,#2549);
#2551=EDGE_CURVE('',#2540,#1776,#2550,.T.);
#2552=ORIENTED_EDGE('',*,*,#2551,.T.);
#2553=ORIENTED_EDGE('',*,*,#1781,.T.);
#2554=CARTESIAN_POINT('',(9.402659866,17.09538724,10.806718152));
#2555=DIRECTION('',(0.104528463,-0.,0.994521895));
#2556=DIRECTION('',(0.994521895,-0.,-0.104528463));
#2557=AXIS2_PLACEMENT_3D('',#2554,#2555,#2556);
#2558=CIRCLE('',#2557,2.25);
#2559=EDGE_CURVE('',#1768,#2482,#2558,.T.);
#2560=ORIENTED_EDGE('',*,*,#2559,.T.);
#2561=EDGE_LOOP('',(#2520,#2521,#2529,#2538,#2546,#2552,#2553,#2560));
#2562=FACE_BOUND('',#2561,.T.);
#2563=ADVANCED_FACE('',(#2562),#2519,.T.);
#2564=CARTESIAN_POINT('',(333.641541189,301.54538724,-28.725413537));
#2565=DIRECTION('',(-0.,-1.,0.));
#2566=DIRECTION('',(0.104528463,-0.,0.994521895));
#2567=AXIS2_PLACEMENT_3D('',#2564,#2565,#2566);
#2568=PLANE('',#2567);
#2569=ORIENTED_EDGE('',*,*,#1433,.F.);
#2570=ORIENTED_EDGE('',*,*,#937,.T.);
#2571=CARTESIAN_POINT('',(74.266698348,301.54538724,1.323238945));
#2572=VERTEX_POINT('',#2571);
#2573=CARTESIAN_POINT('',(75.233689702,301.54538724,0.881740565));
#2574=CARTESIAN_POINT('',(74.722909339,301.54538724,1.331942587));
#2575=CARTESIAN_POINT('',(74.100393323,301.54538724,1.331942587));
#2576=(BOUNDED_CURVE()
B_SPLINE_CURVE(2,(#2573,#2574,#2575),.UNSPECIFIED.,.F.,.F.)
B_SPLINE_CURVE_WITH_KNOTS((3,3),(153.38902717,184.238756093),.UNSPECIFIED.)
CURVE()
GEOMETRIC_REPRESENTATION_ITEM()
RATIONAL_B_SPLINE_CURVE((1.,0.963980071,1.))
REPRESENTATION_ITEM(''));
#2577=EDGE_CURVE('',#924,#2572,#2576,.T.);
#2578=ORIENTED_EDGE('',*,*,#2577,.T.);
#2579=CARTESIAN_POINT('',(74.100393323,301.54538724,1.331942587));
#2580=VERTEX_POINT('',#2579);
#2581=CARTESIAN_POINT('',(75.233689702,301.54538724,0.881740565));
#2582=CARTESIAN_POINT('',(74.722909339,301.54538724,1.331942587));
#2583=CARTESIAN_POINT('',(74.100393323,301.54538724,1.331942587));
#2584=(BOUNDED_CURVE()
B_SPLINE_CURVE(2,(#2581,#2582,#2583),.UNSPECIFIED.,.F.,.F.)
B_SPLINE_CURVE_WITH_KNOTS((3,3),(153.38902717,184.238756093),.UNSPECIFIED.)
CURVE()
GEOMETRIC_REPRESENTATION_ITEM()
RATIONAL_B_SPLINE_CURVE((1.,0.963980071,1.))
REPRESENTATION_ITEM(''));
#2585=EDGE_CURVE('',#2572,#2580,#2584,.T.);
#2586=ORIENTED_EDGE('',*,*,#2585,.T.);
#2587=CARTESIAN_POINT('',(8.406820826,301.54538724,1.331942587));
#2588=VERTEX_POINT('',#2587);
#2589=CARTESIAN_POINT('',(74.100393323,301.54538724,1.331942587));
#2590=DIRECTION('',(-1.,0.,0.));
#2591=VECTOR('',#2590,65.693572497);
#2592=LINE('',#2589,#2591);
#2593=EDGE_CURVE('',#2580,#2588,#2592,.T.);
#2594=ORIENTED_EDGE('',*,*,#2593,.T.);
#2595=CARTESIAN_POINT('',(8.406820826,301.54538724,1.331942587));
#2596=DIRECTION('',(0.104528463,-0.,0.994521895));
#2597=VECTOR('',#2596,9.526965278);
#2598=LINE('',#2595,#2597);
#2599=EDGE_CURVE('',#2588,#1428,#2598,.T.);
#2600=ORIENTED_EDGE('',*,*,#2599,.T.);
#2601=EDGE_LOOP('',(#2569,#2570,#2578,#2586,#2594,#2600));
#2602=FACE_BOUND('',#2601,.T.);
#2603=ADVANCED_FACE('',(#2602),#2568,.F.);
#2604=CARTESIAN_POINT('',(16.194829754,167.64538724,6.070799212));
#2605=DIRECTION('',(0.,-1.,-0.));
#2606=DIRECTION('',(0.994521895,0.,-0.104528463));
#2607=AXIS2_PLACEMENT_3D('',#2604,#2605,#2606);
#2608=PLANE('',#2607);
#2609=CARTESIAN_POINT('',(13.559346732,167.64538724,6.34779964));
#2610=VERTEX_POINT('',#2609);
#2611=CARTESIAN_POINT('',(18.830312777,167.64538724,5.793798784));
#2612=VERTEX_POINT('',#2611);
#2613=CARTESIAN_POINT('',(13.559346732,167.64538724,6.34779964));
#2614=DIRECTION('',(0.994521895,0.,-0.104528463));
#2615=VECTOR('',#2614,5.3);
#2616=LINE('',#2613,#2615);
#2617=EDGE_CURVE('',#2610,#2612,#2616,.T.);
#2618=ORIENTED_EDGE('',*,*,#2617,.T.);
#2619=CARTESIAN_POINT('',(18.882577009,167.64538724,6.291059732));
#2620=VERTEX_POINT('',#2619);
#2621=CARTESIAN_POINT('',(18.830312777,167.64538724,5.793798784));
#2622=DIRECTION('',(0.104528463,-0.,0.994521895));
#2623=VECTOR('',#2622,0.5);
#2624=LINE('',#2621,#2623);
#2625=EDGE_CURVE('',#2612,#2620,#2624,.T.);
#2626=ORIENTED_EDGE('',*,*,#2625,.T.);
#2627=CARTESIAN_POINT('',(32.408074786,167.64538724,4.869472632));
#2628=VERTEX_POINT('',#2627);
#2629=CARTESIAN_POINT('',(18.882577009,167.64538724,6.291059732));
#2630=DIRECTION('',(0.994521895,0.,-0.104528463));
#2631=VECTOR('',#2630,13.6);
#2632=LINE('',#2629,#2631);
#2633=EDGE_CURVE('',#2620,#2628,#2632,.T.);
#2634=ORIENTED_EDGE('',*,*,#2633,.T.);
#2635=CARTESIAN_POINT('',(32.408074786,167.64538724,4.869472632));
#2636=DIRECTION('',(0.104528463,-0.,0.994521895));
#2637=VECTOR('',#2636,5.);
#2638=LINE('',#2635,#2637);
#2639=EDGE_CURVE('',#2628,#239,#2638,.T.);
#2640=ORIENTED_EDGE('',*,*,#2639,.T.);
#2641=ORIENTED_EDGE('',*,*,#244,.F.);
#2642=CARTESIAN_POINT('',(10.03133214,167.64538724,7.221363055));
#2643=VERTEX_POINT('',#2642);
#2644=CARTESIAN_POINT('',(10.553974456,167.64538724,12.193972532));
#2645=DIRECTION('',(-0.104528463,0.,-0.994521895));
#2646=VECTOR('',#2645,5.);
#2647=LINE('',#2644,#2646);
#2648=EDGE_CURVE('',#230,#2643,#2647,.T.);
#2649=ORIENTED_EDGE('',*,*,#2648,.T.);
#2650=CARTESIAN_POINT('',(13.611610963,167.64538724,6.845060587));
#2651=VERTEX_POINT('',#2650);
#2652=CARTESIAN_POINT('',(10.03133214,167.64538724,7.221363055));
#2653=DIRECTION('',(0.994521895,0.,-0.104528463));
#2654=VECTOR('',#2653,3.6);
#2655=LINE('',#2652,#2654);
#2656=EDGE_CURVE('',#2643,#2651,#2655,.T.);
#2657=ORIENTED_EDGE('',*,*,#2656,.T.);
#2658=CARTESIAN_POINT('',(13.611610963,167.64538724,6.845060587));
#2659=DIRECTION('',(-0.104528463,0.,-0.994521895));
#2660=VECTOR('',#2659,0.5);
#2661=LINE('',#2658,#2660);
#2662=EDGE_CURVE('',#2651,#2610,#2661,.T.);
#2663=ORIENTED_EDGE('',*,*,#2662,.T.);
#2664=EDGE_LOOP('',(#2618,#2626,#2634,#2640,#2641,#2649,#2657,#2663));
#2665=FACE_BOUND('',#2664,.T.);
#2666=ADVANCED_FACE('',(#2665),#2608,.T.);
#2667=CARTESIAN_POINT('',(11.76920732,165.42038724,6.535950874));
#2668=DIRECTION('',(-0.994521895,0.,0.104528463));
#2669=DIRECTION('',(0.104528463,-0.,0.994521895));
#2670=AXIS2_PLACEMENT_3D('',#2667,#2668,#2669);
#2671=PLANE('',#2670);
#2672=CARTESIAN_POINT('',(11.76920732,165.84538724,6.535950874));
#2673=VERTEX_POINT('',#2672);
#2674=CARTESIAN_POINT('',(11.76920732,165.19538724,6.535950874));
#2675=VERTEX_POINT('',#2674);
#2676=CARTESIAN_POINT('',(11.76920732,165.84538724,6.535950874));
#2677=DIRECTION('',(-0.,-1.,-0.));
#2678=VECTOR('',#2677,0.65);
#2679=LINE('',#2676,#2678);
#2680=EDGE_CURVE('',#2673,#2675,#2679,.T.);
#2681=ORIENTED_EDGE('',*,*,#2680,.F.);
#2682=CARTESIAN_POINT('',(11.821471552,165.84538724,7.033211821));
#2683=VERTEX_POINT('',#2682);
#2684=CARTESIAN_POINT('',(11.76920732,165.84538724,6.535950874));
#2685=DIRECTION('',(0.104528463,-0.,0.994521895));
#2686=VECTOR('',#2685,0.5);
#2687=LINE('',#2684,#2686);
#2688=EDGE_CURVE('',#2673,#2683,#2687,.T.);
#2689=ORIENTED_EDGE('',*,*,#2688,.T.);
#2690=CARTESIAN_POINT('',(11.821471552,165.19538724,7.033211821));
#2691=VERTEX_POINT('',#2690);
#2692=CARTESIAN_POINT('',(11.821471552,165.84538724,7.033211821));
#2693=DIRECTION('',(-0.,-1.,-0.));
#2694=VECTOR('',#2693,0.65);
#2695=LINE('',#2692,#2694);
#2696=EDGE_CURVE('',#2683,#2691,#2695,.T.);
#2697=ORIENTED_EDGE('',*,*,#2696,.T.);
#2698=CARTESIAN_POINT('',(11.821471552,165.19538724,7.033211821));
#2699=DIRECTION('',(-0.104528463,0.,-0.994521895));
#2700=VECTOR('',#2699,0.5);
#2701=LINE('',#2698,#2700);
#2702=EDGE_CURVE('',#2691,#2675,#2701,.T.);
#2703=ORIENTED_EDGE('',*,*,#2702,.T.);
#2704=EDGE_LOOP('',(#2681,#2689,#2697,#2703));
#2705=FACE_BOUND('',#2704,.T.);
#2706=ADVANCED_FACE('',(#2705),#2671,.F.);
#2707=CARTESIAN_POINT('',(9.755300482,163.39538724,6.747621012));
#2708=DIRECTION('',(-0.,-1.,0.));
#2709=DIRECTION('',(0.104528463,-0.,0.994521895));
#2710=AXIS2_PLACEMENT_3D('',#2707,#2708,#2709);
#2711=PLANE('',#2710);
#2712=CARTESIAN_POINT('',(9.332628676,163.39538724,6.792045609));
#2713=VERTEX_POINT('',#2712);
#2714=CARTESIAN_POINT('',(9.979067908,163.39538724,6.724102108));
#2715=VERTEX_POINT('',#2714);
#2716=CARTESIAN_POINT('',(9.332628676,163.39538724,6.792045609));
#2717=DIRECTION('',(0.994521895,-0.,-0.104528463));
#2718=VECTOR('',#2717,0.65);
#2719=LINE('',#2716,#2718);
#2720=EDGE_CURVE('',#2713,#2715,#2719,.T.);
#2721=ORIENTED_EDGE('',*,*,#2720,.T.);
#2722=CARTESIAN_POINT('',(10.03133214,163.39538724,7.221363055));
#2723=VERTEX_POINT('',#2722);
#2724=CARTESIAN_POINT('',(9.979067908,163.39538724,6.724102108));
#2725=DIRECTION('',(0.104528463,-0.,0.994521895));
#2726=VECTOR('',#2725,0.5);
#2727=LINE('',#2724,#2726);
#2728=EDGE_CURVE('',#2715,#2723,#2727,.T.);
#2729=ORIENTED_EDGE('',*,*,#2728,.T.);
#2730=CARTESIAN_POINT('',(9.384892908,163.39538724,7.289306556));
#2731=VERTEX_POINT('',#2730);
#2732=CARTESIAN_POINT('',(9.384892908,163.39538724,7.289306556));
#2733=DIRECTION('',(0.994521895,-0.,-0.104528463));
#2734=VECTOR('',#2733,0.65);
#2735=LINE('',#2732,#2734);
#2736=EDGE_CURVE('',#2731,#2723,#2735,.T.);
#2737=ORIENTED_EDGE('',*,*,#2736,.F.);
#2738=CARTESIAN_POINT('',(9.384892908,163.39538724,7.289306556));
#2739=DIRECTION('',(-0.104528463,0.,-0.994521895));
#2740=VECTOR('',#2739,0.5);
#2741=LINE('',#2738,#2740);
#2742=EDGE_CURVE('',#2731,#2713,#2741,.T.);
#2743=ORIENTED_EDGE('',*,*,#2742,.T.);
#2744=EDGE_LOOP('',(#2721,#2729,#2737,#2743));
#2745=FACE_BOUND('',#2744,.T.);
#2746=ADVANCED_FACE('',(#2745),#2711,.T.);
#2747=CARTESIAN_POINT('',(9.755300482,152.99538724,6.747621012));
#2748=DIRECTION('',(-0.,-1.,0.));
#2749=DIRECTION('',(0.104528463,-0.,0.994521895));
#2750=AXIS2_PLACEMENT_3D('',#2747,#2748,#2749);
#2751=PLANE('',#2750);
#2752=CARTESIAN_POINT('',(9.384892908,152.99538724,7.289306556));
#2753=VERTEX_POINT('',#2752);
#2754=CARTESIAN_POINT('',(10.03133214,152.99538724,7.221363055));
#2755=VERTEX_POINT('',#2754);
#2756=CARTESIAN_POINT('',(9.384892908,152.99538724,7.289306556));
#2757=DIRECTION('',(0.994521895,-0.,-0.104528463));
#2758=VECTOR('',#2757,0.65);
#2759=LINE('',#2756,#2758);
#2760=EDGE_CURVE('',#2753,#2755,#2759,.T.);
#2761=ORIENTED_EDGE('',*,*,#2760,.T.);
#2762=CARTESIAN_POINT('',(9.979067908,152.99538724,6.724102108));
#2763=VERTEX_POINT('',#2762);
#2764=CARTESIAN_POINT('',(10.03133214,152.99538724,7.221363055));
#2765=DIRECTION('',(-0.104528463,0.,-0.994521895));
#2766=VECTOR('',#2765,0.5);
#2767=LINE('',#2764,#2766);
#2768=EDGE_CURVE('',#2755,#2763,#2767,.T.);
#2769=ORIENTED_EDGE('',*,*,#2768,.T.);
#2770=CARTESIAN_POINT('',(9.332628676,152.99538724,6.792045609));
#2771=VERTEX_POINT('',#2770);
#2772=CARTESIAN_POINT('',(9.332628676,152.99538724,6.792045609));
#2773=DIRECTION('',(0.994521895,-0.,-0.104528463));
#2774=VECTOR('',#2773,0.65);
#2775=LINE('',#2772,#2774);
#2776=EDGE_CURVE('',#2771,#2763,#2775,.T.);
#2777=ORIENTED_EDGE('',*,*,#2776,.F.);
#2778=CARTESIAN_POINT('',(9.332628676,152.99538724,6.792045609));
#2779=DIRECTION('',(0.104528463,-0.,0.994521895));
#2780=VECTOR('',#2779,0.5);
#2781=LINE('',#2778,#2780);
#2782=EDGE_CURVE('',#2771,#2753,#2781,.T.);
#2783=ORIENTED_EDGE('',*,*,#2782,.T.);
#2784=EDGE_LOOP('',(#2761,#2769,#2777,#2783));
#2785=FACE_BOUND('',#2784,.T.);
#2786=ADVANCED_FACE('',(#2785),#2751,.F.);
#2787=CARTESIAN_POINT('',(11.76920732,150.97038724,6.535950874));
#2788=DIRECTION('',(0.994521895,-0.,-0.104528463));
#2789=DIRECTION('',(-0.104528463,0.,-0.994521895));
#2790=AXIS2_PLACEMENT_3D('',#2787,#2788,#2789);
#2791=PLANE('',#2790);
#2792=CARTESIAN_POINT('',(11.821471552,150.54538724,7.033211821));
#2793=VERTEX_POINT('',#2792);
#2794=CARTESIAN_POINT('',(11.821471552,151.19538724,7.033211821));
#2795=VERTEX_POINT('',#2794);
#2796=CARTESIAN_POINT('',(11.821471552,150.54538724,7.033211821));
#2797=DIRECTION('',(0.,1.,0.));
#2798=VECTOR('',#2797,0.65);
#2799=LINE('',#2796,#2798);
#2800=EDGE_CURVE('',#2793,#2795,#2799,.T.);
#2801=ORIENTED_EDGE('',*,*,#2800,.F.);
#2802=CARTESIAN_POINT('',(11.76920732,150.54538724,6.535950874));
#2803=VERTEX_POINT('',#2802);
#2804=CARTESIAN_POINT('',(11.821471552,150.54538724,7.033211821));
#2805=DIRECTION('',(-0.104528463,0.,-0.994521895));
#2806=VECTOR('',#2805,0.5);
#2807=LINE('',#2804,#2806);
#2808=EDGE_CURVE('',#2793,#2803,#2807,.T.);
#2809=ORIENTED_EDGE('',*,*,#2808,.T.);
#2810=CARTESIAN_POINT('',(11.76920732,151.19538724,6.535950874));
#2811=VERTEX_POINT('',#2810);
#2812=CARTESIAN_POINT('',(11.76920732,150.54538724,6.535950874));
#2813=DIRECTION('',(0.,1.,0.));
#2814=VECTOR('',#2813,0.65);
#2815=LINE('',#2812,#2814);
#2816=EDGE_CURVE('',#2803,#2811,#2815,.T.);
#2817=ORIENTED_EDGE('',*,*,#2816,.T.);
#2818=CARTESIAN_POINT('',(11.76920732,151.19538724,6.535950874));
#2819=DIRECTION('',(0.104528463,-0.,0.994521895));
#2820=VECTOR('',#2819,0.5);
#2821=LINE('',#2818,#2820);
#2822=EDGE_CURVE('',#2811,#2795,#2821,.T.);
#2823=ORIENTED_EDGE('',*,*,#2822,.T.);
#2824=EDGE_LOOP('',(#2801,#2809,#2817,#2823));
#2825=FACE_BOUND('',#2824,.T.);
#2826=ADVANCED_FACE('',(#2825),#2791,.T.);
#2827=CARTESIAN_POINT('',(20.620452189,165.42038724,5.605647551));
#2828=DIRECTION('',(-0.994521895,0.,0.104528463));
#2829=DIRECTION('',(0.104528463,-0.,0.994521895));
#2830=AXIS2_PLACEMENT_3D('',#2827,#2828,#2829);
#2831=PLANE('',#2830);
#2832=CARTESIAN_POINT('',(20.67271642,165.84538724,6.102908498));
#2833=VERTEX_POINT('',#2832);
#2834=CARTESIAN_POINT('',(20.67271642,165.19538724,6.102908498));
#2835=VERTEX_POINT('',#2834);
#2836=CARTESIAN_POINT('',(20.67271642,165.84538724,6.102908498));
#2837=DIRECTION('',(-0.,-1.,-0.));
#2838=VECTOR('',#2837,0.65);
#2839=LINE('',#2836,#2838);
#2840=EDGE_CURVE('',#2833,#2835,#2839,.T.);
#2841=ORIENTED_EDGE('',*,*,#2840,.F.);
#2842=CARTESIAN_POINT('',(20.620452189,165.84538724,5.605647551));
#2843=VERTEX_POINT('',#2842);
#2844=CARTESIAN_POINT('',(20.67271642,165.84538724,6.102908498));
#2845=DIRECTION('',(-0.104528463,0.,-0.994521895));
#2846=VECTOR('',#2845,0.5);
#2847=LINE('',#2844,#2846);
#2848=EDGE_CURVE('',#2833,#2843,#2847,.T.);
#2849=ORIENTED_EDGE('',*,*,#2848,.T.);
#2850=CARTESIAN_POINT('',(20.620452189,165.19538724,5.605647551));
#2851=VERTEX_POINT('',#2850);
#2852=CARTESIAN_POINT('',(20.620452189,165.84538724,5.605647551));
#2853=DIRECTION('',(-0.,-1.,-0.));
#2854=VECTOR('',#2853,0.65);
#2855=LINE('',#2852,#2854);
#2856=EDGE_CURVE('',#2843,#2851,#2855,.T.);
#2857=ORIENTED_EDGE('',*,*,#2856,.T.);
#2858=CARTESIAN_POINT('',(20.620452189,165.19538724,5.605647551));
#2859=DIRECTION('',(0.104528463,-0.,0.994521895));
#2860=VECTOR('',#2859,0.5);
#2861=LINE('',#2858,#2860);
#2862=EDGE_CURVE('',#2851,#2835,#2861,.T.);
#2863=ORIENTED_EDGE('',*,*,#2862,.T.);
#2864=EDGE_LOOP('',(#2841,#2849,#2857,#2863));
#2865=FACE_BOUND('',#2864,.T.);
#2866=ADVANCED_FACE('',(#2865),#2831,.T.);
#2867=CARTESIAN_POINT('',(55.577896811,158.19538724,1.931472067));
#2868=DIRECTION('',(0.104528463,-0.,0.994521895));
#2869=DIRECTION('',(0.,1.,0.));
#2870=AXIS2_PLACEMENT_3D('',#2867,#2868,#2869);
#2871=PLANE('',#2870);
#2872=ORIENTED_EDGE('',*,*,#2856,.F.);
#2873=CARTESIAN_POINT('',(18.830312777,165.84538724,5.793798784));
#2874=DIRECTION('',(0.104528463,-0.,0.994521895));
#2875=DIRECTION('',(-0.994521895,0.,0.104528463));
#2876=AXIS2_PLACEMENT_3D('',#2873,#2874,#2875);
#2877=CIRCLE('',#2876,1.8);
#2878=EDGE_CURVE('',#2843,#2612,#2877,.T.);
#2879=ORIENTED_EDGE('',*,*,#2878,.T.);
#2880=ORIENTED_EDGE('',*,*,#2617,.F.);
#2881=CARTESIAN_POINT('',(13.559346732,165.84538724,6.34779964));
#2882=DIRECTION('',(0.104528463,-0.,0.994521895));
#2883=DIRECTION('',(0.994521895,-0.,-0.104528463));
#2884=AXIS2_PLACEMENT_3D('',#2881,#2882,#2883);
#2885=CIRCLE('',#2884,1.8);
#2886=EDGE_CURVE('',#2610,#2673,#2885,.T.);
#2887=ORIENTED_EDGE('',*,*,#2886,.T.);
#2888=ORIENTED_EDGE('',*,*,#2680,.T.);
#2889=CARTESIAN_POINT('',(9.979067908,165.19538724,6.724102108));
#2890=DIRECTION('',(-0.104528463,0.,-0.994521895));
#2891=DIRECTION('',(-0.994521895,0.,0.104528463));
#2892=AXIS2_PLACEMENT_3D('',#2889,#2890,#2891);
#2893=CIRCLE('',#2892,1.8);
#2894=EDGE_CURVE('',#2675,#2715,#2893,.T.);
#2895=ORIENTED_EDGE('',*,*,#2894,.T.);
#2896=ORIENTED_EDGE('',*,*,#2720,.F.);
#2897=CARTESIAN_POINT('',(9.332628676,161.59538724,6.792045609));
#2898=DIRECTION('',(0.104528463,-0.,0.994521895));
#2899=DIRECTION('',(0.994521895,-0.,-0.104528463));
#2900=AXIS2_PLACEMENT_3D('',#2897,#2898,#2899);
#2901=CIRCLE('',#2900,1.8);
#2902=EDGE_CURVE('',#2713,#1357,#2901,.T.);
#2903=ORIENTED_EDGE('',*,*,#2902,.T.);
#2904=ORIENTED_EDGE('',*,*,#1362,.T.);
#2905=CARTESIAN_POINT('',(9.332628676,154.79538724,6.792045609));
#2906=DIRECTION('',(0.104528463,-0.,0.994521895));
#2907=DIRECTION('',(-0.994521895,0.,0.104528463));
#2908=AXIS2_PLACEMENT_3D('',#2905,#2906,#2907);
#2909=CIRCLE('',#2908,1.8);
#2910=EDGE_CURVE('',#1349,#2771,#2909,.T.);
#2911=ORIENTED_EDGE('',*,*,#2910,.T.);
#2912=ORIENTED_EDGE('',*,*,#2776,.T.);
#2913=CARTESIAN_POINT('',(9.979067908,151.19538724,6.724102108));
#2914=DIRECTION('',(-0.104528463,0.,-0.994521895));
#2915=DIRECTION('',(-0.994521895,0.,0.104528463));
#2916=AXIS2_PLACEMENT_3D('',#2913,#2914,#2915);
#2917=CIRCLE('',#2916,1.8);
#2918=EDGE_CURVE('',#2763,#2811,#2917,.T.);
#2919=ORIENTED_EDGE('',*,*,#2918,.T.);
#2920=ORIENTED_EDGE('',*,*,#2816,.F.);
#2921=CARTESIAN_POINT('',(13.559346732,150.54538724,6.34779964));
#2922=DIRECTION('',(0.104528463,-0.,0.994521895));
#2923=DIRECTION('',(0.994521895,-0.,-0.104528463));
#2924=AXIS2_PLACEMENT_3D('',#2921,#2922,#2923);
#2925=CIRCLE('',#2924,1.8);
#2926=EDGE_CURVE('',#2803,#1869,#2925,.T.);
#2927=ORIENTED_EDGE('',*,*,#2926,.T.);
#2928=ORIENTED_EDGE('',*,*,#1874,.T.);
#2929=CARTESIAN_POINT('',(18.830312777,150.54538724,5.793798784));
#2930=DIRECTION('',(0.104528463,-0.,0.994521895));
#2931=DIRECTION('',(-0.994521895,0.,0.104528463));
#2932=AXIS2_PLACEMENT_3D('',#2929,#2930,#2931);
#2933=CIRCLE('',#2932,1.8);
#2934=EDGE_CURVE('',#1861,#1914,#2933,.T.);
#2935=ORIENTED_EDGE('',*,*,#2934,.T.);
#2936=ORIENTED_EDGE('',*,*,#1921,.T.);
#2937=CARTESIAN_POINT('',(22.4105916,151.19538724,5.417496317));
#2938=DIRECTION('',(-0.104528463,0.,-0.994521895));
#2939=DIRECTION('',(-0.994521895,0.,0.104528463));
#2940=AXIS2_PLACEMENT_3D('',#2937,#2938,#2939);
#2941=CIRCLE('',#2940,1.8);
#2942=EDGE_CURVE('',#1916,#1972,#2941,.T.);
#2943=ORIENTED_EDGE('',*,*,#2942,.T.);
#2944=ORIENTED_EDGE('',*,*,#1977,.F.);
#2945=CARTESIAN_POINT('',(22.858126453,154.79538724,5.370458508));
#2946=DIRECTION('',(0.104528463,-0.,0.994521895));
#2947=DIRECTION('',(-0.994521895,0.,0.104528463));
#2948=AXIS2_PLACEMENT_3D('',#2945,#2946,#2947);
#2949=CIRCLE('',#2948,1.8);
#2950=EDGE_CURVE('',#1964,#2012,#2949,.T.);
#2951=ORIENTED_EDGE('',*,*,#2950,.T.);
#2952=ORIENTED_EDGE('',*,*,#2017,.F.);
#2953=CARTESIAN_POINT('',(22.858126453,161.59538724,5.370458508));
#2954=DIRECTION('',(0.104528463,-0.,0.994521895));
#2955=DIRECTION('',(0.994521895,-0.,-0.104528463));
#2956=AXIS2_PLACEMENT_3D('',#2953,#2954,#2955);
#2957=CIRCLE('',#2956,1.8);
#2958=EDGE_CURVE('',#2004,#2052,#2957,.T.);
#2959=ORIENTED_EDGE('',*,*,#2958,.T.);
#2960=ORIENTED_EDGE('',*,*,#2057,.T.);
#2961=CARTESIAN_POINT('',(22.4105916,165.19538724,5.417496317));
#2962=DIRECTION('',(-0.104528463,0.,-0.994521895));
#2963=DIRECTION('',(-0.994521895,0.,0.104528463));
#2964=AXIS2_PLACEMENT_3D('',#2961,#2962,#2963);
#2965=CIRCLE('',#2964,1.8);
#2966=EDGE_CURVE('',#2044,#2851,#2965,.T.);
#2967=ORIENTED_EDGE('',*,*,#2966,.T.);
#2968=EDGE_LOOP('',(#2872,#2879,#2880,#2887,#2888,#2895,#2896,#2903,#2904,#2911,#2912,#2919,#2920,#2927,#2928,#2935,#2936,#2943,#2944,#2951,#2952,#2959,#2960,#2967));
#2969=FACE_BOUND('',#2968,.T.);
#2970=ADVANCED_FACE('',(#2969),#2871,.T.);
#2971=CARTESIAN_POINT('',(19.529016241,146.44538724,6.223116231));
#2972=DIRECTION('',(0.994521895,0.,-0.104528463));
#2973=DIRECTION('',(-0.,1.,0.));
#2974=AXIS2_PLACEMENT_3D('',#2971,#2972,#2973);
#2975=PLANE('',#2974);
#2976=CARTESIAN_POINT('',(19.685808936,45.57038724,7.714899074));
#2977=VERTEX_POINT('',#2976);
#2978=CARTESIAN_POINT('',(19.685808936,146.19538724,7.714899074));
#2979=VERTEX_POINT('',#2978);
#2980=CARTESIAN_POINT('',(19.685808936,45.57038724,7.714899074));
#2981=DIRECTION('',(-0.,1.,0.));
#2982=VECTOR('',#2981,100.625);
#2983=LINE('',#2980,#2982);
#2984=EDGE_CURVE('',#2977,#2979,#2983,.T.);
#2985=ORIENTED_EDGE('',*,*,#2984,.T.);
#2986=CARTESIAN_POINT('',(19.529016241,146.19538724,6.223116231));
#2987=VERTEX_POINT('',#2986);
#2988=CARTESIAN_POINT('',(19.685808936,146.19538724,7.714899074));
#2989=DIRECTION('',(-0.104528463,0.,-0.994521895));
#2990=VECTOR('',#2989,1.5);
#2991=LINE('',#2988,#2990);
#2992=EDGE_CURVE('',#2979,#2987,#2991,.T.);
#2993=ORIENTED_EDGE('',*,*,#2992,.T.);
#2994=CARTESIAN_POINT('',(19.529016241,146.69538724,6.223116231));
#2995=VERTEX_POINT('',#2994);
#2996=CARTESIAN_POINT('',(19.529016241,146.19538724,6.223116231));
#2997=DIRECTION('',(-0.,1.,0.));
#2998=VECTOR('',#2997,0.5);
#2999=LINE('',#2996,#2998);
#3000=EDGE_CURVE('',#2987,#2995,#2999,.T.);
#3001=ORIENTED_EDGE('',*,*,#3000,.T.);
#3002=CARTESIAN_POINT('',(19.529016241,146.69538724,6.223116231));
#3003=DIRECTION('',(0.104528463,-0.,0.994521895));
#3004=VECTOR('',#3003,5.);
#3005=LINE('',#3002,#3004);
#3006=EDGE_CURVE('',#2995,#290,#3005,.T.);
#3007=ORIENTED_EDGE('',*,*,#3006,.T.);
#3008=ORIENTED_EDGE('',*,*,#295,.F.);
#3009=CARTESIAN_POINT('',(20.051658557,45.57038724,11.195725708));
#3010=DIRECTION('',(-0.104528463,0.,-0.994521895));
#3011=VECTOR('',#3010,3.5);
#3012=LINE('',#3009,#3011);
#3013=EDGE_CURVE('',#281,#2977,#3012,.T.);
#3014=ORIENTED_EDGE('',*,*,#3013,.T.);
#3015=EDGE_LOOP('',(#2985,#2993,#3001,#3007,#3008,#3014));
#3016=FACE_BOUND('',#3015,.T.);
#3017=ADVANCED_FACE('',(#3016),#2975,.T.);
#3018=CARTESIAN_POINT('',(27.186834835,143.94538724,5.418247064));
#3019=DIRECTION('',(0.,-1.,-0.));
#3020=DIRECTION('',(0.994521895,0.,-0.104528463));
#3021=AXIS2_PLACEMENT_3D('',#3018,#3019,#3020);
#3022=PLANE('',#3021);
#3023=CARTESIAN_POINT('',(21.9234832,143.94538724,7.479710032));
#3024=VERTEX_POINT('',#3023);
#3025=CARTESIAN_POINT('',(32.76377186,143.94538724,6.340349782));
#3026=VERTEX_POINT('',#3025);
#3027=CARTESIAN_POINT('',(21.9234832,143.94538724,7.479710032));
#3028=DIRECTION('',(0.994521895,0.,-0.104528463));
#3029=VECTOR('',#3028,10.9);
#3030=LINE('',#3027,#3029);
#3031=EDGE_CURVE('',#3024,#3026,#3030,.T.);
#3032=ORIENTED_EDGE('',*,*,#3031,.T.);
#3033=CARTESIAN_POINT('',(32.606979165,143.94538724,4.848566939));
#3034=VERTEX_POINT('',#3033);
#3035=CARTESIAN_POINT('',(32.76377186,143.94538724,6.340349782));
#3036=DIRECTION('',(-0.104528463,0.,-0.994521895));
#3037=VECTOR('',#3036,1.5);
#3038=LINE('',#3035,#3037);
#3039=EDGE_CURVE('',#3026,#3034,#3038,.T.);
#3040=ORIENTED_EDGE('',*,*,#3039,.T.);
#3041=CARTESIAN_POINT('',(21.766690505,143.94538724,5.987927189));
#3042=VERTEX_POINT('',#3041);
#3043=CARTESIAN_POINT('',(21.766690505,143.94538724,5.987927189));
#3044=DIRECTION('',(0.994521895,-0.,-0.104528463));
#3045=VECTOR('',#3044,10.9);
#3046=LINE('',#3043,#3045);
#3047=EDGE_CURVE('',#3042,#3034,#3046,.T.);
#3048=ORIENTED_EDGE('',*,*,#3047,.F.);
#3049=CARTESIAN_POINT('',(21.766690505,143.94538724,5.987927189));
#3050=DIRECTION('',(0.104528463,-0.,0.994521895));
#3051=VECTOR('',#3050,1.5);
#3052=LINE('',#3049,#3051);
#3053=EDGE_CURVE('',#3042,#3024,#3052,.T.);
#3054=ORIENTED_EDGE('',*,*,#3053,.T.);
#3055=EDGE_LOOP('',(#3032,#3040,#3048,#3054));
#3056=FACE_BOUND('',#3055,.T.);
#3057=ADVANCED_FACE('',(#3056),#3022,.F.);
#3058=CARTESIAN_POINT('',(34.844653429,155.69538724,4.613377897));
#3059=DIRECTION('',(-0.994521895,0.,0.104528463));
#3060=DIRECTION('',(0.104528463,-0.,0.994521895));
#3061=AXIS2_PLACEMENT_3D('',#3058,#3059,#3060);
#3062=PLANE('',#3061);
#3063=ORIENTED_EDGE('',*,*,#261,.F.);
#3064=CARTESIAN_POINT('',(34.844653429,165.19538724,4.613377897));
#3065=VERTEX_POINT('',#3064);
#3066=CARTESIAN_POINT('',(35.367295746,165.19538724,9.585987374));
#3067=DIRECTION('',(-0.104528463,0.,-0.994521895));
#3068=VECTOR('',#3067,5.);
#3069=LINE('',#3066,#3068);
#3070=EDGE_CURVE('',#247,#3065,#3069,.T.);
#3071=ORIENTED_EDGE('',*,*,#3070,.T.);
#3072=CARTESIAN_POINT('',(34.844653429,146.19538724,4.613377897));
#3073=VERTEX_POINT('',#3072);
#3074=CARTESIAN_POINT('',(34.844653429,165.19538724,4.613377897));
#3075=DIRECTION('',(-0.,-1.,0.));
#3076=VECTOR('',#3075,19.);
#3077=LINE('',#3074,#3076);
#3078=EDGE_CURVE('',#3065,#3073,#3077,.T.);
#3079=ORIENTED_EDGE('',*,*,#3078,.T.);
#3080=CARTESIAN_POINT('',(35.001446124,146.19538724,6.10516074));
#3081=VERTEX_POINT('',#3080);
#3082=CARTESIAN_POINT('',(34.844653429,146.19538724,4.613377897));
#3083=DIRECTION('',(0.104528463,-0.,0.994521895));
#3084=VECTOR('',#3083,1.5);
#3085=LINE('',#3082,#3084);
#3086=EDGE_CURVE('',#3073,#3081,#3085,.T.);
#3087=ORIENTED_EDGE('',*,*,#3086,.T.);
#3088=CARTESIAN_POINT('',(35.001446124,45.57038724,6.10516074));
#3089=VERTEX_POINT('',#3088);
#3090=CARTESIAN_POINT('',(35.001446124,146.19538724,6.10516074));
#3091=DIRECTION('',(-0.,-1.,0.));
#3092=VECTOR('',#3091,100.625);
#3093=LINE('',#3090,#3092);
#3094=EDGE_CURVE('',#3081,#3089,#3093,.T.);
#3095=ORIENTED_EDGE('',*,*,#3094,.T.);
#3096=CARTESIAN_POINT('',(35.001446124,45.57038724,6.10516074));
#3097=DIRECTION('',(0.104528463,-0.,0.994521895));
#3098=VECTOR('',#3097,3.5);
#3099=LINE('',#3096,#3098);
#3100=EDGE_CURVE('',#3089,#256,#3099,.T.);
#3101=ORIENTED_EDGE('',*,*,#3100,.T.);
#3102=EDGE_LOOP('',(#3063,#3071,#3079,#3087,#3095,#3101));
#3103=FACE_BOUND('',#3102,.T.);
#3104=ADVANCED_FACE('',(#3103),#3062,.T.);
#3105=CARTESIAN_POINT('',(55.630161043,158.19538724,2.428733014));
#3106=DIRECTION('',(0.104528463,-0.,0.994521895));
#3107=DIRECTION('',(0.,1.,0.));
#3108=AXIS2_PLACEMENT_3D('',#3105,#3106,#3107);
#3109=PLANE('',#3108);
#3110=CARTESIAN_POINT('',(22.462855832,151.99538724,5.914757264));
#3111=VERTEX_POINT('',#3110);
#3112=CARTESIAN_POINT('',(22.462855832,151.19538724,5.914757264));
#3113=DIRECTION('',(-0.104528463,0.,-0.994521895));
#3114=DIRECTION('',(0.,1.,0.));
#3115=AXIS2_PLACEMENT_3D('',#3112,#3113,#3114);
#3116=CIRCLE('',#3115,0.8);
#3117=EDGE_CURVE('',#3111,#3111,#3116,.T.);
#3118=ORIENTED_EDGE('',*,*,#3117,.T.);
#3119=EDGE_LOOP('',(#3118));
#3120=FACE_BOUND('',#3119,.T.);
#3121=CARTESIAN_POINT('',(22.462855832,165.99538724,5.914757264));
#3122=VERTEX_POINT('',#3121);
#3123=CARTESIAN_POINT('',(22.462855832,165.19538724,5.914757264));
#3124=DIRECTION('',(-0.104528463,0.,-0.994521895));
#3125=DIRECTION('',(0.,1.,0.));
#3126=AXIS2_PLACEMENT_3D('',#3123,#3124,#3125);
#3127=CIRCLE('',#3126,0.8);
#3128=EDGE_CURVE('',#3122,#3122,#3127,.T.);
#3129=ORIENTED_EDGE('',*,*,#3128,.T.);
#3130=EDGE_LOOP('',(#3129));
#3131=FACE_BOUND('',#3130,.T.);
#3132=ORIENTED_EDGE('',*,*,#2840,.T.);
#3133=CARTESIAN_POINT('',(22.462855832,165.19538724,5.914757264));
#3134=DIRECTION('',(0.104528463,-0.,0.994521895));
#3135=DIRECTION('',(-0.994521895,0.,0.104528463));
#3136=AXIS2_PLACEMENT_3D('',#3133,#3134,#3135);
#3137=CIRCLE('',#3136,1.8);
#3138=EDGE_CURVE('',#2835,#2036,#3137,.T.);
#3139=ORIENTED_EDGE('',*,*,#3138,.T.);
#3140=ORIENTED_EDGE('',*,*,#2041,.F.);
#3141=CARTESIAN_POINT('',(22.910390685,161.59538724,5.867719456));
#3142=DIRECTION('',(-0.104528463,0.,-0.994521895));
#3143=DIRECTION('',(0.994521895,-0.,-0.104528463));
#3144=AXIS2_PLACEMENT_3D('',#3141,#3142,#3143);
#3145=CIRCLE('',#3144,1.8);
#3146=EDGE_CURVE('',#2034,#1994,#3145,.T.);
#3147=ORIENTED_EDGE('',*,*,#3146,.T.);
#3148=ORIENTED_EDGE('',*,*,#2001,.T.);
#3149=CARTESIAN_POINT('',(22.910390685,154.79538724,5.867719456));
#3150=DIRECTION('',(-0.104528463,0.,-0.994521895));
#3151=DIRECTION('',(-0.994521895,0.,0.104528463));
#3152=AXIS2_PLACEMENT_3D('',#3149,#3150,#3151);
#3153=CIRCLE('',#3152,1.8);
#3154=EDGE_CURVE('',#1996,#1954,#3153,.T.);
#3155=ORIENTED_EDGE('',*,*,#3154,.T.);
#3156=ORIENTED_EDGE('',*,*,#1961,.T.);
#3157=CARTESIAN_POINT('',(22.462855832,151.19538724,5.914757264));
#3158=DIRECTION('',(0.104528463,-0.,0.994521895));
#3159=DIRECTION('',(-0.994521895,0.,0.104528463));
#3160=AXIS2_PLACEMENT_3D('',#3157,#3158,#3159);
#3161=CIRCLE('',#3160,1.8);
#3162=EDGE_CURVE('',#1956,#1932,#3161,.T.);
#3163=ORIENTED_EDGE('',*,*,#3162,.T.);
#3164=ORIENTED_EDGE('',*,*,#1937,.F.);
#3165=CARTESIAN_POINT('',(18.882577009,150.54538724,6.291059732));
#3166=DIRECTION('',(-0.104528463,0.,-0.994521895));
#3167=DIRECTION('',(-0.994521895,0.,0.104528463));
#3168=AXIS2_PLACEMENT_3D('',#3165,#3166,#3167);
#3169=CIRCLE('',#3168,1.8);
#3170=EDGE_CURVE('',#1924,#1853,#3169,.T.);
#3171=ORIENTED_EDGE('',*,*,#3170,.T.);
#3172=ORIENTED_EDGE('',*,*,#1858,.F.);
#3173=CARTESIAN_POINT('',(17.490246355,146.69538724,6.437399581));
#3174=DIRECTION('',(-0.104528463,0.,-0.994521895));
#3175=DIRECTION('',(0.994521895,0.,-0.104528463));
#3176=AXIS2_PLACEMENT_3D('',#3173,#3174,#3175);
#3177=CIRCLE('',#3176,2.05);
#3178=EDGE_CURVE('',#1851,#2995,#3177,.T.);
#3179=ORIENTED_EDGE('',*,*,#3178,.T.);
#3180=ORIENTED_EDGE('',*,*,#3000,.F.);
#3181=CARTESIAN_POINT('',(21.766690505,146.19538724,5.987927189));
#3182=DIRECTION('',(0.104528463,-0.,0.994521895));
#3183=DIRECTION('',(0.994521895,-0.,-0.104528463));
#3184=AXIS2_PLACEMENT_3D('',#3181,#3182,#3183);
#3185=CIRCLE('',#3184,2.25);
#3186=EDGE_CURVE('',#2987,#3042,#3185,.T.);
#3187=ORIENTED_EDGE('',*,*,#3186,.T.);
#3188=ORIENTED_EDGE('',*,*,#3047,.T.);
#3189=CARTESIAN_POINT('',(32.606979165,146.19538724,4.848566939));
#3190=DIRECTION('',(0.104528463,-0.,0.994521895));
#3191=DIRECTION('',(0.994521895,-0.,-0.104528463));
#3192=AXIS2_PLACEMENT_3D('',#3189,#3190,#3191);
#3193=CIRCLE('',#3192,2.25);
#3194=EDGE_CURVE('',#3034,#3073,#3193,.T.);
#3195=ORIENTED_EDGE('',*,*,#3194,.T.);
#3196=ORIENTED_EDGE('',*,*,#3078,.F.);
#3197=CARTESIAN_POINT('',(32.408074786,165.19538724,4.869472632));
#3198=DIRECTION('',(0.104528463,-0.,0.994521895));
#3199=DIRECTION('',(0.994521895,0.,-0.104528463));
#3200=AXIS2_PLACEMENT_3D('',#3197,#3198,#3199);
#3201=CIRCLE('',#3200,2.45);
#3202=EDGE_CURVE('',#3065,#2628,#3201,.T.);
#3203=ORIENTED_EDGE('',*,*,#3202,.T.);
#3204=ORIENTED_EDGE('',*,*,#2633,.F.);
#3205=CARTESIAN_POINT('',(18.882577009,165.84538724,6.291059732));
#3206=DIRECTION('',(-0.104528463,0.,-0.994521895));
#3207=DIRECTION('',(-0.994521895,0.,0.104528463));
#3208=AXIS2_PLACEMENT_3D('',#3205,#3206,#3207);
#3209=CIRCLE('',#3208,1.8);
#3210=EDGE_CURVE('',#2620,#2833,#3209,.T.);
#3211=ORIENTED_EDGE('',*,*,#3210,.T.);
#3212=EDGE_LOOP('',(#3132,#3139,#3140,#3147,#3148,#3155,#3156,#3163,#3164,#3171,#3172,#3179,#3180,#3187,#3188,#3195,#3196,#3203,#3204,#3211));
#3213=FACE_BOUND('',#3212,.T.);
#3214=ADVANCED_FACE('',(#3120,#3131,#3213),#3109,.T.);
#3215=CARTESIAN_POINT('',(55.630161043,158.19538724,2.428733014));
#3216=DIRECTION('',(0.104528463,-0.,0.994521895));
#3217=DIRECTION('',(0.,1.,0.));
#3218=AXIS2_PLACEMENT_3D('',#3215,#3216,#3217);
#3219=PLANE('',#3218);
#3220=CARTESIAN_POINT('',(10.03133214,151.99538724,7.221363055));
#3221=VERTEX_POINT('',#3220);
#3222=CARTESIAN_POINT('',(10.03133214,151.19538724,7.221363055));
#3223=DIRECTION('',(-0.104528463,0.,-0.994521895));
#3224=DIRECTION('',(0.,1.,0.));
#3225=AXIS2_PLACEMENT_3D('',#3222,#3223,#3224);
#3226=CIRCLE('',#3225,0.8);
#3227=EDGE_CURVE('',#3221,#3221,#3226,.T.);
#3228=ORIENTED_EDGE('',*,*,#3227,.T.);
#3229=EDGE_LOOP('',(#3228));
#3230=FACE_BOUND('',#3229,.T.);
#3231=ORIENTED_EDGE('',*,*,#2800,.T.);
#3232=CARTESIAN_POINT('',(10.03133214,151.19538724,7.221363055));
#3233=DIRECTION('',(0.104528463,-0.,0.994521895));
#3234=DIRECTION('',(-0.994521895,0.,0.104528463));
#3235=AXIS2_PLACEMENT_3D('',#3232,#3233,#3234);
#3236=CIRCLE('',#3235,1.8);
#3237=EDGE_CURVE('',#2795,#2755,#3236,.T.);
#3238=ORIENTED_EDGE('',*,*,#3237,.T.);
#3239=ORIENTED_EDGE('',*,*,#2760,.F.);
#3240=CARTESIAN_POINT('',(9.384892908,154.79538724,7.289306556));
#3241=DIRECTION('',(-0.104528463,0.,-0.994521895));
#3242=DIRECTION('',(-0.994521895,0.,0.104528463));
#3243=AXIS2_PLACEMENT_3D('',#3240,#3241,#3242);
#3244=CIRCLE('',#3243,1.8);
#3245=EDGE_CURVE('',#2753,#1341,#3244,.T.);
#3246=ORIENTED_EDGE('',*,*,#3245,.T.);
#3247=ORIENTED_EDGE('',*,*,#1346,.T.);
#3248=CARTESIAN_POINT('',(10.03133214,151.19538724,7.221363055));
#3249=DIRECTION('',(0.104528463,-0.,0.994521895));
#3250=DIRECTION('',(0.994521895,0.,-0.104528463));
#3251=AXIS2_PLACEMENT_3D('',#3248,#3249,#3250);
#3252=CIRCLE('',#3251,2.45);
#3253=EDGE_CURVE('',#1333,#1885,#3252,.T.);
#3254=ORIENTED_EDGE('',*,*,#3253,.T.);
#3255=ORIENTED_EDGE('',*,*,#1890,.T.);
#3256=CARTESIAN_POINT('',(13.611610963,150.54538724,6.845060587));
#3257=DIRECTION('',(-0.104528463,0.,-0.994521895));
#3258=DIRECTION('',(0.994521895,-0.,-0.104528463));
#3259=AXIS2_PLACEMENT_3D('',#3256,#3257,#3258);
#3260=CIRCLE('',#3259,1.8);
#3261=EDGE_CURVE('',#1877,#2793,#3260,.T.);
#3262=ORIENTED_EDGE('',*,*,#3261,.T.);
#3263=EDGE_LOOP('',(#3231,#3238,#3239,#3246,#3247,#3254,#3255,#3262));
#3264=FACE_BOUND('',#3263,.T.);
#3265=ADVANCED_FACE('',(#3230,#3264),#3219,.T.);
#3266=CARTESIAN_POINT('',(55.630161043,158.19538724,2.428733014));
#3267=DIRECTION('',(0.104528463,-0.,0.994521895));
#3268=DIRECTION('',(0.,1.,0.));
#3269=AXIS2_PLACEMENT_3D('',#3266,#3267,#3268);
#3270=PLANE('',#3269);
#3271=CARTESIAN_POINT('',(10.03133214,165.99538724,7.221363055));
#3272=VERTEX_POINT('',#3271);
#3273=CARTESIAN_POINT('',(10.03133214,165.19538724,7.221363055));
#3274=DIRECTION('',(-0.104528463,0.,-0.994521895));
#3275=DIRECTION('',(0.,1.,0.));
#3276=AXIS2_PLACEMENT_3D('',#3273,#3274,#3275);
#3277=CIRCLE('',#3276,0.8);
#3278=EDGE_CURVE('',#3272,#3272,#3277,.T.);
#3279=ORIENTED_EDGE('',*,*,#3278,.T.);
#3280=EDGE_LOOP('',(#3279));
#3281=FACE_BOUND('',#3280,.T.);
#3282=ORIENTED_EDGE('',*,*,#2736,.T.);
#3283=CARTESIAN_POINT('',(10.03133214,165.19538724,7.221363055));
#3284=DIRECTION('',(0.104528463,-0.,0.994521895));
#3285=DIRECTION('',(-0.994521895,0.,0.104528463));
#3286=AXIS2_PLACEMENT_3D('',#3283,#3284,#3285);
#3287=CIRCLE('',#3286,1.8);
#3288=EDGE_CURVE('',#2723,#2691,#3287,.T.);
#3289=ORIENTED_EDGE('',*,*,#3288,.T.);
#3290=ORIENTED_EDGE('',*,*,#2696,.F.);
#3291=CARTESIAN_POINT('',(13.611610963,165.84538724,6.845060587));
#3292=DIRECTION('',(-0.104528463,0.,-0.994521895));
#3293=DIRECTION('',(0.994521895,-0.,-0.104528463));
#3294=AXIS2_PLACEMENT_3D('',#3291,#3292,#3293);
#3295=CIRCLE('',#3294,1.8);
#3296=EDGE_CURVE('',#2683,#2651,#3295,.T.);
#3297=ORIENTED_EDGE('',*,*,#3296,.T.);
#3298=ORIENTED_EDGE('',*,*,#2656,.F.);
#3299=CARTESIAN_POINT('',(10.03133214,165.19538724,7.221363055));
#3300=DIRECTION('',(0.104528463,-0.,0.994521895));
#3301=DIRECTION('',(0.994521895,0.,-0.104528463));
#3302=AXIS2_PLACEMENT_3D('',#3299,#3300,#3301);
#3303=CIRCLE('',#3302,2.45);
#3304=EDGE_CURVE('',#2643,#1373,#3303,.T.);
#3305=ORIENTED_EDGE('',*,*,#3304,.T.);
#3306=ORIENTED_EDGE('',*,*,#1378,.T.);
#3307=CARTESIAN_POINT('',(9.384892908,161.59538724,7.289306556));
#3308=DIRECTION('',(-0.104528463,0.,-0.994521895));
#3309=DIRECTION('',(0.994521895,-0.,-0.104528463));
#3310=AXIS2_PLACEMENT_3D('',#3307,#3308,#3309);
#3311=CIRCLE('',#3310,1.8);
#3312=EDGE_CURVE('',#1365,#2731,#3311,.T.);
#3313=ORIENTED_EDGE('',*,*,#3312,.T.);
#3314=EDGE_LOOP('',(#3282,#3289,#3290,#3297,#3298,#3305,#3306,#3313));
#3315=FACE_BOUND('',#3314,.T.);
#3316=ADVANCED_FACE('',(#3281,#3315),#3270,.T.);
#3317=CARTESIAN_POINT('',(27.34362753,43.12038724,6.910029907));
#3318=DIRECTION('',(0.,1.,0.));
#3319=DIRECTION('',(-0.104528463,0.,-0.994521895));
#3320=AXIS2_PLACEMENT_3D('',#3317,#3318,#3319);
#3321=PLANE('',#3320);
#3322=ORIENTED_EDGE('',*,*,#278,.F.);
#3323=CARTESIAN_POINT('',(32.564867481,43.12038724,6.361255475));
#3324=VERTEX_POINT('',#3323);
#3325=CARTESIAN_POINT('',(32.930717102,43.12038724,9.842082109));
#3326=DIRECTION('',(-0.104528463,0.,-0.994521895));
#3327=VECTOR('',#3326,3.5);
#3328=LINE('',#3325,#3327);
#3329=EDGE_CURVE('',#264,#3324,#3328,.T.);
#3330=ORIENTED_EDGE('',*,*,#3329,.T.);
#3331=CARTESIAN_POINT('',(22.122387579,43.12038724,7.458804339));
#3332=VERTEX_POINT('',#3331);
#3333=CARTESIAN_POINT('',(32.564867481,43.12038724,6.361255475));
#3334=DIRECTION('',(-0.994521895,0.,0.104528463));
#3335=VECTOR('',#3334,10.5);
#3336=LINE('',#3333,#3335);
#3337=EDGE_CURVE('',#3324,#3332,#3336,.T.);
#3338=ORIENTED_EDGE('',*,*,#3337,.T.);
#3339=CARTESIAN_POINT('',(22.122387579,43.12038724,7.458804339));
#3340=DIRECTION('',(0.104528463,-0.,0.994521895));
#3341=VECTOR('',#3340,3.5);
#3342=LINE('',#3339,#3341);
#3343=EDGE_CURVE('',#3332,#273,#3342,.T.);
#3344=ORIENTED_EDGE('',*,*,#3343,.T.);
#3345=EDGE_LOOP('',(#3322,#3330,#3338,#3344));
#3346=FACE_BOUND('',#3345,.T.);
#3347=ADVANCED_FACE('',(#3346),#3321,.T.);
#3348=CARTESIAN_POINT('',(55.786953738,158.19538724,3.920515857));
#3349=DIRECTION('',(0.104528463,-0.,0.994521895));
#3350=DIRECTION('',(0.,1.,0.));
#3351=AXIS2_PLACEMENT_3D('',#3348,#3349,#3350);
#3352=PLANE('',#3351);
#3353=ORIENTED_EDGE('',*,*,#3337,.F.);
#3354=CARTESIAN_POINT('',(32.564867481,45.57038724,6.361255475));
#3355=DIRECTION('',(0.104528463,-0.,0.994521895));
#3356=DIRECTION('',(0.994521895,0.,-0.104528463));
#3357=AXIS2_PLACEMENT_3D('',#3354,#3355,#3356);
#3358=CIRCLE('',#3357,2.45);
#3359=EDGE_CURVE('',#3324,#3089,#3358,.T.);
#3360=ORIENTED_EDGE('',*,*,#3359,.T.);
#3361=ORIENTED_EDGE('',*,*,#3094,.F.);
#3362=CARTESIAN_POINT('',(32.76377186,146.19538724,6.340349782));
#3363=DIRECTION('',(-0.104528463,0.,-0.994521895));
#3364=DIRECTION('',(0.994521895,-0.,-0.104528463));
#3365=AXIS2_PLACEMENT_3D('',#3362,#3363,#3364);
#3366=CIRCLE('',#3365,2.25);
#3367=EDGE_CURVE('',#3081,#3026,#3366,.T.);
#3368=ORIENTED_EDGE('',*,*,#3367,.T.);
#3369=ORIENTED_EDGE('',*,*,#3031,.F.);
#3370=CARTESIAN_POINT('',(21.9234832,146.19538724,7.479710032));
#3371=DIRECTION('',(-0.104528463,0.,-0.994521895));
#3372=DIRECTION('',(0.994521895,-0.,-0.104528463));
#3373=AXIS2_PLACEMENT_3D('',#3370,#3371,#3372);
#3374=CIRCLE('',#3373,2.25);
#3375=EDGE_CURVE('',#3024,#2979,#3374,.T.);
#3376=ORIENTED_EDGE('',*,*,#3375,.T.);
#3377=ORIENTED_EDGE('',*,*,#2984,.F.);
#3378=CARTESIAN_POINT('',(22.122387579,45.57038724,7.458804339));
#3379=DIRECTION('',(0.104528463,-0.,0.994521895));
#3380=DIRECTION('',(0.994521895,0.,-0.104528463));
#3381=AXIS2_PLACEMENT_3D('',#3378,#3379,#3380);
#3382=CIRCLE('',#3381,2.45);
#3383=EDGE_CURVE('',#2977,#3332,#3382,.T.);
#3384=ORIENTED_EDGE('',*,*,#3383,.T.);
#3385=EDGE_LOOP('',(#3353,#3360,#3361,#3368,#3369,#3376,#3377,#3384));
#3386=FACE_BOUND('',#3385,.T.);
#3387=ADVANCED_FACE('',(#3386),#3352,.T.);
#3388=CARTESIAN_POINT('',(10.553974456,165.19538724,12.193972532));
#3389=DIRECTION('',(0.104528463,-0.,0.994521895));
#3390=DIRECTION('',(0.994521895,-0.,-0.104528463));
#3391=AXIS2_PLACEMENT_3D('',#3388,#3389,#3390);
#3392=CYLINDRICAL_SURFACE('',#3391,2.45);
#3393=ORIENTED_EDGE('',*,*,#3304,.F.);
#3394=ORIENTED_EDGE('',*,*,#2648,.F.);
#3395=ORIENTED_EDGE('',*,*,#236,.F.);
#3396=ORIENTED_EDGE('',*,*,#1384,.F.);
#3397=EDGE_LOOP('',(#3393,#3394,#3395,#3396));
#3398=FACE_BOUND('',#3397,.T.);
#3399=ADVANCED_FACE('',(#3398),#3392,.F.);
#3400=CARTESIAN_POINT('',(9.979067908,151.19538724,6.724102108));
#3401=DIRECTION('',(-0.104528463,0.,-0.994521895));
#3402=DIRECTION('',(-0.994521895,0.,0.104528463));
#3403=AXIS2_PLACEMENT_3D('',#3400,#3401,#3402);
#3404=CYLINDRICAL_SURFACE('',#3403,2.45);
#3405=ORIENTED_EDGE('',*,*,#3253,.F.);
#3406=ORIENTED_EDGE('',*,*,#1338,.F.);
#3407=ORIENTED_EDGE('',*,*,#321,.F.);
#3408=ORIENTED_EDGE('',*,*,#1896,.F.);
#3409=EDGE_LOOP('',(#3405,#3406,#3407,#3408));
#3410=FACE_BOUND('',#3409,.T.);
#3411=ADVANCED_FACE('',(#3410),#3404,.F.);
#3412=CARTESIAN_POINT('',(32.355810554,165.19538724,4.372211684));
#3413=DIRECTION('',(-0.104528463,0.,-0.994521895));
#3414=DIRECTION('',(-0.994521895,0.,0.104528463));
#3415=AXIS2_PLACEMENT_3D('',#3412,#3413,#3414);
#3416=CYLINDRICAL_SURFACE('',#3415,2.45);
#3417=ORIENTED_EDGE('',*,*,#3202,.F.);
#3418=ORIENTED_EDGE('',*,*,#3070,.F.);
#3419=ORIENTED_EDGE('',*,*,#253,.F.);
#3420=ORIENTED_EDGE('',*,*,#2639,.F.);
#3421=EDGE_LOOP('',(#3417,#3418,#3419,#3420));
#3422=FACE_BOUND('',#3421,.T.);
#3423=ADVANCED_FACE('',(#3422),#3416,.F.);
#3424=CARTESIAN_POINT('',(32.606979165,146.19538724,4.848566939));
#3425=DIRECTION('',(0.104528463,-0.,0.994521895));
#3426=DIRECTION('',(0.994521895,-0.,-0.104528463));
#3427=AXIS2_PLACEMENT_3D('',#3424,#3425,#3426);
#3428=CYLINDRICAL_SURFACE('',#3427,2.25);
#3429=ORIENTED_EDGE('',*,*,#3194,.F.);
#3430=ORIENTED_EDGE('',*,*,#3039,.F.);
#3431=ORIENTED_EDGE('',*,*,#3367,.F.);
#3432=ORIENTED_EDGE('',*,*,#3086,.F.);
#3433=EDGE_LOOP('',(#3429,#3430,#3431,#3432));
#3434=FACE_BOUND('',#3433,.T.);
#3435=ADVANCED_FACE('',(#3434),#3428,.F.);
#3436=CARTESIAN_POINT('',(21.766690505,146.19538724,5.987927189));
#3437=DIRECTION('',(0.104528463,-0.,0.994521895));
#3438=DIRECTION('',(0.994521895,-0.,-0.104528463));
#3439=AXIS2_PLACEMENT_3D('',#3436,#3437,#3438);
#3440=CYLINDRICAL_SURFACE('',#3439,2.25);
#3441=ORIENTED_EDGE('',*,*,#3186,.F.);
#3442=ORIENTED_EDGE('',*,*,#2992,.F.);
#3443=ORIENTED_EDGE('',*,*,#3375,.F.);
#3444=ORIENTED_EDGE('',*,*,#3053,.F.);
#3445=EDGE_LOOP('',(#3441,#3442,#3443,#3444));
#3446=FACE_BOUND('',#3445,.T.);
#3447=ADVANCED_FACE('',(#3446),#3440,.F.);
#3448=CARTESIAN_POINT('',(17.490246355,146.69538724,6.437399581));
#3449=DIRECTION('',(-0.104528463,0.,-0.994521895));
#3450=DIRECTION('',(-0.994521895,0.,0.104528463));
#3451=AXIS2_PLACEMENT_3D('',#3448,#3449,#3450);
#3452=CYLINDRICAL_SURFACE('',#3451,2.05);
#3453=ORIENTED_EDGE('',*,*,#3178,.F.);
#3454=ORIENTED_EDGE('',*,*,#1903,.F.);
#3455=ORIENTED_EDGE('',*,*,#304,.F.);
#3456=ORIENTED_EDGE('',*,*,#3006,.F.);
#3457=EDGE_LOOP('',(#3453,#3454,#3455,#3456));
#3458=FACE_BOUND('',#3457,.T.);
#3459=ADVANCED_FACE('',(#3458),#3452,.T.);
#3460=CARTESIAN_POINT('',(32.408074786,45.57038724,4.869472632));
#3461=DIRECTION('',(-0.104528463,0.,-0.994521895));
#3462=DIRECTION('',(-0.994521895,0.,0.104528463));
#3463=AXIS2_PLACEMENT_3D('',#3460,#3461,#3462);
#3464=CYLINDRICAL_SURFACE('',#3463,2.45);
#3465=ORIENTED_EDGE('',*,*,#3359,.F.);
#3466=ORIENTED_EDGE('',*,*,#3329,.F.);
#3467=ORIENTED_EDGE('',*,*,#270,.F.);
#3468=ORIENTED_EDGE('',*,*,#3100,.F.);
#3469=EDGE_LOOP('',(#3465,#3466,#3467,#3468));
#3470=FACE_BOUND('',#3469,.T.);
#3471=ADVANCED_FACE('',(#3470),#3464,.F.);
#3472=CARTESIAN_POINT('',(22.122387579,45.57038724,7.458804339));
#3473=DIRECTION('',(-0.104528463,0.,-0.994521895));
#3474=DIRECTION('',(-0.994521895,0.,0.104528463));
#3475=AXIS2_PLACEMENT_3D('',#3472,#3473,#3474);
#3476=CYLINDRICAL_SURFACE('',#3475,2.45);
#3477=ORIENTED_EDGE('',*,*,#3383,.F.);
#3478=ORIENTED_EDGE('',*,*,#3013,.F.);
#3479=ORIENTED_EDGE('',*,*,#287,.F.);
#3480=ORIENTED_EDGE('',*,*,#3343,.F.);
#3481=EDGE_LOOP('',(#3477,#3478,#3479,#3480));
#3482=FACE_BOUND('',#3481,.T.);
#3483=ADVANCED_FACE('',(#3482),#3476,.F.);
#3484=CARTESIAN_POINT('',(18.830312777,165.84538724,5.793798784));
#3485=DIRECTION('',(-0.104528463,0.,-0.994521895));
#3486=DIRECTION('',(-0.994521895,0.,0.104528463));
#3487=AXIS2_PLACEMENT_3D('',#3484,#3485,#3486);
#3488=CYLINDRICAL_SURFACE('',#3487,1.8);
#3489=ORIENTED_EDGE('',*,*,#2878,.F.);
#3490=ORIENTED_EDGE('',*,*,#2848,.F.);
#3491=ORIENTED_EDGE('',*,*,#3210,.F.);
#3492=ORIENTED_EDGE('',*,*,#2625,.F.);
#3493=EDGE_LOOP('',(#3489,#3490,#3491,#3492));
#3494=FACE_BOUND('',#3493,.T.);
#3495=ADVANCED_FACE('',(#3494),#3488,.F.);
#3496=CARTESIAN_POINT('',(22.4105916,165.19538724,5.417496317));
#3497=DIRECTION('',(-0.104528463,0.,-0.994521895));
#3498=DIRECTION('',(-0.994521895,0.,0.104528463));
#3499=AXIS2_PLACEMENT_3D('',#3496,#3497,#3498);
#3500=CYLINDRICAL_SURFACE('',#3499,1.8);
#3501=ORIENTED_EDGE('',*,*,#2966,.F.);
#3502=ORIENTED_EDGE('',*,*,#2049,.F.);
#3503=ORIENTED_EDGE('',*,*,#3138,.F.);
#3504=ORIENTED_EDGE('',*,*,#2862,.F.);
#3505=EDGE_LOOP('',(#3501,#3502,#3503,#3504));
#3506=FACE_BOUND('',#3505,.T.);
#3507=ADVANCED_FACE('',(#3506),#3500,.T.);
#3508=CARTESIAN_POINT('',(22.858126453,161.59538724,5.370458508));
#3509=DIRECTION('',(0.104528463,-0.,0.994521895));
#3510=DIRECTION('',(0.994521895,-0.,-0.104528463));
#3511=AXIS2_PLACEMENT_3D('',#3508,#3509,#3510);
#3512=CYLINDRICAL_SURFACE('',#3511,1.8);
#3513=ORIENTED_EDGE('',*,*,#2958,.F.);
#3514=ORIENTED_EDGE('',*,*,#2009,.F.);
#3515=ORIENTED_EDGE('',*,*,#3146,.F.);
#3516=ORIENTED_EDGE('',*,*,#2063,.F.);
#3517=EDGE_LOOP('',(#3513,#3514,#3515,#3516));
#3518=FACE_BOUND('',#3517,.T.);
#3519=ADVANCED_FACE('',(#3518),#3512,.F.);
#3520=CARTESIAN_POINT('',(22.858126453,154.79538724,5.370458508));
#3521=DIRECTION('',(-0.104528463,0.,-0.994521895));
#3522=DIRECTION('',(-0.994521895,0.,0.104528463));
#3523=AXIS2_PLACEMENT_3D('',#3520,#3521,#3522);
#3524=CYLINDRICAL_SURFACE('',#3523,1.8);
#3525=ORIENTED_EDGE('',*,*,#2950,.F.);
#3526=ORIENTED_EDGE('',*,*,#1969,.F.);
#3527=ORIENTED_EDGE('',*,*,#3154,.F.);
#3528=ORIENTED_EDGE('',*,*,#2023,.F.);
#3529=EDGE_LOOP('',(#3525,#3526,#3527,#3528));
#3530=FACE_BOUND('',#3529,.T.);
#3531=ADVANCED_FACE('',(#3530),#3524,.F.);
#3532=CARTESIAN_POINT('',(18.830312777,150.54538724,5.793798784));
#3533=DIRECTION('',(-0.104528463,0.,-0.994521895));
#3534=DIRECTION('',(-0.994521895,0.,0.104528463));
#3535=AXIS2_PLACEMENT_3D('',#3532,#3533,#3534);
#3536=CYLINDRICAL_SURFACE('',#3535,1.8);
#3537=ORIENTED_EDGE('',*,*,#2934,.F.);
#3538=ORIENTED_EDGE('',*,*,#1866,.F.);
#3539=ORIENTED_EDGE('',*,*,#3170,.F.);
#3540=ORIENTED_EDGE('',*,*,#1929,.F.);
#3541=EDGE_LOOP('',(#3537,#3538,#3539,#3540));
#3542=FACE_BOUND('',#3541,.T.);
#3543=ADVANCED_FACE('',(#3542),#3536,.F.);
#3544=CARTESIAN_POINT('',(22.4105916,151.19538724,5.417496317));
#3545=DIRECTION('',(-0.104528463,0.,-0.994521895));
#3546=DIRECTION('',(-0.994521895,0.,0.104528463));
#3547=AXIS2_PLACEMENT_3D('',#3544,#3545,#3546);
#3548=CYLINDRICAL_SURFACE('',#3547,1.8);
#3549=ORIENTED_EDGE('',*,*,#2942,.F.);
#3550=ORIENTED_EDGE('',*,*,#1943,.F.);
#3551=ORIENTED_EDGE('',*,*,#3162,.F.);
#3552=ORIENTED_EDGE('',*,*,#1983,.F.);
#3553=EDGE_LOOP('',(#3549,#3550,#3551,#3552));
#3554=FACE_BOUND('',#3553,.T.);
#3555=ADVANCED_FACE('',(#3554),#3548,.T.);
#3556=CARTESIAN_POINT('',(13.559346732,165.84538724,6.34779964));
#3557=DIRECTION('',(0.104528463,-0.,0.994521895));
#3558=DIRECTION('',(0.994521895,-0.,-0.104528463));
#3559=AXIS2_PLACEMENT_3D('',#3556,#3557,#3558);
#3560=CYLINDRICAL_SURFACE('',#3559,1.8);
#3561=ORIENTED_EDGE('',*,*,#2886,.F.);
#3562=ORIENTED_EDGE('',*,*,#2662,.F.);
#3563=ORIENTED_EDGE('',*,*,#3296,.F.);
#3564=ORIENTED_EDGE('',*,*,#2688,.F.);
#3565=EDGE_LOOP('',(#3561,#3562,#3563,#3564));
#3566=FACE_BOUND('',#3565,.T.);
#3567=ADVANCED_FACE('',(#3566),#3560,.F.);
#3568=CARTESIAN_POINT('',(9.979067908,165.19538724,6.724102108));
#3569=DIRECTION('',(-0.104528463,0.,-0.994521895));
#3570=DIRECTION('',(-0.994521895,0.,0.104528463));
#3571=AXIS2_PLACEMENT_3D('',#3568,#3569,#3570);
#3572=CYLINDRICAL_SURFACE('',#3571,1.8);
#3573=ORIENTED_EDGE('',*,*,#2894,.F.);
#3574=ORIENTED_EDGE('',*,*,#2702,.F.);
#3575=ORIENTED_EDGE('',*,*,#3288,.F.);
#3576=ORIENTED_EDGE('',*,*,#2728,.F.);
#3577=EDGE_LOOP('',(#3573,#3574,#3575,#3576));
#3578=FACE_BOUND('',#3577,.T.);
#3579=ADVANCED_FACE('',(#3578),#3572,.T.);
#3580=CARTESIAN_POINT('',(9.907535224,161.59538724,12.261916033));
#3581=DIRECTION('',(0.104528463,-0.,0.994521895));
#3582=DIRECTION('',(0.994521895,-0.,-0.104528463));
#3583=AXIS2_PLACEMENT_3D('',#3580,#3581,#3582);
#3584=CYLINDRICAL_SURFACE('',#3583,1.8);
#3585=ORIENTED_EDGE('',*,*,#2902,.F.);
#3586=ORIENTED_EDGE('',*,*,#2742,.F.);
#3587=ORIENTED_EDGE('',*,*,#3312,.F.);
#3588=ORIENTED_EDGE('',*,*,#1370,.F.);
#3589=EDGE_LOOP('',(#3585,#3586,#3587,#3588));
#3590=FACE_BOUND('',#3589,.T.);
#3591=ADVANCED_FACE('',(#3590),#3584,.F.);
#3592=CARTESIAN_POINT('',(13.559346732,150.54538724,6.34779964));
#3593=DIRECTION('',(0.104528463,-0.,0.994521895));
#3594=DIRECTION('',(0.994521895,-0.,-0.104528463));
#3595=AXIS2_PLACEMENT_3D('',#3592,#3593,#3594);
#3596=CYLINDRICAL_SURFACE('',#3595,1.8);
#3597=ORIENTED_EDGE('',*,*,#2926,.F.);
#3598=ORIENTED_EDGE('',*,*,#2808,.F.);
#3599=ORIENTED_EDGE('',*,*,#3261,.F.);
#3600=ORIENTED_EDGE('',*,*,#1882,.F.);
#3601=EDGE_LOOP('',(#3597,#3598,#3599,#3600));
#3602=FACE_BOUND('',#3601,.T.);
#3603=ADVANCED_FACE('',(#3602),#3596,.F.);
#3604=CARTESIAN_POINT('',(9.979067908,151.19538724,6.724102108));
#3605=DIRECTION('',(-0.104528463,0.,-0.994521895));
#3606=DIRECTION('',(-0.994521895,0.,0.104528463));
#3607=AXIS2_PLACEMENT_3D('',#3604,#3605,#3606);
#3608=CYLINDRICAL_SURFACE('',#3607,1.8);
#3609=ORIENTED_EDGE('',*,*,#2918,.F.);
#3610=ORIENTED_EDGE('',*,*,#2768,.F.);
#3611=ORIENTED_EDGE('',*,*,#3237,.F.);
#3612=ORIENTED_EDGE('',*,*,#2822,.F.);
#3613=EDGE_LOOP('',(#3609,#3610,#3611,#3612));
#3614=FACE_BOUND('',#3613,.T.);
#3615=ADVANCED_FACE('',(#3614),#3608,.T.);
#3616=CARTESIAN_POINT('',(9.332628676,154.79538724,6.792045609));
#3617=DIRECTION('',(-0.104528463,0.,-0.994521895));
#3618=DIRECTION('',(-0.994521895,0.,0.104528463));
#3619=AXIS2_PLACEMENT_3D('',#3616,#3617,#3618);
#3620=CYLINDRICAL_SURFACE('',#3619,1.8);
#3621=ORIENTED_EDGE('',*,*,#2910,.F.);
#3622=ORIENTED_EDGE('',*,*,#1354,.F.);
#3623=ORIENTED_EDGE('',*,*,#3245,.F.);
#3624=ORIENTED_EDGE('',*,*,#2782,.F.);
#3625=EDGE_LOOP('',(#3621,#3622,#3623,#3624));
#3626=FACE_BOUND('',#3625,.T.);
#3627=ADVANCED_FACE('',(#3626),#3620,.F.);
#3628=CARTESIAN_POINT('',(9.646595428,165.19538724,3.560837757));
#3629=DIRECTION('',(0.104528463,-0.,0.994521895));
#3630=DIRECTION('',(0.,1.,0.));
#3631=AXIS2_PLACEMENT_3D('',#3628,#3629,#3630);
#3632=CONICAL_SURFACE('',#3631,0.,59.);
#3633=CARTESIAN_POINT('',(9.696841058,165.99538724,4.03889299));
#3634=VERTEX_POINT('',#3633);
#3635=CARTESIAN_POINT('',(9.646595428,165.19538724,3.560837757));
#3636=VERTEX_POINT('',#3635);
#3637=CARTESIAN_POINT('',(9.696841058,165.99538724,4.03889299));
#3638=DIRECTION('',(-0.053836138,-0.857167301,-0.512216642));
#3639=VECTOR('',#3638,0.933306718);
#3640=LINE('',#3637,#3639);
#3641=EDGE_CURVE('',#3634,#3636,#3640,.T.);
#3642=ORIENTED_EDGE('',*,*,#3641,.F.);
#3643=CARTESIAN_POINT('',(9.696841058,165.19538724,4.03889299));
#3644=DIRECTION('',(0.104528463,-0.,0.994521895));
#3645=DIRECTION('',(0.,1.,0.));
#3646=AXIS2_PLACEMENT_3D('',#3643,#3644,#3645);
#3647=CIRCLE('',#3646,0.8);
#3648=EDGE_CURVE('',#3634,#3634,#3647,.T.);
#3649=ORIENTED_EDGE('',*,*,#3648,.T.);
#3650=ORIENTED_EDGE('',*,*,#3641,.T.);
#3651=EDGE_LOOP('',(#3642,#3649,#3650));
#3652=FACE_BOUND('',#3651,.T.);
#3653=ADVANCED_FACE('',(#3652),#3632,.F.);
#3654=CARTESIAN_POINT('',(10.100284942,165.19538724,7.877405144));
#3655=DIRECTION('',(0.104528463,-0.,0.994521895));
#3656=DIRECTION('',(0.,1.,0.));
#3657=AXIS2_PLACEMENT_3D('',#3654,#3655,#3656);
#3658=CYLINDRICAL_SURFACE('',#3657,0.8);
#3659=CARTESIAN_POINT('',(10.03133214,165.99538724,7.221363055));
#3660=DIRECTION('',(-0.104528463,0.,-0.994521895));
#3661=VECTOR('',#3660,3.2);
#3662=LINE('',#3659,#3661);
#3663=EDGE_CURVE('',#3272,#3634,#3662,.T.);
#3664=ORIENTED_EDGE('',*,*,#3663,.F.);
#3665=ORIENTED_EDGE('',*,*,#3278,.F.);
#3666=ORIENTED_EDGE('',*,*,#3663,.T.);
#3667=ORIENTED_EDGE('',*,*,#3648,.F.);
#3668=EDGE_LOOP('',(#3664,#3665,#3666,#3667));
#3669=FACE_BOUND('',#3668,.T.);
#3670=ADVANCED_FACE('',(#3669),#3658,.F.);
#3671=CARTESIAN_POINT('',(9.646595428,151.19538724,3.560837757));
#3672=DIRECTION('',(0.104528463,-0.,0.994521895));
#3673=DIRECTION('',(0.,1.,0.));
#3674=AXIS2_PLACEMENT_3D('',#3671,#3672,#3673);
#3675=CONICAL_SURFACE('',#3674,0.,59.);
#3676=CARTESIAN_POINT('',(9.696841058,151.99538724,4.03889299));
#3677=VERTEX_POINT('',#3676);
#3678=CARTESIAN_POINT('',(9.646595428,151.19538724,3.560837757));
#3679=VERTEX_POINT('',#3678);
#3680=CARTESIAN_POINT('',(9.696841058,151.99538724,4.03889299));
#3681=DIRECTION('',(-0.053836138,-0.857167301,-0.512216642));
#3682=VECTOR('',#3681,0.933306718);
#3683=LINE('',#3680,#3682);
#3684=EDGE_CURVE('',#3677,#3679,#3683,.T.);
#3685=ORIENTED_EDGE('',*,*,#3684,.F.);
#3686=CARTESIAN_POINT('',(9.696841058,151.19538724,4.03889299));
#3687=DIRECTION('',(0.104528463,-0.,0.994521895));
#3688=DIRECTION('',(0.,1.,0.));
#3689=AXIS2_PLACEMENT_3D('',#3686,#3687,#3688);
#3690=CIRCLE('',#3689,0.8);
#3691=EDGE_CURVE('',#3677,#3677,#3690,.T.);
#3692=ORIENTED_EDGE('',*,*,#3691,.T.);
#3693=ORIENTED_EDGE('',*,*,#3684,.T.);
#3694=EDGE_LOOP('',(#3685,#3692,#3693));
#3695=FACE_BOUND('',#3694,.T.);
#3696=ADVANCED_FACE('',(#3695),#3675,.F.);
#3697=CARTESIAN_POINT('',(10.100284942,151.19538724,7.877405144));
#3698=DIRECTION('',(0.104528463,-0.,0.994521895));
#3699=DIRECTION('',(0.,1.,0.));
#3700=AXIS2_PLACEMENT_3D('',#3697,#3698,#3699);
#3701=CYLINDRICAL_SURFACE('',#3700,0.8);
#3702=CARTESIAN_POINT('',(10.03133214,151.99538724,7.221363055));
#3703=DIRECTION('',(-0.104528463,0.,-0.994521895));
#3704=VECTOR('',#3703,3.2);
#3705=LINE('',#3702,#3704);
#3706=EDGE_CURVE('',#3221,#3677,#3705,.T.);
#3707=ORIENTED_EDGE('',*,*,#3706,.F.);
#3708=ORIENTED_EDGE('',*,*,#3227,.F.);
#3709=ORIENTED_EDGE('',*,*,#3706,.T.);
#3710=ORIENTED_EDGE('',*,*,#3691,.F.);
#3711=EDGE_LOOP('',(#3707,#3708,#3709,#3710));
#3712=FACE_BOUND('',#3711,.T.);
#3713=ADVANCED_FACE('',(#3712),#3701,.F.);
#3714=CARTESIAN_POINT('',(22.07811912,165.19538724,2.254231966));
#3715=DIRECTION('',(0.104528463,-0.,0.994521895));
#3716=DIRECTION('',(0.,1.,0.));
#3717=AXIS2_PLACEMENT_3D('',#3714,#3715,#3716);
#3718=CONICAL_SURFACE('',#3717,0.,59.);
#3719=CARTESIAN_POINT('',(22.12836475,165.99538724,2.732287199));
#3720=VERTEX_POINT('',#3719);
#3721=CARTESIAN_POINT('',(22.07811912,165.19538724,2.254231966));
#3722=VERTEX_POINT('',#3721);
#3723=CARTESIAN_POINT('',(22.12836475,165.99538724,2.732287199));
#3724=DIRECTION('',(-0.053836138,-0.857167301,-0.512216642));
#3725=VECTOR('',#3724,0.933306718);
#3726=LINE('',#3723,#3725);
#3727=EDGE_CURVE('',#3720,#3722,#3726,.T.);
#3728=ORIENTED_EDGE('',*,*,#3727,.F.);
#3729=CARTESIAN_POINT('',(22.12836475,165.19538724,2.732287199));
#3730=DIRECTION('',(0.104528463,-0.,0.994521895));
#3731=DIRECTION('',(0.,1.,0.));
#3732=AXIS2_PLACEMENT_3D('',#3729,#3730,#3731);
#3733=CIRCLE('',#3732,0.8);
#3734=EDGE_CURVE('',#3720,#3720,#3733,.T.);
#3735=ORIENTED_EDGE('',*,*,#3734,.T.);
#3736=ORIENTED_EDGE('',*,*,#3727,.T.);
#3737=EDGE_LOOP('',(#3728,#3735,#3736));
#3738=FACE_BOUND('',#3737,.T.);
#3739=ADVANCED_FACE('',(#3738),#3718,.F.);
#3740=CARTESIAN_POINT('',(22.531808634,165.19538724,6.570799354));
#3741=DIRECTION('',(0.104528463,-0.,0.994521895));
#3742=DIRECTION('',(0.,1.,0.));
#3743=AXIS2_PLACEMENT_3D('',#3740,#3741,#3742);
#3744=CYLINDRICAL_SURFACE('',#3743,0.8);
#3745=CARTESIAN_POINT('',(22.462855832,165.99538724,5.914757264));
#3746=DIRECTION('',(-0.104528463,0.,-0.994521895));
#3747=VECTOR('',#3746,3.2);
#3748=LINE('',#3745,#3747);
#3749=EDGE_CURVE('',#3122,#3720,#3748,.T.);
#3750=ORIENTED_EDGE('',*,*,#3749,.F.);
#3751=ORIENTED_EDGE('',*,*,#3128,.F.);
#3752=ORIENTED_EDGE('',*,*,#3749,.T.);
#3753=ORIENTED_EDGE('',*,*,#3734,.F.);
#3754=EDGE_LOOP('',(#3750,#3751,#3752,#3753));
#3755=FACE_BOUND('',#3754,.T.);
#3756=ADVANCED_FACE('',(#3755),#3744,.F.);
#3757=CARTESIAN_POINT('',(22.07811912,151.19538724,2.254231966));
#3758=DIRECTION('',(0.104528463,-0.,0.994521895));
#3759=DIRECTION('',(0.,1.,0.));
#3760=AXIS2_PLACEMENT_3D('',#3757,#3758,#3759);
#3761=CONICAL_SURFACE('',#3760,0.,59.);
#3762=CARTESIAN_POINT('',(22.12836475,151.99538724,2.732287199));
#3763=VERTEX_POINT('',#3762);
#3764=CARTESIAN_POINT('',(22.07811912,151.19538724,2.254231966));
#3765=VERTEX_POINT('',#3764);
#3766=CARTESIAN_POINT('',(22.12836475,151.99538724,2.732287199));
#3767=DIRECTION('',(-0.053836138,-0.857167301,-0.512216642));
#3768=VECTOR('',#3767,0.933306718);
#3769=LINE('',#3766,#3768);
#3770=EDGE_CURVE('',#3763,#3765,#3769,.T.);
#3771=ORIENTED_EDGE('',*,*,#3770,.F.);
#3772=CARTESIAN_POINT('',(22.12836475,151.19538724,2.732287199));
#3773=DIRECTION('',(0.104528463,-0.,0.994521895));
#3774=DIRECTION('',(0.,1.,0.));
#3775=AXIS2_PLACEMENT_3D('',#3772,#3773,#3774);
#3776=CIRCLE('',#3775,0.8);
#3777=EDGE_CURVE('',#3763,#3763,#3776,.T.);
#3778=ORIENTED_EDGE('',*,*,#3777,.T.);
#3779=ORIENTED_EDGE('',*,*,#3770,.T.);
#3780=EDGE_LOOP('',(#3771,#3778,#3779));
#3781=FACE_BOUND('',#3780,.T.);
#3782=ADVANCED_FACE('',(#3781),#3761,.F.);
#3783=CARTESIAN_POINT('',(22.531808634,151.19538724,6.570799354));
#3784=DIRECTION('',(0.104528463,-0.,0.994521895));
#3785=DIRECTION('',(0.,1.,0.));
#3786=AXIS2_PLACEMENT_3D('',#3783,#3784,#3785);
#3787=CYLINDRICAL_SURFACE('',#3786,0.8);
#3788=CARTESIAN_POINT('',(22.462855832,151.99538724,5.914757264));
#3789=DIRECTION('',(-0.104528463,0.,-0.994521895));
#3790=VECTOR('',#3789,3.2);
#3791=LINE('',#3788,#3790);
#3792=EDGE_CURVE('',#3111,#3763,#3791,.T.);
#3793=ORIENTED_EDGE('',*,*,#3792,.F.);
#3794=ORIENTED_EDGE('',*,*,#3117,.F.);
#3795=ORIENTED_EDGE('',*,*,#3792,.T.);
#3796=ORIENTED_EDGE('',*,*,#3777,.F.);
#3797=EDGE_LOOP('',(#3793,#3794,#3795,#3796));
#3798=FACE_BOUND('',#3797,.T.);
#3799=ADVANCED_FACE('',(#3798),#3787,.F.);
#3800=CARTESIAN_POINT('',(-325.009666363,158.19538724,43.893577991));
#3801=DIRECTION('',(0.104528463,-0.,0.994521895));
#3802=DIRECTION('',(0.994521895,-0.,-0.104528463));
#3803=AXIS2_PLACEMENT_3D('',#3800,#3801,#3802);
#3804=PLANE('',#3803);
#3805=ORIENTED_EDGE('',*,*,#1217,.F.);
#3806=CARTESIAN_POINT('',(7.746319768,161.41038724,8.919514539));
#3807=DIRECTION('',(-0.994521895,0.,0.104528463));
#3808=VECTOR('',#3807,0.8);
#3809=LINE('',#3806,#3808);
#3810=EDGE_CURVE('',#1203,#1735,#3809,.T.);
#3811=ORIENTED_EDGE('',*,*,#3810,.T.);
#3812=ORIENTED_EDGE('',*,*,#1740,.F.);
#3813=CARTESIAN_POINT('',(6.950702252,154.98038724,9.003137309));
#3814=DIRECTION('',(0.994521895,-0.,-0.104528463));
#3815=VECTOR('',#3814,0.8);
#3816=LINE('',#3813,#3815);
#3817=EDGE_CURVE('',#1726,#1212,#3816,.T.);
#3818=ORIENTED_EDGE('',*,*,#3817,.T.);
#3819=EDGE_LOOP('',(#3805,#3811,#3812,#3818));
#3820=FACE_BOUND('',#3819,.T.);
#3821=ADVANCED_FACE('',(#3820),#3804,.T.);
#3822=CARTESIAN_POINT('',(-324.857577449,161.41038724,45.340607349));
#3823=DIRECTION('',(-0.994521895,-0.,0.104528463));
#3824=DIRECTION('',(0.104528463,-0.,0.994521895));
#3825=AXIS2_PLACEMENT_3D('',#3822,#3823,#3824);
#3826=CYLINDRICAL_SURFACE('',#3825,1.455);
#3827=ORIENTED_EDGE('',*,*,#1747,.F.);
#3828=ORIENTED_EDGE('',*,*,#3810,.F.);
#3829=ORIENTED_EDGE('',*,*,#1209,.F.);
#3830=ORIENTED_EDGE('',*,*,#1503,.F.);
#3831=EDGE_LOOP('',(#3827,#3828,#3829,#3830));
#3832=FACE_BOUND('',#3831,.T.);
#3833=ADVANCED_FACE('',(#3832),#3826,.F.);
#3834=CARTESIAN_POINT('',(-324.857577449,154.98038724,45.340607349));
#3835=DIRECTION('',(0.994521895,0.,-0.104528463));
#3836=DIRECTION('',(-0.104528463,0.,-0.994521895));
#3837=AXIS2_PLACEMENT_3D('',#3834,#3835,#3836);
#3838=CYLINDRICAL_SURFACE('',#3837,1.455);
#3839=ORIENTED_EDGE('',*,*,#1732,.F.);
#3840=ORIENTED_EDGE('',*,*,#1566,.F.);
#3841=ORIENTED_EDGE('',*,*,#1226,.F.);
#3842=ORIENTED_EDGE('',*,*,#3817,.F.);
#3843=EDGE_LOOP('',(#3839,#3840,#3841,#3842));
#3844=FACE_BOUND('',#3843,.T.);
#3845=ADVANCED_FACE('',(#3844),#3838,.F.);
#3846=CARTESIAN_POINT('',(7.656269379,158.19538724,15.716160103));
#3847=DIRECTION('',(-0.104528463,0.,-0.994521895));
#3848=DIRECTION('',(-0.994521895,0.,0.104528463));
#3849=AXIS2_PLACEMENT_3D('',#3846,#3847,#3848);
#3850=PLANE('',#3849);
#3851=CARTESIAN_POINT('',(2.186398954,152.44538724,16.291066651));
#3852=VERTEX_POINT('',#3851);
#3853=CARTESIAN_POINT('',(7.656269379,152.44538724,15.716160103));
#3854=DIRECTION('',(-0.994521895,0.,0.104528463));
#3855=VECTOR('',#3854,5.5);
#3856=LINE('',#3853,#3855);
#3857=EDGE_CURVE('',#1801,#3852,#3856,.T.);
#3858=ORIENTED_EDGE('',*,*,#3857,.T.);
#3859=CARTESIAN_POINT('',(2.186398954,163.94538724,16.291066651));
#3860=VERTEX_POINT('',#3859);
#3861=CARTESIAN_POINT('',(2.186398954,152.44538724,16.291066651));
#3862=DIRECTION('',(0.,1.,0.));
#3863=VECTOR('',#3862,11.5);
#3864=LINE('',#3861,#3863);
#3865=EDGE_CURVE('',#3852,#3860,#3864,.T.);
#3866=ORIENTED_EDGE('',*,*,#3865,.T.);
#3867=CARTESIAN_POINT('',(2.186398954,163.94538724,16.291066651));
#3868=DIRECTION('',(0.994521895,-0.,-0.104528463));
#3869=VECTOR('',#3868,5.5);
#3870=LINE('',#3867,#3869);
#3871=EDGE_CURVE('',#3860,#1810,#3870,.T.);
#3872=ORIENTED_EDGE('',*,*,#3871,.T.);
#3873=ORIENTED_EDGE('',*,*,#1815,.T.);
#3874=EDGE_LOOP('',(#3858,#3866,#3872,#3873));
#3875=FACE_BOUND('',#3874,.T.);
#3876=ADVANCED_FACE('',(#3875),#3850,.T.);
#3877=CARTESIAN_POINT('',(7.41062749,166.19538724,13.379033649));
#3878=DIRECTION('',(0.,1.,0.));
#3879=DIRECTION('',(-0.104528463,0.,-0.994521895));
#3880=AXIS2_PLACEMENT_3D('',#3877,#3878,#3879);
#3881=PLANE('',#3880);
#3882=CARTESIAN_POINT('',(1.951209912,166.19538724,14.053392386));
#3883=VERTEX_POINT('',#3882);
#3884=CARTESIAN_POINT('',(7.421080337,166.19538724,13.478485838));
#3885=DIRECTION('',(-0.994521895,0.,0.104528463));
#3886=VECTOR('',#3885,5.5);
#3887=LINE('',#3884,#3886);
#3888=EDGE_CURVE('',#1818,#3883,#3887,.T.);
#3889=ORIENTED_EDGE('',*,*,#3888,.T.);
#3890=CARTESIAN_POINT('',(1.930304219,166.19538724,13.854488007));
#3891=VERTEX_POINT('',#3890);
#3892=CARTESIAN_POINT('',(1.951209912,166.19538724,14.053392386));
#3893=DIRECTION('',(-0.104528463,0.,-0.994521895));
#3894=VECTOR('',#3893,0.2);
#3895=LINE('',#3892,#3894);
#3896=EDGE_CURVE('',#3883,#3891,#3895,.T.);
#3897=ORIENTED_EDGE('',*,*,#3896,.T.);
#3898=CARTESIAN_POINT('',(1.930304219,166.19538724,13.854488007));
#3899=DIRECTION('',(0.994521895,-0.,-0.104528463));
#3900=VECTOR('',#3899,5.5);
#3901=LINE('',#3898,#3900);
#3902=EDGE_CURVE('',#3891,#1827,#3901,.T.);
#3903=ORIENTED_EDGE('',*,*,#3902,.T.);
#3904=ORIENTED_EDGE('',*,*,#1832,.F.);
#3905=EDGE_LOOP('',(#3889,#3897,#3903,#3904));
#3906=FACE_BOUND('',#3905,.T.);
#3907=ADVANCED_FACE('',(#3906),#3881,.F.);
#3908=CARTESIAN_POINT('',(7.41062749,150.19538724,13.379033649));
#3909=DIRECTION('',(0.,1.,-0.));
#3910=DIRECTION('',(-0.104528463,-0.,-0.994521895));
#3911=AXIS2_PLACEMENT_3D('',#3908,#3909,#3910);
#3912=PLANE('',#3911);
#3913=CARTESIAN_POINT('',(1.930304219,150.19538724,13.854488007));
#3914=VERTEX_POINT('',#3913);
#3915=CARTESIAN_POINT('',(7.400174644,150.19538724,13.279581459));
#3916=DIRECTION('',(-0.994521895,0.,0.104528463));
#3917=VECTOR('',#3916,5.5);
#3918=LINE('',#3915,#3917);
#3919=EDGE_CURVE('',#1784,#3914,#3918,.T.);
#3920=ORIENTED_EDGE('',*,*,#3919,.T.);
#3921=CARTESIAN_POINT('',(1.951209912,150.19538724,14.053392386));
#3922=VERTEX_POINT('',#3921);
#3923=CARTESIAN_POINT('',(1.930304219,150.19538724,13.854488007));
#3924=DIRECTION('',(0.104528463,0.,0.994521895));
#3925=VECTOR('',#3924,0.2);
#3926=LINE('',#3923,#3925);
#3927=EDGE_CURVE('',#3914,#3922,#3926,.T.);
#3928=ORIENTED_EDGE('',*,*,#3927,.T.);
#3929=CARTESIAN_POINT('',(1.951209912,150.19538724,14.053392386));
#3930=DIRECTION('',(0.994521895,-0.,-0.104528463));
#3931=VECTOR('',#3930,5.5);
#3932=LINE('',#3929,#3931);
#3933=EDGE_CURVE('',#3922,#1793,#3932,.T.);
#3934=ORIENTED_EDGE('',*,*,#3933,.T.);
#3935=ORIENTED_EDGE('',*,*,#1798,.T.);
#3936=EDGE_LOOP('',(#3920,#3928,#3934,#3935));
#3937=FACE_BOUND('',#3936,.T.);
#3938=ADVANCED_FACE('',(#3937),#3912,.T.);
#3939=CARTESIAN_POINT('',(7.400174644,147.94538724,13.279581459));
#3940=DIRECTION('',(-0.994521895,0.,0.104528463));
#3941=DIRECTION('',(0.104528463,-0.,0.994521895));
#3942=AXIS2_PLACEMENT_3D('',#3939,#3940,#3941);
#3943=CYLINDRICAL_SURFACE('',#3942,2.25);
#3944=ORIENTED_EDGE('',*,*,#2551,.F.);
#3945=CARTESIAN_POINT('',(1.930304219,147.94538724,13.854488007));
#3946=DIRECTION('',(0.994521895,-0.,-0.104528463));
#3947=DIRECTION('',(0.104528463,-0.,0.994521895));
#3948=AXIS2_PLACEMENT_3D('',#3945,#3946,#3947);
#3949=CIRCLE('',#3948,2.25);
#3950=EDGE_CURVE('',#2540,#3914,#3949,.T.);
#3951=ORIENTED_EDGE('',*,*,#3950,.T.);
#3952=ORIENTED_EDGE('',*,*,#3919,.F.);
#3953=ORIENTED_EDGE('',*,*,#1790,.F.);
#3954=EDGE_LOOP('',(#3944,#3951,#3952,#3953));
#3955=FACE_BOUND('',#3954,.T.);
#3956=ADVANCED_FACE('',(#3955),#3943,.T.);
#3957=CARTESIAN_POINT('',(7.421080337,152.44538724,13.478485838));
#3958=DIRECTION('',(0.994521895,-0.,-0.104528463));
#3959=DIRECTION('',(-0.104528463,0.,-0.994521895));
#3960=AXIS2_PLACEMENT_3D('',#3957,#3958,#3959);
#3961=CYLINDRICAL_SURFACE('',#3960,2.25);
#3962=ORIENTED_EDGE('',*,*,#3933,.F.);
#3963=CARTESIAN_POINT('',(1.951209912,152.44538724,14.053392386));
#3964=DIRECTION('',(-0.994521895,0.,0.104528463));
#3965=DIRECTION('',(-0.104528463,0.,-0.994521895));
#3966=AXIS2_PLACEMENT_3D('',#3963,#3964,#3965);
#3967=CIRCLE('',#3966,2.25);
#3968=EDGE_CURVE('',#3922,#3852,#3967,.T.);
#3969=ORIENTED_EDGE('',*,*,#3968,.T.);
#3970=ORIENTED_EDGE('',*,*,#3857,.F.);
#3971=ORIENTED_EDGE('',*,*,#1807,.F.);
#3972=EDGE_LOOP('',(#3962,#3969,#3970,#3971));
#3973=FACE_BOUND('',#3972,.T.);
#3974=ADVANCED_FACE('',(#3973),#3961,.F.);
#3975=CARTESIAN_POINT('',(334.443627656,168.44538724,-21.094070568));
#3976=DIRECTION('',(0.994521895,-0.,-0.104528463));
#3977=DIRECTION('',(-0.104528463,0.,-0.994521895));
#3978=AXIS2_PLACEMENT_3D('',#3975,#3976,#3977);
#3979=CYLINDRICAL_SURFACE('',#3978,2.25);
#3980=ORIENTED_EDGE('',*,*,#3902,.F.);
#3981=CARTESIAN_POINT('',(1.930304219,168.44538724,13.854488007));
#3982=DIRECTION('',(0.994521895,-0.,-0.104528463));
#3983=DIRECTION('',(-0.104528463,0.,-0.994521895));
#3984=AXIS2_PLACEMENT_3D('',#3981,#3982,#3983);
#3985=CIRCLE('',#3984,2.25);
#3986=EDGE_CURVE('',#3891,#1453,#3985,.T.);
#3987=ORIENTED_EDGE('',*,*,#3986,.T.);
#3988=ORIENTED_EDGE('',*,*,#1458,.F.);
#3989=ORIENTED_EDGE('',*,*,#1839,.F.);
#3990=EDGE_LOOP('',(#3980,#3987,#3988,#3989));
#3991=FACE_BOUND('',#3990,.T.);
#3992=ADVANCED_FACE('',(#3991),#3979,.T.);
#3993=CARTESIAN_POINT('',(7.421080337,163.94538724,13.478485838));
#3994=DIRECTION('',(-0.994521895,0.,0.104528463));
#3995=DIRECTION('',(0.104528463,-0.,0.994521895));
#3996=AXIS2_PLACEMENT_3D('',#3993,#3994,#3995);
#3997=CYLINDRICAL_SURFACE('',#3996,2.25);
#3998=ORIENTED_EDGE('',*,*,#3871,.F.);
#3999=CARTESIAN_POINT('',(1.951209912,163.94538724,14.053392386));
#4000=DIRECTION('',(-0.994521895,0.,0.104528463));
#4001=DIRECTION('',(0.104528463,-0.,0.994521895));
#4002=AXIS2_PLACEMENT_3D('',#3999,#4000,#4001);
#4003=CIRCLE('',#4002,2.25);
#4004=EDGE_CURVE('',#3860,#3883,#4003,.T.);
#4005=ORIENTED_EDGE('',*,*,#4004,.T.);
#4006=ORIENTED_EDGE('',*,*,#3888,.F.);
#4007=ORIENTED_EDGE('',*,*,#1824,.F.);
#4008=EDGE_LOOP('',(#3998,#4005,#4006,#4007));
#4009=FACE_BOUND('',#4008,.T.);
#4010=ADVANCED_FACE('',(#4009),#3997,.F.);
#4011=CARTESIAN_POINT('',(56.7486156,158.19538724,13.070117295));
#4012=DIRECTION('',(0.104528463,-0.,0.994521895));
#4013=DIRECTION('',(0.,1.,0.));
#4014=AXIS2_PLACEMENT_3D('',#4011,#4012,#4013);
#4015=PLANE('',#4014);
#4016=ORIENTED_EDGE('',*,*,#1300,.T.);
#4017=CARTESIAN_POINT('',(9.7872917,22.68538724,18.00595133));
#4018=VERTEX_POINT('',#4017);
#4019=CARTESIAN_POINT('',(10.204990896,21.24538724,17.962049376));
#4020=DIRECTION('',(-0.104528463,0.,-0.994521895));
#4021=DIRECTION('',(0.994521895,0.,-0.104528463));
#4022=AXIS2_PLACEMENT_3D('',#4019,#4020,#4021);
#4023=CIRCLE('',#4022,1.5);
#4024=EDGE_CURVE('',#1287,#4018,#4023,.T.);
#4025=ORIENTED_EDGE('',*,*,#4024,.T.);
#4026=CARTESIAN_POINT('',(11.398417171,24.84538724,17.83661522));
#4027=VERTEX_POINT('',#4026);
#4028=CARTESIAN_POINT('',(9.160742906,24.84538724,18.071804262));
#4029=DIRECTION('',(0.104528463,-0.,0.994521895));
#4030=DIRECTION('',(0.994521895,-0.,-0.104528463));
#4031=AXIS2_PLACEMENT_3D('',#4028,#4029,#4030);
#4032=CIRCLE('',#4031,2.25);
#4033=EDGE_CURVE('',#4018,#4027,#4032,.T.);
#4034=ORIENTED_EDGE('',*,*,#4033,.T.);
#4035=CARTESIAN_POINT('',(9.7872917,27.00538724,18.00595133));
#4036=VERTEX_POINT('',#4035);
#4037=CARTESIAN_POINT('',(9.160742906,24.84538724,18.071804262));
#4038=DIRECTION('',(0.104528463,-0.,0.994521895));
#4039=DIRECTION('',(0.994521895,-0.,-0.104528463));
#4040=AXIS2_PLACEMENT_3D('',#4037,#4038,#4039);
#4041=CIRCLE('',#4040,2.25);
#4042=EDGE_CURVE('',#4027,#4036,#4041,.T.);
#4043=ORIENTED_EDGE('',*,*,#4042,.T.);
#4044=CARTESIAN_POINT('',(10.204990896,28.44538724,17.962049376));
#4045=DIRECTION('',(-0.104528463,0.,-0.994521895));
#4046=DIRECTION('',(0.994521895,0.,-0.104528463));
#4047=AXIS2_PLACEMENT_3D('',#4044,#4045,#4046);
#4048=CIRCLE('',#4047,1.5);
#4049=EDGE_CURVE('',#4036,#1295,#4048,.T.);
#4050=ORIENTED_EDGE('',*,*,#4049,.T.);
#4051=EDGE_LOOP('',(#4016,#4025,#4034,#4043,#4050));
#4052=FACE_BOUND('',#4051,.T.);
#4053=ADVANCED_FACE('',(#4052),#4015,.T.);
#4054=CARTESIAN_POINT('',(56.7486156,158.19538724,13.070117295));
#4055=DIRECTION('',(0.104528463,-0.,0.994521895));
#4056=DIRECTION('',(0.,1.,0.));
#4057=AXIS2_PLACEMENT_3D('',#4054,#4055,#4056);
#4058=PLANE('',#4057);
#4059=ORIENTED_EDGE('',*,*,#1323,.T.);
#4060=CARTESIAN_POINT('',(9.7872917,136.98538724,18.00595133));
#4061=VERTEX_POINT('',#4060);
#4062=CARTESIAN_POINT('',(10.204990896,135.54538724,17.962049376));
#4063=DIRECTION('',(-0.104528463,0.,-0.994521895));
#4064=DIRECTION('',(0.994521895,0.,-0.104528463));
#4065=AXIS2_PLACEMENT_3D('',#4062,#4063,#4064);
#4066=CIRCLE('',#4065,1.5);
#4067=EDGE_CURVE('',#1310,#4061,#4066,.T.);
#4068=ORIENTED_EDGE('',*,*,#4067,.T.);
#4069=CARTESIAN_POINT('',(11.398417171,139.14538724,17.83661522));
#4070=VERTEX_POINT('',#4069);
#4071=CARTESIAN_POINT('',(9.160742906,139.14538724,18.071804262));
#4072=DIRECTION('',(0.104528463,-0.,0.994521895));
#4073=DIRECTION('',(0.994521895,-0.,-0.104528463));
#4074=AXIS2_PLACEMENT_3D('',#4071,#4072,#4073);
#4075=CIRCLE('',#4074,2.25);
#4076=EDGE_CURVE('',#4061,#4070,#4075,.T.);
#4077=ORIENTED_EDGE('',*,*,#4076,.T.);
#4078=CARTESIAN_POINT('',(9.7872917,141.30538724,18.00595133));
#4079=VERTEX_POINT('',#4078);
#4080=CARTESIAN_POINT('',(9.160742906,139.14538724,18.071804262));
#4081=DIRECTION('',(0.104528463,-0.,0.994521895));
#4082=DIRECTION('',(0.994521895,-0.,-0.104528463));
#4083=AXIS2_PLACEMENT_3D('',#4080,#4081,#4082);
#4084=CIRCLE('',#4083,2.25);
#4085=EDGE_CURVE('',#4070,#4079,#4084,.T.);
#4086=ORIENTED_EDGE('',*,*,#4085,.T.);
#4087=CARTESIAN_POINT('',(10.204990896,142.74538724,17.962049376));
#4088=DIRECTION('',(-0.104528463,0.,-0.994521895));
#4089=DIRECTION('',(0.994521895,0.,-0.104528463));
#4090=AXIS2_PLACEMENT_3D('',#4087,#4088,#4089);
#4091=CIRCLE('',#4090,1.5);
#4092=EDGE_CURVE('',#4079,#1318,#4091,.T.);
#4093=ORIENTED_EDGE('',*,*,#4092,.T.);
#4094=EDGE_LOOP('',(#4059,#4068,#4077,#4086,#4093));
#4095=FACE_BOUND('',#4094,.T.);
#4096=ADVANCED_FACE('',(#4095),#4058,.T.);
#4097=CARTESIAN_POINT('',(56.7486156,158.19538724,13.070117295));
#4098=DIRECTION('',(0.104528463,-0.,0.994521895));
#4099=DIRECTION('',(0.,1.,0.));
#4100=AXIS2_PLACEMENT_3D('',#4097,#4098,#4099);
#4101=PLANE('',#4100);
#4102=ORIENTED_EDGE('',*,*,#1401,.T.);
#4103=CARTESIAN_POINT('',(9.7872917,289.38538724,18.00595133));
#4104=VERTEX_POINT('',#4103);
#4105=CARTESIAN_POINT('',(10.204990896,287.94538724,17.962049376));
#4106=DIRECTION('',(-0.104528463,0.,-0.994521895));
#4107=DIRECTION('',(0.994521895,0.,-0.104528463));
#4108=AXIS2_PLACEMENT_3D('',#4105,#4106,#4107);
#4109=CIRCLE('',#4108,1.5);
#4110=EDGE_CURVE('',#1388,#4104,#4109,.T.);
#4111=ORIENTED_EDGE('',*,*,#4110,.T.);
#4112=CARTESIAN_POINT('',(11.398417171,291.54538724,17.83661522));
#4113=VERTEX_POINT('',#4112);
#4114=CARTESIAN_POINT('',(9.160742906,291.54538724,18.071804262));
#4115=DIRECTION('',(0.104528463,-0.,0.994521895));
#4116=DIRECTION('',(0.994521895,-0.,-0.104528463));
#4117=AXIS2_PLACEMENT_3D('',#4114,#4115,#4116);
#4118=CIRCLE('',#4117,2.25);
#4119=EDGE_CURVE('',#4104,#4113,#4118,.T.);
#4120=ORIENTED_EDGE('',*,*,#4119,.T.);
#4121=CARTESIAN_POINT('',(9.7872917,293.70538724,18.00595133));
#4122=VERTEX_POINT('',#4121);
#4123=CARTESIAN_POINT('',(9.160742906,291.54538724,18.071804262));
#4124=DIRECTION('',(0.104528463,-0.,0.994521895));
#4125=DIRECTION('',(0.994521895,-0.,-0.104528463));
#4126=AXIS2_PLACEMENT_3D('',#4123,#4124,#4125);
#4127=CIRCLE('',#4126,2.25);
#4128=EDGE_CURVE('',#4113,#4122,#4127,.T.);
#4129=ORIENTED_EDGE('',*,*,#4128,.T.);
#4130=CARTESIAN_POINT('',(10.204990896,295.14538724,17.962049376));
#4131=DIRECTION('',(-0.104528463,0.,-0.994521895));
#4132=DIRECTION('',(0.994521895,0.,-0.104528463));
#4133=AXIS2_PLACEMENT_3D('',#4130,#4131,#4132);
#4134=CIRCLE('',#4133,1.5);
#4135=EDGE_CURVE('',#4122,#1396,#4134,.T.);
#4136=ORIENTED_EDGE('',*,*,#4135,.T.);
#4137=EDGE_LOOP('',(#4102,#4111,#4120,#4129,#4136));
#4138=FACE_BOUND('',#4137,.T.);
#4139=ADVANCED_FACE('',(#4138),#4101,.T.);
#4140=CARTESIAN_POINT('',(9.160742906,291.54538724,18.071804262));
#4141=DIRECTION('',(0.104528463,-0.,0.994521895));
#4142=DIRECTION('',(0.994521895,-0.,-0.104528463));
#4143=AXIS2_PLACEMENT_3D('',#4140,#4141,#4142);
#4144=CYLINDRICAL_SURFACE('',#4143,2.25);
#4145=CARTESIAN_POINT('',(11.398417171,291.54538724,17.83661522));
#4146=DIRECTION('',(-0.104528463,0.,-0.994521895));
#4147=VECTOR('',#4146,5.7);
#4148=LINE('',#4145,#4147);
#4149=EDGE_CURVE('',#4113,#195,#4148,.T.);
#4150=ORIENTED_EDGE('',*,*,#4149,.T.);
#4151=ORIENTED_EDGE('',*,*,#201,.F.);
#4152=CARTESIAN_POINT('',(9.19147946,293.70538724,12.337176527));
#4153=DIRECTION('',(0.104528463,-0.,0.994521895));
#4154=VECTOR('',#4153,5.7);
#4155=LINE('',#4152,#4154);
#4156=EDGE_CURVE('',#186,#4122,#4155,.T.);
#4157=ORIENTED_EDGE('',*,*,#4156,.T.);
#4158=ORIENTED_EDGE('',*,*,#4128,.F.);
#4159=EDGE_LOOP('',(#4150,#4151,#4157,#4158));
#4160=FACE_BOUND('',#4159,.T.);
#4161=ADVANCED_FACE('',(#4160),#4144,.T.);
#4162=CARTESIAN_POINT('',(9.160742906,139.14538724,18.071804262));
#4163=DIRECTION('',(0.104528463,-0.,0.994521895));
#4164=DIRECTION('',(0.994521895,-0.,-0.104528463));
#4165=AXIS2_PLACEMENT_3D('',#4162,#4163,#4164);
#4166=CYLINDRICAL_SURFACE('',#4165,2.25);
#4167=CARTESIAN_POINT('',(11.398417171,139.14538724,17.83661522));
#4168=DIRECTION('',(-0.104528463,0.,-0.994521895));
#4169=VECTOR('',#4168,5.7);
#4170=LINE('',#4167,#4169);
#4171=EDGE_CURVE('',#4070,#341,#4170,.T.);
#4172=ORIENTED_EDGE('',*,*,#4171,.T.);
#4173=ORIENTED_EDGE('',*,*,#347,.F.);
#4174=CARTESIAN_POINT('',(9.19147946,141.30538724,12.337176527));
#4175=DIRECTION('',(0.104528463,-0.,0.994521895));
#4176=VECTOR('',#4175,5.7);
#4177=LINE('',#4174,#4176);
#4178=EDGE_CURVE('',#332,#4079,#4177,.T.);
#4179=ORIENTED_EDGE('',*,*,#4178,.T.);
#4180=ORIENTED_EDGE('',*,*,#4085,.F.);
#4181=EDGE_LOOP('',(#4172,#4173,#4179,#4180));
#4182=FACE_BOUND('',#4181,.T.);
#4183=ADVANCED_FACE('',(#4182),#4166,.T.);
#4184=CARTESIAN_POINT('',(9.160742906,24.84538724,18.071804262));
#4185=DIRECTION('',(0.104528463,-0.,0.994521895));
#4186=DIRECTION('',(0.994521895,-0.,-0.104528463));
#4187=AXIS2_PLACEMENT_3D('',#4184,#4185,#4186);
#4188=CYLINDRICAL_SURFACE('',#4187,2.25);
#4189=CARTESIAN_POINT('',(11.398417171,24.84538724,17.83661522));
#4190=DIRECTION('',(-0.104528463,0.,-0.994521895));
#4191=VECTOR('',#4190,5.7);
#4192=LINE('',#4189,#4191);
#4193=EDGE_CURVE('',#4027,#385,#4192,.T.);
#4194=ORIENTED_EDGE('',*,*,#4193,.T.);
#4195=ORIENTED_EDGE('',*,*,#391,.F.);
#4196=CARTESIAN_POINT('',(9.19147946,27.00538724,12.337176527));
#4197=DIRECTION('',(0.104528463,-0.,0.994521895));
#4198=VECTOR('',#4197,5.7);
#4199=LINE('',#4196,#4198);
#4200=EDGE_CURVE('',#376,#4036,#4199,.T.);
#4201=ORIENTED_EDGE('',*,*,#4200,.T.);
#4202=ORIENTED_EDGE('',*,*,#4042,.F.);
#4203=EDGE_LOOP('',(#4194,#4195,#4201,#4202));
#4204=FACE_BOUND('',#4203,.T.);
#4205=ADVANCED_FACE('',(#4204),#4188,.T.);
#4206=CARTESIAN_POINT('',(10.204990896,287.94538724,17.962049376));
#4207=DIRECTION('',(0.104528463,-0.,0.994521895));
#4208=DIRECTION('',(0.994521895,0.,-0.104528463));
#4209=AXIS2_PLACEMENT_3D('',#4206,#4207,#4208);
#4210=CYLINDRICAL_SURFACE('',#4209,1.5);
#4211=ORIENTED_EDGE('',*,*,#4110,.F.);
#4212=ORIENTED_EDGE('',*,*,#1393,.F.);
#4213=ORIENTED_EDGE('',*,*,#219,.F.);
#4214=CARTESIAN_POINT('',(9.7872917,289.38538724,18.00595133));
#4215=DIRECTION('',(-0.104528463,0.,-0.994521895));
#4216=VECTOR('',#4215,5.7);
#4217=LINE('',#4214,#4216);
#4218=EDGE_CURVE('',#4104,#204,#4217,.T.);
#4219=ORIENTED_EDGE('',*,*,#4218,.F.);
#4220=EDGE_LOOP('',(#4211,#4212,#4213,#4219));
#4221=FACE_BOUND('',#4220,.T.);
#4222=ADVANCED_FACE('',(#4221),#4210,.F.);
#4223=CARTESIAN_POINT('',(10.204990896,295.14538724,17.962049376));
#4224=DIRECTION('',(0.104528463,-0.,0.994521895));
#4225=DIRECTION('',(0.994521895,0.,-0.104528463));
#4226=AXIS2_PLACEMENT_3D('',#4223,#4224,#4225);
#4227=CYLINDRICAL_SURFACE('',#4226,1.5);
#4228=ORIENTED_EDGE('',*,*,#4135,.F.);
#4229=ORIENTED_EDGE('',*,*,#4156,.F.);
#4230=ORIENTED_EDGE('',*,*,#192,.F.);
#4231=ORIENTED_EDGE('',*,*,#1407,.F.);
#4232=EDGE_LOOP('',(#4228,#4229,#4230,#4231));
#4233=FACE_BOUND('',#4232,.T.);
#4234=ADVANCED_FACE('',(#4233),#4227,.F.);
#4235=CARTESIAN_POINT('',(10.204990896,135.54538724,17.962049376));
#4236=DIRECTION('',(0.104528463,-0.,0.994521895));
#4237=DIRECTION('',(0.994521895,0.,-0.104528463));
#4238=AXIS2_PLACEMENT_3D('',#4235,#4236,#4237);
#4239=CYLINDRICAL_SURFACE('',#4238,1.5);
#4240=ORIENTED_EDGE('',*,*,#4067,.F.);
#4241=ORIENTED_EDGE('',*,*,#1315,.F.);
#4242=ORIENTED_EDGE('',*,*,#365,.F.);
#4243=CARTESIAN_POINT('',(9.7872917,136.98538724,18.00595133));
#4244=DIRECTION('',(-0.104528463,0.,-0.994521895));
#4245=VECTOR('',#4244,5.7);
#4246=LINE('',#4243,#4245);
#4247=EDGE_CURVE('',#4061,#350,#4246,.T.);
#4248=ORIENTED_EDGE('',*,*,#4247,.F.);
#4249=EDGE_LOOP('',(#4240,#4241,#4242,#4248));
#4250=FACE_BOUND('',#4249,.T.);
#4251=ADVANCED_FACE('',(#4250),#4239,.F.);
#4252=CARTESIAN_POINT('',(10.204990896,142.74538724,17.962049376));
#4253=DIRECTION('',(0.104528463,-0.,0.994521895));
#4254=DIRECTION('',(0.994521895,0.,-0.104528463));
#4255=AXIS2_PLACEMENT_3D('',#4252,#4253,#4254);
#4256=CYLINDRICAL_SURFACE('',#4255,1.5);
#4257=ORIENTED_EDGE('',*,*,#4092,.F.);
#4258=ORIENTED_EDGE('',*,*,#4178,.F.);
#4259=ORIENTED_EDGE('',*,*,#338,.F.);
#4260=ORIENTED_EDGE('',*,*,#1329,.F.);
#4261=EDGE_LOOP('',(#4257,#4258,#4259,#4260));
#4262=FACE_BOUND('',#4261,.T.);
#4263=ADVANCED_FACE('',(#4262),#4256,.F.);
#4264=CARTESIAN_POINT('',(10.204990896,28.44538724,17.962049376));
#4265=DIRECTION('',(0.104528463,-0.,0.994521895));
#4266=DIRECTION('',(0.994521895,0.,-0.104528463));
#4267=AXIS2_PLACEMENT_3D('',#4264,#4265,#4266);
#4268=CYLINDRICAL_SURFACE('',#4267,1.5);
#4269=ORIENTED_EDGE('',*,*,#4049,.F.);
#4270=ORIENTED_EDGE('',*,*,#4200,.F.);
#4271=ORIENTED_EDGE('',*,*,#382,.F.);
#4272=ORIENTED_EDGE('',*,*,#1306,.F.);
#4273=EDGE_LOOP('',(#4269,#4270,#4271,#4272));
#4274=FACE_BOUND('',#4273,.T.);
#4275=ADVANCED_FACE('',(#4274),#4268,.F.);
#4276=CARTESIAN_POINT('',(10.204990896,21.24538724,17.962049376));
#4277=DIRECTION('',(0.104528463,-0.,0.994521895));
#4278=DIRECTION('',(0.994521895,0.,-0.104528463));
#4279=AXIS2_PLACEMENT_3D('',#4276,#4277,#4278);
#4280=CYLINDRICAL_SURFACE('',#4279,1.5);
#4281=ORIENTED_EDGE('',*,*,#4024,.F.);
#4282=ORIENTED_EDGE('',*,*,#1292,.F.);
#4283=ORIENTED_EDGE('',*,*,#409,.F.);
#4284=CARTESIAN_POINT('',(9.7872917,22.68538724,18.00595133));
#4285=DIRECTION('',(-0.104528463,0.,-0.994521895));
#4286=VECTOR('',#4285,5.7);
#4287=LINE('',#4284,#4286);
#4288=EDGE_CURVE('',#4018,#394,#4287,.T.);
#4289=ORIENTED_EDGE('',*,*,#4288,.F.);
#4290=EDGE_LOOP('',(#4281,#4282,#4283,#4289));
#4291=FACE_BOUND('',#4290,.T.);
#4292=ADVANCED_FACE('',(#4291),#4280,.F.);
#4293=CARTESIAN_POINT('',(15.247109058,292.39538724,1.381740565));
#4294=DIRECTION('',(-0.,0.,-1.));
#4295=DIRECTION('',(-1.,0.,0.));
#4296=AXIS2_PLACEMENT_3D('',#4293,#4294,#4295);
#4297=CYLINDRICAL_SURFACE('',#4296,4.15);
#4298=CARTESIAN_POINT('',(11.097109058,292.39538724,1.381740565));
#4299=VERTEX_POINT('',#4298);
#4300=CARTESIAN_POINT('',(11.097109058,292.39538724,0.881740565));
#4301=DIRECTION('',(0.,-0.,1.));
#4302=VECTOR('',#4301,0.5);
#4303=LINE('',#4300,#4302);
#4304=EDGE_CURVE('',#1137,#4299,#4303,.T.);
#4305=ORIENTED_EDGE('',*,*,#4304,.F.);
#4306=ORIENTED_EDGE('',*,*,#1143,.T.);
#4307=ORIENTED_EDGE('',*,*,#4304,.T.);
#4308=CARTESIAN_POINT('',(15.247109058,292.39538724,1.381740565));
#4309=DIRECTION('',(-0.,0.,-1.));
#4310=DIRECTION('',(-1.,0.,0.));
#4311=AXIS2_PLACEMENT_3D('',#4308,#4309,#4310);
#4312=CIRCLE('',#4311,4.15);
#4313=EDGE_CURVE('',#4299,#4299,#4312,.T.);
#4314=ORIENTED_EDGE('',*,*,#4313,.F.);
#4315=EDGE_LOOP('',(#4305,#4306,#4307,#4314));
#4316=FACE_BOUND('',#4315,.T.);
#4317=ADVANCED_FACE('',(#4316),#4297,.F.);
#4318=CARTESIAN_POINT('',(58.484090423,158.19538724,1.381740565));
#4319=DIRECTION('',(-0.,0.,-1.));
#4320=DIRECTION('',(0.,1.,0.));
#4321=AXIS2_PLACEMENT_3D('',#4318,#4319,#4320);
#4322=PLANE('',#4321);
#4323=ORIENTED_EDGE('',*,*,#4313,.T.);
#4324=EDGE_LOOP('',(#4323));
#4325=FACE_BOUND('',#4324,.T.);
#4326=ADVANCED_FACE('',(#4325),#4322,.T.);
#4327=CARTESIAN_POINT('',(15.247109058,23.99538724,1.381740565));
#4328=DIRECTION('',(-0.,0.,-1.));
#4329=DIRECTION('',(-1.,0.,0.));
#4330=AXIS2_PLACEMENT_3D('',#4327,#4328,#4329);
#4331=CYLINDRICAL_SURFACE('',#4330,4.15);
#4332=CARTESIAN_POINT('',(11.097109058,23.99538724,1.381740565));
#4333=VERTEX_POINT('',#4332);
#4334=CARTESIAN_POINT('',(11.097109058,23.99538724,0.881740565));
#4335=DIRECTION('',(0.,-0.,1.));
#4336=VECTOR('',#4335,0.5);
#4337=LINE('',#4334,#4336);
#4338=EDGE_CURVE('',#1126,#4333,#4337,.T.);
#4339=ORIENTED_EDGE('',*,*,#4338,.F.);
#4340=ORIENTED_EDGE('',*,*,#1132,.F.);
#4341=ORIENTED_EDGE('',*,*,#4338,.T.);
#4342=CARTESIAN_POINT('',(15.247109058,23.99538724,1.381740565));
#4343=DIRECTION('',(0.,-0.,1.));
#4344=DIRECTION('',(-1.,0.,0.));
#4345=AXIS2_PLACEMENT_3D('',#4342,#4343,#4344);
#4346=CIRCLE('',#4345,4.15);
#4347=EDGE_CURVE('',#4333,#4333,#4346,.T.);
#4348=ORIENTED_EDGE('',*,*,#4347,.T.);
#4349=EDGE_LOOP('',(#4339,#4340,#4341,#4348));
#4350=FACE_BOUND('',#4349,.T.);
#4351=ADVANCED_FACE('',(#4350),#4331,.F.);
#4352=CARTESIAN_POINT('',(58.484090423,158.19538724,1.381740565));
#4353=DIRECTION('',(-0.,0.,-1.));
#4354=DIRECTION('',(0.,1.,0.));
#4355=AXIS2_PLACEMENT_3D('',#4352,#4353,#4354);
#4356=PLANE('',#4355);
#4357=ORIENTED_EDGE('',*,*,#4347,.F.);
#4358=EDGE_LOOP('',(#4357));
#4359=FACE_BOUND('',#4358,.T.);
#4360=ADVANCED_FACE('',(#4359),#4356,.T.);
#4361=CARTESIAN_POINT('',(9.839235689,17.09538724,14.960459643));
#4362=DIRECTION('',(0.104528463,-0.,0.994521895));
#4363=DIRECTION('',(0.994521895,-0.,-0.104528463));
#4364=AXIS2_PLACEMENT_3D('',#4361,#4362,#4363);
#4365=CYLINDRICAL_SURFACE('',#4364,2.25);
#4366=ORIENTED_EDGE('',*,*,#1773,.F.);
#4367=CARTESIAN_POINT('',(6.149373289,17.09538724,1.379001513));
#4368=CARTESIAN_POINT('',(6.149311245,16.946589412,1.378411203));
#4369=CARTESIAN_POINT('',(6.164006795,16.80008259,1.378408922));
#4370=CARTESIAN_POINT('',(6.192891078,16.655780084,1.378198853));
#4371=CARTESIAN_POINT('',(6.221775362,16.511477577,1.377988784));
#4372=CARTESIAN_POINT('',(6.265569512,16.36809778,1.37754991));
#4373=CARTESIAN_POINT('',(6.322201324,16.232254172,1.376524239));
#4374=CARTESIAN_POINT('',(6.378833136,16.096410564,1.375498569));
#4375=CARTESIAN_POINT('',(6.448213255,15.967144391,1.373894147));
#4376=CARTESIAN_POINT('',(6.530466217,15.844518235,1.371855459));
#4377=CARTESIAN_POINT('',(6.612719179,15.72189208,1.369816771));
#4378=CARTESIAN_POINT('',(6.707761167,15.60670833,1.367357555));
#4379=CARTESIAN_POINT('',(6.811745218,15.503220897,1.365193678));
#4380=CARTESIAN_POINT('',(7.019713321,15.29624603,1.360865924));
#4381=CARTESIAN_POINT('',(7.271424559,15.128875465,1.357058239));
#4382=CARTESIAN_POINT('',(7.542637312,15.016829566,1.351092143));
#4383=CARTESIAN_POINT('',(7.678243689,14.960806617,1.348109095));
#4384=CARTESIAN_POINT('',(7.821074664,14.917465528,1.344656334));
#4385=CARTESIAN_POINT('',(7.966129094,14.888679179,1.341234317));
#4386=CARTESIAN_POINT('',(8.111183523,14.85989283,1.337812299));
#4387=CARTESIAN_POINT('',(8.258065279,14.84538724,1.334442761));
#4388=CARTESIAN_POINT('',(8.406820826,14.84538724,1.331942587));
#4389=B_SPLINE_CURVE_WITH_KNOTS('',3,(#4367,#4368,#4369,#4370,#4371,#4372,#4373,#4374,#4375,#4376,#4377,#4378,#4379,#4380,#4381,#4382,#4383,#4384,#4385,#4386,#4387,#4388),.UNSPECIFIED.,.F.,.F.,(4,3,3,3,3,3,3,4),(0.,0.000441078,0.000882157,0.001323235,0.001764313,0.00264647,0.003087548,0.003528626),.UNSPECIFIED.);
#4390=EDGE_CURVE('',#1760,#2484,#4389,.T.);
#4391=ORIENTED_EDGE('',*,*,#4390,.T.);
#4392=ORIENTED_EDGE('',*,*,#2489,.F.);
#4393=ORIENTED_EDGE('',*,*,#2559,.F.);
#4394=EDGE_LOOP('',(#4366,#4391,#4392,#4393));
#4395=FACE_BOUND('',#4394,.T.);
#4396=ADVANCED_FACE('',(#4395),#4365,.T.);
#4397=CARTESIAN_POINT('',(8.835762442,299.29538724,5.413049448));
#4398=DIRECTION('',(-0.104528463,0.,-0.994521895));
#4399=DIRECTION('',(-0.994521895,0.,0.104528463));
#4400=AXIS2_PLACEMENT_3D('',#4397,#4398,#4399);
#4401=CYLINDRICAL_SURFACE('',#4400,2.25);
#4402=ORIENTED_EDGE('',*,*,#2599,.F.);
#4403=CARTESIAN_POINT('',(8.406820826,301.54538724,1.331942587));
#4404=CARTESIAN_POINT('',(8.258058437,301.54538724,1.334442912));
#4405=CARTESIAN_POINT('',(8.111543735,301.530881048,1.337804422));
#4406=CARTESIAN_POINT('',(7.967191557,301.502305885,1.341209254));
#4407=CARTESIAN_POINT('',(7.822839378,301.473730722,1.344614086));
#4408=CARTESIAN_POINT('',(7.679379293,301.430381074,1.348083157));
#4409=CARTESIAN_POINT('',(7.543370306,301.374247585,1.351076016));
#4410=CARTESIAN_POINT('',(7.407361319,301.318114096,1.354068874));
#4411=CARTESIAN_POINT('',(7.277850456,301.249288097,1.356612107));
#4412=CARTESIAN_POINT('',(7.154907684,301.167638893,1.358850562));
#4413=CARTESIAN_POINT('',(7.031964912,301.085989689,1.361089016));
#4414=CARTESIAN_POINT('',(6.916213841,300.991463906,1.363021185));
#4415=CARTESIAN_POINT('',(6.812201316,300.888007373,1.36518419));
#4416=CARTESIAN_POINT('',(6.604176266,300.681094308,1.3695102));
#4417=CARTESIAN_POINT('',(6.435566945,300.430146903,1.374468556));
#4418=CARTESIAN_POINT('',(6.322547575,300.159350399,1.376517965));
#4419=CARTESIAN_POINT('',(6.26603789,300.023952147,1.377542669));
#4420=CARTESIAN_POINT('',(6.222270561,299.88134409,1.377984743));
#4421=CARTESIAN_POINT('',(6.193139388,299.736233106,1.378197045));
#4422=CARTESIAN_POINT('',(6.164008214,299.591122121,1.378409347));
#4423=CARTESIAN_POINT('',(6.149311245,299.444186691,1.378411197));
#4424=CARTESIAN_POINT('',(6.149373289,299.29538724,1.379001513));
#4425=B_SPLINE_CURVE_WITH_KNOTS('',3,(#4403,#4404,#4405,#4406,#4407,#4408,#4409,#4410,#4411,#4412,#4413,#4414,#4415,#4416,#4417,#4418,#4419,#4420,#4421,#4422,#4423,#4424),.UNSPECIFIED.,.F.,.F.,(4,3,3,3,3,3,3,4),(0.,0.00044117,0.00088234,0.00132351,0.00176468,0.00264702,0.00308819,0.00352936),.UNSPECIFIED.);
#4426=EDGE_CURVE('',#2588,#1752,#4425,.T.);
#4427=ORIENTED_EDGE('',*,*,#4426,.T.);
#4428=ORIENTED_EDGE('',*,*,#1757,.F.);
#4429=ORIENTED_EDGE('',*,*,#1442,.F.);
#4430=EDGE_LOOP('',(#4402,#4427,#4428,#4429));
#4431=FACE_BOUND('',#4430,.T.);
#4432=ADVANCED_FACE('',(#4431),#4401,.T.);
#4433=CARTESIAN_POINT('',(3.872104317,3.07038724,15.587630423));
#4434=DIRECTION('',(0.104528463,-0.,0.994521895));
#4435=DIRECTION('',(0.994521895,-0.,-0.104528463));
#4436=AXIS2_PLACEMENT_3D('',#4433,#4434,#4435);
#4437=CYLINDRICAL_SURFACE('',#4436,2.25);
#4438=ORIENTED_EDGE('',*,*,#2325,.F.);
#4439=CARTESIAN_POINT('',(5.390210757,3.07038724,30.031448375));
#4440=DIRECTION('',(-0.104528463,0.,-0.994521895));
#4441=DIRECTION('',(0.994521895,-0.,-0.104528463));
#4442=AXIS2_PLACEMENT_3D('',#4439,#4440,#4441);
#4443=CIRCLE('',#4442,2.25);
#4444=EDGE_CURVE('',#2314,#1615,#4443,.T.);
#4445=ORIENTED_EDGE('',*,*,#4444,.T.);
#4446=ORIENTED_EDGE('',*,*,#1620,.F.);
#4447=CARTESIAN_POINT('',(3.487792726,3.07038724,11.93114988));
#4448=DIRECTION('',(0.104528463,-0.,0.994521895));
#4449=DIRECTION('',(0.994521895,-0.,-0.104528463));
#4450=AXIS2_PLACEMENT_3D('',#4447,#4448,#4449);
#4451=CIRCLE('',#4450,2.25);
#4452=EDGE_CURVE('',#1613,#2288,#4451,.T.);
#4453=ORIENTED_EDGE('',*,*,#4452,.T.);
#4454=EDGE_LOOP('',(#4438,#4445,#4446,#4453));
#4455=FACE_BOUND('',#4454,.T.);
#4456=ADVANCED_FACE('',(#4455),#4437,.T.);
#4457=CARTESIAN_POINT('',(2.301524588,313.32038724,0.644562479));
#4458=DIRECTION('',(-0.104528463,0.,-0.994521895));
#4459=DIRECTION('',(-0.994521895,0.,0.104528463));
#4460=AXIS2_PLACEMENT_3D('',#4457,#4458,#4459);
#4461=CYLINDRICAL_SURFACE('',#4460,2.25);
#4462=ORIENTED_EDGE('',*,*,#2373,.F.);
#4463=CARTESIAN_POINT('',(3.487792726,313.32038724,11.93114988));
#4464=DIRECTION('',(0.104528463,-0.,0.994521895));
#4465=DIRECTION('',(-0.994521895,0.,0.104528463));
#4466=AXIS2_PLACEMENT_3D('',#4463,#4464,#4465);
#4467=CIRCLE('',#4466,2.25);
#4468=EDGE_CURVE('',#2362,#1631,#4467,.T.);
#4469=ORIENTED_EDGE('',*,*,#4468,.T.);
#4470=ORIENTED_EDGE('',*,*,#1636,.F.);
#4471=CARTESIAN_POINT('',(5.390210757,313.32038724,30.031448375));
#4472=DIRECTION('',(-0.104528463,0.,-0.994521895));
#4473=DIRECTION('',(-0.994521895,0.,0.104528463));
#4474=AXIS2_PLACEMENT_3D('',#4471,#4472,#4473);
#4475=CIRCLE('',#4474,2.25);
#4476=EDGE_CURVE('',#1623,#2336,#4475,.T.);
#4477=ORIENTED_EDGE('',*,*,#4476,.T.);
#4478=EDGE_LOOP('',(#4462,#4469,#4470,#4477));
#4479=FACE_BOUND('',#4478,.T.);
#4480=ADVANCED_FACE('',(#4479),#4461,.T.);
#4481=CARTESIAN_POINT('',(9.609178656,309.77038724,12.293274572));
#4482=DIRECTION('',(-0.104528463,0.,-0.994521895));
#4483=DIRECTION('',(-0.994521895,0.,0.104528463));
#4484=AXIS2_PLACEMENT_3D('',#4481,#4482,#4483);
#4485=CYLINDRICAL_SURFACE('',#4484,1.5);
#4486=ORIENTED_EDGE('',*,*,#2422,.F.);
#4487=CARTESIAN_POINT('',(11.429202412,311.27038724,29.609614933));
#4488=CARTESIAN_POINT('',(11.333411298,311.270387432,29.631139818));
#4489=CARTESIAN_POINT('',(11.238106219,311.260968283,29.651320743));
#4490=CARTESIAN_POINT('',(11.143310478,311.241957586,29.670200433));
#4491=CARTESIAN_POINT('',(11.048514738,311.222946889,29.689080123));
#4492=CARTESIAN_POINT('',(10.954602968,311.194151134,29.706551317));
#4493=CARTESIAN_POINT('',(10.865388936,311.156851162,29.721972778));
#4494=CARTESIAN_POINT('',(10.686960872,311.082251218,29.7528157));
#4495=CARTESIAN_POINT('',(10.520573611,310.970757549,29.776643959));
#4496=CARTESIAN_POINT('',(10.38119023,310.830450468,29.791275946));
#4497=CARTESIAN_POINT('',(10.31149854,310.760296928,29.798591939));
#4498=CARTESIAN_POINT('',(10.249689973,310.684465955,29.80352857));
#4499=CARTESIAN_POINT('',(10.19542244,310.603203427,29.806177078));
#4500=CARTESIAN_POINT('',(10.141154907,310.521940898,29.808825586));
#4501=CARTESIAN_POINT('',(10.094047217,310.434249327,29.809155832));
#4502=CARTESIAN_POINT('',(10.056019847,310.34325881,29.807067999));
#4503=CARTESIAN_POINT('',(10.017992478,310.252268294,29.804980166));
#4504=CARTESIAN_POINT('',(9.989125977,310.158779917,29.800549115));
#4505=CARTESIAN_POINT('',(9.969237721,310.062846338,29.793767375));
#4506=CARTESIAN_POINT('',(9.949349466,309.966912759,29.786985635));
#4507=CARTESIAN_POINT('',(9.938606691,309.867829739,29.777731302));
#4508=CARTESIAN_POINT('',(9.937416594,309.77038724,29.766408297));
#4509=B_SPLINE_CURVE_WITH_KNOTS('',3,(#4487,#4488,#4489,#4490,#4491,#4492,#4493,#4494,#4495,#4496,#4497,#4498,#4499,#4500,#4501,#4502,#4503,#4504,#4505,#4506,#4507,#4508),.UNSPECIFIED.,.F.,.F.,(4,3,3,3,3,3,3,4),(0.008285678,0.008578822,0.008871965,0.009458253,0.009751397,0.010044541,0.010337685,0.010630829),.UNSPECIFIED.);
#4510=EDGE_CURVE('',#2410,#1246,#4509,.T.);
#4511=ORIENTED_EDGE('',*,*,#4510,.T.);
#4512=ORIENTED_EDGE('',*,*,#1251,.F.);
#4513=ORIENTED_EDGE('',*,*,#175,.F.);
#4514=EDGE_LOOP('',(#4486,#4511,#4512,#4513));
#4515=FACE_BOUND('',#4514,.T.);
#4516=ADVANCED_FACE('',(#4515),#4485,.F.);
#4517=CARTESIAN_POINT('',(9.609178656,6.62038724,12.293274572));
#4518=DIRECTION('',(0.104528463,-0.,0.994521895));
#4519=DIRECTION('',(0.994521895,-0.,-0.104528463));
#4520=AXIS2_PLACEMENT_3D('',#4517,#4518,#4519);
#4521=CYLINDRICAL_SURFACE('',#4520,1.5);
#4522=ORIENTED_EDGE('',*,*,#1283,.F.);
#4523=CARTESIAN_POINT('',(9.937416594,6.62038724,29.766408297));
#4524=CARTESIAN_POINT('',(9.938609476,6.522717094,29.777757774));
#4525=CARTESIAN_POINT('',(9.949063179,6.425840819,29.786817311));
#4526=CARTESIAN_POINT('',(9.96885671,6.329771687,29.793636782));
#4527=CARTESIAN_POINT('',(9.98865024,6.233702556,29.800456252));
#4528=CARTESIAN_POINT('',(10.018128114,6.13824111,29.804980589));
#4529=CARTESIAN_POINT('',(10.055881559,6.047846669,29.807060394));
#4530=CARTESIAN_POINT('',(10.131388449,5.867057788,29.811220004));
#4531=CARTESIAN_POINT('',(10.242547191,5.699624402,29.805860054));
#4532=CARTESIAN_POINT('',(10.382187313,5.559321259,29.791171169));
#4533=CARTESIAN_POINT('',(10.521827435,5.419018115,29.776482283));
#4534=CARTESIAN_POINT('',(10.684741728,5.30953349,29.753189365));
#4535=CARTESIAN_POINT('',(10.86485847,5.234145224,29.722064459));
#4536=CARTESIAN_POINT('',(10.95491684,5.196451092,29.706502006));
#4537=CARTESIAN_POINT('',(11.047170435,5.168219342,29.689332818));
#4538=CARTESIAN_POINT('',(11.141544812,5.14917212,29.670551946));
#4539=CARTESIAN_POINT('',(11.235919189,5.130124897,29.651771074));
#4540=CARTESIAN_POINT('',(11.33337119,5.120387043,29.631148766));
#4541=CARTESIAN_POINT('',(11.429202413,5.12038724,29.609614933));
#4542=B_SPLINE_CURVE_WITH_KNOTS('',3,(#4523,#4524,#4525,#4526,#4527,#4528,#4529,#4530,#4531,#4532,#4533,#4534,#4535,#4536,#4537,#4538,#4539,#4540,#4541),.UNSPECIFIED.,.F.,.F.,(4,3,3,3,3,3,4),(0.008260138,0.008553279,0.00884642,0.009432702,0.010018984,0.010312125,0.010605266),.UNSPECIFIED.);
#4543=EDGE_CURVE('',#1271,#2459,#4542,.T.);
#4544=ORIENTED_EDGE('',*,*,#4543,.T.);
#4545=ORIENTED_EDGE('',*,*,#2464,.F.);
#4546=ORIENTED_EDGE('',*,*,#426,.F.);
#4547=EDGE_LOOP('',(#4522,#4544,#4545,#4546));
#4548=FACE_BOUND('',#4547,.T.);
#4549=ADVANCED_FACE('',(#4548),#4521,.F.);
#4550=CARTESIAN_POINT('',(1.433043272,147.94538724,13.906752239));
#4551=DIRECTION('',(0.994521895,-0.,-0.104528463));
#4552=DIRECTION('',(-0.104528463,0.,-0.994521895));
#4553=AXIS2_PLACEMENT_3D('',#4550,#4551,#4552);
#4554=CONICAL_SURFACE('',#4553,1.75,45.);
#4555=CARTESIAN_POINT('',(1.930304219,150.19538724,13.854488007));
#4556=DIRECTION('',(-0.703233176,-0.707106781,0.073912785));
#4557=VECTOR('',#4556,0.707106781);
#4558=LINE('',#4555,#4557);
#4559=EDGE_CURVE('',#3914,#1690,#4558,.T.);
#4560=ORIENTED_EDGE('',*,*,#4559,.F.);
#4561=ORIENTED_EDGE('',*,*,#3950,.F.);
#4562=CARTESIAN_POINT('',(1.250118461,147.94538724,12.166338922));
#4563=DIRECTION('',(0.629320391,-0.,-0.777145961));
#4564=VECTOR('',#4563,0.707106781);
#4565=LINE('',#4562,#4564);
#4566=EDGE_CURVE('',#1698,#2540,#4565,.T.);
#4567=ORIENTED_EDGE('',*,*,#4566,.F.);
#4568=ORIENTED_EDGE('',*,*,#1704,.F.);
#4569=EDGE_LOOP('',(#4560,#4561,#4567,#4568));
#4570=FACE_BOUND('',#4569,.T.);
#4571=ADVANCED_FACE('',(#4570),#4554,.T.);
#4572=CARTESIAN_POINT('',(1.250118461,408.19538724,12.166338922));
#4573=DIRECTION('',(0.777145961,0.,0.629320391));
#4574=DIRECTION('',(-0.,-1.,0.));
#4575=AXIS2_PLACEMENT_3D('',#4572,#4573,#4574);
#4576=PLANE('',#4575);
#4577=ORIENTED_EDGE('',*,*,#4566,.T.);
#4578=ORIENTED_EDGE('',*,*,#2545,.F.);
#4579=CARTESIAN_POINT('',(1.250118461,3.07038724,12.166338922));
#4580=DIRECTION('',(0.629320391,0.,-0.777145961));
#4581=VECTOR('',#4580,0.707106781);
#4582=LINE('',#4579,#4581);
#4583=EDGE_CURVE('',#1613,#2531,#4582,.T.);
#4584=ORIENTED_EDGE('',*,*,#4583,.F.);
#4585=ORIENTED_EDGE('',*,*,#1710,.F.);
#4586=EDGE_LOOP('',(#4577,#4578,#4584,#4585));
#4587=FACE_BOUND('',#4586,.T.);
#4588=ADVANCED_FACE('',(#4587),#4576,.F.);
#4589=CARTESIAN_POINT('',(1.634430052,149.69538724,15.822819465));
#4590=DIRECTION('',(0.703233176,-0.707106781,-0.073912785));
#4591=DIRECTION('',(-0.104528463,-0.,-0.994521895));
#4592=AXIS2_PLACEMENT_3D('',#4589,#4590,#4591);
#4593=PLANE('',#4592);
#4594=ORIENTED_EDGE('',*,*,#4559,.T.);
#4595=ORIENTED_EDGE('',*,*,#1695,.F.);
#4596=CARTESIAN_POINT('',(1.951209912,150.19538724,14.053392386));
#4597=DIRECTION('',(-0.703233176,-0.707106781,0.073912785));
#4598=VECTOR('',#4597,0.707106781);
#4599=LINE('',#4596,#4598);
#4600=EDGE_CURVE('',#3922,#1681,#4599,.T.);
#4601=ORIENTED_EDGE('',*,*,#4600,.F.);
#4602=ORIENTED_EDGE('',*,*,#3927,.F.);
#4603=EDGE_LOOP('',(#4594,#4595,#4601,#4602));
#4604=FACE_BOUND('',#4603,.T.);
#4605=ADVANCED_FACE('',(#4604),#4593,.F.);
#4606=CARTESIAN_POINT('',(3.435528494,3.07038724,11.433888932));
#4607=DIRECTION('',(0.104528463,-0.,0.994521895));
#4608=DIRECTION('',(0.,1.,0.));
#4609=AXIS2_PLACEMENT_3D('',#4606,#4607,#4608);
#4610=CONICAL_SURFACE('',#4609,1.75,45.);
#4611=ORIENTED_EDGE('',*,*,#4583,.T.);
#4612=ORIENTED_EDGE('',*,*,#2537,.F.);
#4613=CARTESIAN_POINT('',(3.487792726,0.82038724,11.93114988));
#4614=DIRECTION('',(-0.073912785,0.707106781,-0.703233176));
#4615=VECTOR('',#4614,0.707106781);
#4616=LINE('',#4613,#4615);
#4617=EDGE_CURVE('',#2288,#2523,#4616,.T.);
#4618=ORIENTED_EDGE('',*,*,#4617,.F.);
#4619=ORIENTED_EDGE('',*,*,#4452,.F.);
#4620=EDGE_LOOP('',(#4611,#4612,#4618,#4619));
#4621=FACE_BOUND('',#4620,.T.);
#4622=ADVANCED_FACE('',(#4621),#4610,.T.);
#4623=CARTESIAN_POINT('',(1.453948964,152.44538724,14.105656618));
#4624=DIRECTION('',(-0.994521895,0.,0.104528463));
#4625=DIRECTION('',(0.104528463,-0.,0.994521895));
#4626=AXIS2_PLACEMENT_3D('',#4623,#4624,#4625);
#4627=CONICAL_SURFACE('',#4626,2.75,45.);
#4628=ORIENTED_EDGE('',*,*,#4600,.T.);
#4629=ORIENTED_EDGE('',*,*,#1687,.F.);
#4630=CARTESIAN_POINT('',(2.186398954,152.44538724,16.291066651));
#4631=DIRECTION('',(-0.629320391,0.,0.777145961));
#4632=VECTOR('',#4631,0.707106781);
#4633=LINE('',#4630,#4632);
#4634=EDGE_CURVE('',#3852,#1673,#4633,.T.);
#4635=ORIENTED_EDGE('',*,*,#4634,.F.);
#4636=ORIENTED_EDGE('',*,*,#3968,.F.);
#4637=EDGE_LOOP('',(#4628,#4629,#4635,#4636));
#4638=FACE_BOUND('',#4637,.T.);
#4639=ADVANCED_FACE('',(#4638),#4627,.F.);
#4640=CARTESIAN_POINT('',(334.208438613,1.32038724,-23.331744833));
#4641=DIRECTION('',(0.073912785,0.707106781,0.703233176));
#4642=DIRECTION('',(-0.994521895,0.,0.104528463));
#4643=AXIS2_PLACEMENT_3D('',#4640,#4641,#4642);
#4644=PLANE('',#4643);
#4645=ORIENTED_EDGE('',*,*,#2528,.F.);
#4646=CARTESIAN_POINT('',(103.858717721,0.82038724,1.381740565));
#4647=DIRECTION('',(-0.037032477,0.70662175,-0.70662175));
#4648=VECTOR('',#4647,0.707592145);
#4649=LINE('',#4646,#4648);
#4650=EDGE_CURVE('',#2290,#1021,#4649,.T.);
#4651=ORIENTED_EDGE('',*,*,#4650,.F.);
#4652=ORIENTED_EDGE('',*,*,#2295,.F.);
#4653=ORIENTED_EDGE('',*,*,#4617,.T.);
#4654=EDGE_LOOP('',(#4645,#4651,#4652,#4653));
#4655=FACE_BOUND('',#4654,.T.);
#4656=ADVANCED_FACE('',(#4655),#4644,.F.);
#4657=CARTESIAN_POINT('',(1.741402238,408.19538724,16.84059183));
#4658=DIRECTION('',(0.777145961,-0.,0.629320391));
#4659=DIRECTION('',(-0.,-1.,0.));
#4660=AXIS2_PLACEMENT_3D('',#4657,#4658,#4659);
#4661=PLANE('',#4660);
#4662=ORIENTED_EDGE('',*,*,#4634,.T.);
#4663=ORIENTED_EDGE('',*,*,#1678,.F.);
#4664=CARTESIAN_POINT('',(2.186398954,163.94538724,16.291066651));
#4665=DIRECTION('',(-0.629320391,0.,0.777145961));
#4666=VECTOR('',#4665,0.707106781);
#4667=LINE('',#4664,#4666);
#4668=EDGE_CURVE('',#3860,#1664,#4667,.T.);
#4669=ORIENTED_EDGE('',*,*,#4668,.F.);
#4670=ORIENTED_EDGE('',*,*,#3865,.F.);
#4671=EDGE_LOOP('',(#4662,#4663,#4669,#4670));
#4672=FACE_BOUND('',#4671,.T.);
#4673=ADVANCED_FACE('',(#4672),#4661,.F.);
#4674=CARTESIAN_POINT('',(1.453948964,163.94538724,14.105656618));
#4675=DIRECTION('',(-0.994521895,0.,0.104528463));
#4676=DIRECTION('',(0.104528463,-0.,0.994521895));
#4677=AXIS2_PLACEMENT_3D('',#4674,#4675,#4676);
#4678=CONICAL_SURFACE('',#4677,2.75,45.);
#4679=ORIENTED_EDGE('',*,*,#4668,.T.);
#4680=ORIENTED_EDGE('',*,*,#1670,.F.);
#4681=CARTESIAN_POINT('',(1.951209912,166.19538724,14.053392386));
#4682=DIRECTION('',(-0.703233176,0.707106781,0.073912785));
#4683=VECTOR('',#4682,0.707106781);
#4684=LINE('',#4681,#4683);
#4685=EDGE_CURVE('',#3883,#1656,#4684,.T.);
#4686=ORIENTED_EDGE('',*,*,#4685,.F.);
#4687=ORIENTED_EDGE('',*,*,#4004,.F.);
#4688=EDGE_LOOP('',(#4679,#4680,#4686,#4687));
#4689=FACE_BOUND('',#4688,.T.);
#4690=ADVANCED_FACE('',(#4689),#4678,.F.);
#4691=CARTESIAN_POINT('',(1.940757066,166.19538724,13.953940197));
#4692=DIRECTION('',(-0.703233176,-0.707106781,0.073912785));
#4693=DIRECTION('',(0.104528463,-0.,0.994521895));
#4694=AXIS2_PLACEMENT_3D('',#4691,#4692,#4693);
#4695=PLANE('',#4694);
#4696=ORIENTED_EDGE('',*,*,#4685,.T.);
#4697=ORIENTED_EDGE('',*,*,#1661,.F.);
#4698=CARTESIAN_POINT('',(1.930304219,166.19538724,13.854488007));
#4699=DIRECTION('',(-0.703233176,0.707106781,0.073912785));
#4700=VECTOR('',#4699,0.707106781);
#4701=LINE('',#4698,#4700);
#4702=EDGE_CURVE('',#3891,#1647,#4701,.T.);
#4703=ORIENTED_EDGE('',*,*,#4702,.F.);
#4704=ORIENTED_EDGE('',*,*,#3896,.F.);
#4705=EDGE_LOOP('',(#4696,#4697,#4703,#4704));
#4706=FACE_BOUND('',#4705,.T.);
#4707=ADVANCED_FACE('',(#4706),#4695,.T.);
#4708=CARTESIAN_POINT('',(1.433043272,168.44538724,13.906752239));
#4709=DIRECTION('',(0.994521895,-0.,-0.104528463));
#4710=DIRECTION('',(-0.104528463,0.,-0.994521895));
#4711=AXIS2_PLACEMENT_3D('',#4708,#4709,#4710);
#4712=CONICAL_SURFACE('',#4711,1.75,45.);
#4713=ORIENTED_EDGE('',*,*,#4702,.T.);
#4714=ORIENTED_EDGE('',*,*,#1653,.F.);
#4715=CARTESIAN_POINT('',(1.695115177,168.44538724,11.616813743));
#4716=DIRECTION('',(-0.629320391,0.,0.777145961));
#4717=VECTOR('',#4716,0.707106781);
#4718=LINE('',#4715,#4717);
#4719=EDGE_CURVE('',#1453,#1639,#4718,.T.);
#4720=ORIENTED_EDGE('',*,*,#4719,.F.);
#4721=ORIENTED_EDGE('',*,*,#3986,.F.);
#4722=EDGE_LOOP('',(#4713,#4714,#4720,#4721));
#4723=FACE_BOUND('',#4722,.T.);
#4724=ADVANCED_FACE('',(#4723),#4712,.T.);
#4725=CARTESIAN_POINT('',(1.250118461,408.19538724,12.166338922));
#4726=DIRECTION('',(0.777145961,0.,0.629320391));
#4727=DIRECTION('',(-0.,-1.,0.));
#4728=AXIS2_PLACEMENT_3D('',#4725,#4726,#4727);
#4729=PLANE('',#4728);
#4730=ORIENTED_EDGE('',*,*,#4719,.T.);
#4731=ORIENTED_EDGE('',*,*,#1644,.F.);
#4732=CARTESIAN_POINT('',(1.695115177,313.32038724,11.616813743));
#4733=DIRECTION('',(-0.629320391,-0.,0.777145961));
#4734=VECTOR('',#4733,0.707106781);
#4735=LINE('',#4732,#4734);
#4736=EDGE_CURVE('',#1461,#1631,#4735,.T.);
#4737=ORIENTED_EDGE('',*,*,#4736,.F.);
#4738=ORIENTED_EDGE('',*,*,#1466,.F.);
#4739=EDGE_LOOP('',(#4730,#4731,#4737,#4738));
#4740=FACE_BOUND('',#4739,.T.);
#4741=ADVANCED_FACE('',(#4740),#4729,.F.);
#4742=CARTESIAN_POINT('',(3.435528494,313.32038724,11.433888932));
#4743=DIRECTION('',(0.104528463,-0.,0.994521895));
#4744=DIRECTION('',(0.,1.,0.));
#4745=AXIS2_PLACEMENT_3D('',#4742,#4743,#4744);
#4746=CONICAL_SURFACE('',#4745,1.75,45.);
#4747=ORIENTED_EDGE('',*,*,#4736,.T.);
#4748=ORIENTED_EDGE('',*,*,#4468,.F.);
#4749=CARTESIAN_POINT('',(3.435528494,315.07038724,11.433888932));
#4750=DIRECTION('',(0.073912785,0.707106781,0.703233176));
#4751=VECTOR('',#4750,0.707106781);
#4752=LINE('',#4749,#4751);
#4753=EDGE_CURVE('',#1419,#2362,#4752,.T.);
#4754=ORIENTED_EDGE('',*,*,#4753,.F.);
#4755=ORIENTED_EDGE('',*,*,#1473,.F.);
#4756=EDGE_LOOP('',(#4747,#4748,#4754,#4755));
#4757=FACE_BOUND('',#4756,.T.);
#4758=ADVANCED_FACE('',(#4757),#4746,.T.);
#4759=CARTESIAN_POINT('',(56.048274896,315.57038724,6.406820596));
#4760=DIRECTION('',(-0.073912785,0.707106781,-0.703233176));
#4761=DIRECTION('',(0.994521895,-0.,-0.104528463));
#4762=AXIS2_PLACEMENT_3D('',#4759,#4760,#4761);
#4763=PLANE('',#4762);
#4764=ORIENTED_EDGE('',*,*,#2367,.F.);
#4765=CARTESIAN_POINT('',(103.858717721,315.57038724,1.381740565));
#4766=DIRECTION('',(-0.037032477,-0.70662175,-0.70662175));
#4767=VECTOR('',#4766,0.707592145);
#4768=LINE('',#4765,#4767);
#4769=EDGE_CURVE('',#2354,#940,#4768,.T.);
#4770=ORIENTED_EDGE('',*,*,#4769,.T.);
#4771=ORIENTED_EDGE('',*,*,#1424,.F.);
#4772=ORIENTED_EDGE('',*,*,#4753,.T.);
#4773=EDGE_LOOP('',(#4764,#4770,#4771,#4772));
#4774=FACE_BOUND('',#4773,.T.);
#4775=ADVANCED_FACE('',(#4774),#4763,.T.);
#4776=CARTESIAN_POINT('',(109.32028696,4.82038724,19.610711335));
#4777=DIRECTION('',(0.073912785,0.707106781,0.703233176));
#4778=DIRECTION('',(0.994521895,-0.,-0.104528463));
#4779=AXIS2_PLACEMENT_3D('',#4776,#4777,#4778);
#4780=PLANE('',#4779);
#4781=ORIENTED_EDGE('',*,*,#2253,.F.);
#4782=CARTESIAN_POINT('',(104.347677483,4.82038724,20.133353651));
#4783=DIRECTION('',(-0.073912785,0.707106781,-0.703233176));
#4784=VECTOR('',#4783,0.424264069);
#4785=LINE('',#4782,#4784);
#4786=EDGE_CURVE('',#2239,#2435,#4785,.T.);
#4787=ORIENTED_EDGE('',*,*,#4786,.T.);
#4788=ORIENTED_EDGE('',*,*,#2440,.F.);
#4789=CARTESIAN_POINT('',(11.658236835,4.82038724,29.875406428));
#4790=DIRECTION('',(-0.073912785,0.707106781,-0.703233176));
#4791=VECTOR('',#4790,0.424264069);
#4792=LINE('',#4789,#4791);
#4793=EDGE_CURVE('',#2248,#2433,#4792,.T.);
#4794=ORIENTED_EDGE('',*,*,#4793,.F.);
#4795=EDGE_LOOP('',(#4781,#4787,#4788,#4794));
#4796=FACE_BOUND('',#4795,.T.);
#4797=ADVANCED_FACE('',(#4796),#4780,.T.);
#4798=CARTESIAN_POINT('',(11.658236835,6.82038724,29.875406428));
#4799=DIRECTION('',(0.104528463,-0.,0.994521895));
#4800=DIRECTION('',(0.,1.,0.));
#4801=AXIS2_PLACEMENT_3D('',#4798,#4799,#4800);
#4802=CONICAL_SURFACE('',#4801,2.,45.);
#4803=ORIENTED_EDGE('',*,*,#4793,.T.);
#4804=ORIENTED_EDGE('',*,*,#2471,.T.);
#4805=ORIENTED_EDGE('',*,*,#4543,.F.);
#4806=ORIENTED_EDGE('',*,*,#1277,.F.);
#4807=CARTESIAN_POINT('',(9.669193044,6.82038724,30.084463354));
#4808=DIRECTION('',(0.629320391,0.,-0.777145961));
#4809=VECTOR('',#4808,0.424264069);
#4810=LINE('',#4807,#4809);
#4811=EDGE_CURVE('',#2256,#1263,#4810,.T.);
#4812=ORIENTED_EDGE('',*,*,#4811,.F.);
#4813=ORIENTED_EDGE('',*,*,#2262,.F.);
#4814=EDGE_LOOP('',(#4803,#4804,#4805,#4806,#4812,#4813));
#4815=FACE_BOUND('',#4814,.T.);
#4816=ADVANCED_FACE('',(#4815),#4802,.F.);
#4817=CARTESIAN_POINT('',(10.11418976,158.19538724,29.534938175));
#4818=DIRECTION('',(-0.777145961,-0.,-0.629320391));
#4819=DIRECTION('',(0.,-1.,-0.));
#4820=AXIS2_PLACEMENT_3D('',#4817,#4818,#4819);
#4821=PLANE('',#4820);
#4822=ORIENTED_EDGE('',*,*,#4811,.T.);
#4823=ORIENTED_EDGE('',*,*,#1268,.F.);
#4824=CARTESIAN_POINT('',(9.669193044,309.57038724,30.084463354));
#4825=DIRECTION('',(0.629320391,0.,-0.777145961));
#4826=VECTOR('',#4825,0.424264069);
#4827=LINE('',#4824,#4826);
#4828=EDGE_CURVE('',#2265,#1254,#4827,.T.);
#4829=ORIENTED_EDGE('',*,*,#4828,.F.);
#4830=ORIENTED_EDGE('',*,*,#2270,.F.);
#4831=EDGE_LOOP('',(#4822,#4823,#4829,#4830));
#4832=FACE_BOUND('',#4831,.T.);
#4833=ADVANCED_FACE('',(#4832),#4821,.F.);
#4834=CARTESIAN_POINT('',(11.658236835,309.57038724,29.875406428));
#4835=DIRECTION('',(0.104528463,-0.,0.994521895));
#4836=DIRECTION('',(0.,1.,0.));
#4837=AXIS2_PLACEMENT_3D('',#4834,#4835,#4836);
#4838=CONICAL_SURFACE('',#4837,2.,45.);
#4839=ORIENTED_EDGE('',*,*,#4828,.T.);
#4840=ORIENTED_EDGE('',*,*,#1260,.T.);
#4841=ORIENTED_EDGE('',*,*,#4510,.F.);
#4842=ORIENTED_EDGE('',*,*,#2416,.F.);
#4843=CARTESIAN_POINT('',(11.658236835,311.57038724,29.875406428));
#4844=DIRECTION('',(-0.073912785,-0.707106781,-0.703233176));
#4845=VECTOR('',#4844,0.424264069);
#4846=LINE('',#4843,#4845);
#4847=EDGE_CURVE('',#2144,#2402,#4846,.T.);
#4848=ORIENTED_EDGE('',*,*,#4847,.F.);
#4849=ORIENTED_EDGE('',*,*,#2277,.F.);
#4850=EDGE_LOOP('',(#4839,#4840,#4841,#4842,#4848,#4849));
#4851=FACE_BOUND('',#4850,.T.);
#4852=ADVANCED_FACE('',(#4851),#4838,.F.);
#4853=CARTESIAN_POINT('',(57.950692927,311.07038724,24.507119092));
#4854=DIRECTION('',(-0.073912785,0.707106781,-0.703233176));
#4855=DIRECTION('',(-0.994521895,0.,0.104528463));
#4856=AXIS2_PLACEMENT_3D('',#4853,#4854,#4855);
#4857=PLANE('',#4856);
#4858=ORIENTED_EDGE('',*,*,#2407,.F.);
#4859=CARTESIAN_POINT('',(104.347677483,311.57038724,20.133353651));
#4860=DIRECTION('',(-0.073912785,-0.707106781,-0.703233176));
#4861=VECTOR('',#4860,0.424264069);
#4862=LINE('',#4859,#4861);
#4863=EDGE_CURVE('',#2146,#2393,#4862,.T.);
#4864=ORIENTED_EDGE('',*,*,#4863,.F.);
#4865=ORIENTED_EDGE('',*,*,#2151,.F.);
#4866=ORIENTED_EDGE('',*,*,#4847,.T.);
#4867=EDGE_LOOP('',(#4858,#4864,#4865,#4866));
#4868=FACE_BOUND('',#4867,.T.);
#4869=ADVANCED_FACE('',(#4868),#4857,.F.);
#4870=CARTESIAN_POINT('',(57.950692927,315.57038724,24.507119092));
#4871=DIRECTION('',(-0.073912785,-0.707106781,-0.703233176));
#4872=DIRECTION('',(0.994521895,-0.,-0.104528463));
#4873=AXIS2_PLACEMENT_3D('',#4870,#4871,#4872);
#4874=PLANE('',#4873);
#4875=ORIENTED_EDGE('',*,*,#2090,.F.);
#4876=CARTESIAN_POINT('',(110.563439329,315.07038724,19.480050756));
#4877=DIRECTION('',(-0.073912785,0.707106781,-0.703233176));
#4878=VECTOR('',#4877,0.707106781);
#4879=LINE('',#4876,#4878);
#4880=EDGE_CURVE('',#2076,#2338,#4879,.T.);
#4881=ORIENTED_EDGE('',*,*,#4880,.T.);
#4882=ORIENTED_EDGE('',*,*,#2343,.F.);
#4883=CARTESIAN_POINT('',(5.442474989,315.07038724,30.528709323));
#4884=DIRECTION('',(-0.073912785,0.707106781,-0.703233176));
#4885=VECTOR('',#4884,0.707106781);
#4886=LINE('',#4883,#4885);
#4887=EDGE_CURVE('',#2085,#2336,#4886,.T.);
#4888=ORIENTED_EDGE('',*,*,#4887,.F.);
#4889=EDGE_LOOP('',(#4875,#4881,#4882,#4888));
#4890=FACE_BOUND('',#4889,.T.);
#4891=ADVANCED_FACE('',(#4890),#4874,.F.);
#4892=CARTESIAN_POINT('',(109.32028696,1.32038724,19.610711335));
#4893=DIRECTION('',(0.073912785,-0.707106781,0.703233176));
#4894=DIRECTION('',(-0.994521895,0.,0.104528463));
#4895=AXIS2_PLACEMENT_3D('',#4892,#4893,#4894);
#4896=PLANE('',#4895);
#4897=ORIENTED_EDGE('',*,*,#2319,.F.);
#4898=CARTESIAN_POINT('',(110.511175097,0.82038724,18.982789808));
#4899=DIRECTION('',(0.073912785,0.707106781,0.703233176));
#4900=VECTOR('',#4899,0.707106781);
#4901=LINE('',#4898,#4900);
#4902=EDGE_CURVE('',#2306,#2119,#4901,.T.);
#4903=ORIENTED_EDGE('',*,*,#4902,.T.);
#4904=ORIENTED_EDGE('',*,*,#2124,.F.);
#4905=CARTESIAN_POINT('',(5.390210757,0.82038724,30.031448375));
#4906=DIRECTION('',(0.073912785,0.707106781,0.703233176));
#4907=VECTOR('',#4906,0.707106781);
#4908=LINE('',#4905,#4907);
#4909=EDGE_CURVE('',#2314,#2110,#4908,.T.);
#4910=ORIENTED_EDGE('',*,*,#4909,.F.);
#4911=EDGE_LOOP('',(#4897,#4903,#4904,#4910));
#4912=FACE_BOUND('',#4911,.T.);
#4913=ADVANCED_FACE('',(#4912),#4896,.T.);
#4914=CARTESIAN_POINT('',(5.442474989,313.32038724,30.528709323));
#4915=DIRECTION('',(-0.104528463,0.,-0.994521895));
#4916=DIRECTION('',(-0.,-1.,0.));
#4917=AXIS2_PLACEMENT_3D('',#4914,#4915,#4916);
#4918=CONICAL_SURFACE('',#4917,1.75,45.);
#4919=ORIENTED_EDGE('',*,*,#4887,.T.);
#4920=ORIENTED_EDGE('',*,*,#4476,.F.);
#4921=CARTESIAN_POINT('',(3.702061672,313.32038724,30.711634134));
#4922=DIRECTION('',(-0.777145961,0.,-0.629320391));
#4923=VECTOR('',#4922,0.707106781);
#4924=LINE('',#4921,#4923);
#4925=EDGE_CURVE('',#2093,#1623,#4924,.T.);
#4926=ORIENTED_EDGE('',*,*,#4925,.F.);
#4927=ORIENTED_EDGE('',*,*,#2099,.F.);
#4928=EDGE_LOOP('',(#4919,#4920,#4926,#4927));
#4929=FACE_BOUND('',#4928,.T.);
#4930=ADVANCED_FACE('',(#4929),#4918,.T.);
#4931=CARTESIAN_POINT('',(5.442474989,3.07038724,30.528709323));
#4932=DIRECTION('',(-0.104528463,0.,-0.994521895));
#4933=DIRECTION('',(-0.,-1.,0.));
#4934=AXIS2_PLACEMENT_3D('',#4931,#4932,#4933);
#4935=CONICAL_SURFACE('',#4934,1.75,45.);
#4936=ORIENTED_EDGE('',*,*,#4909,.T.);
#4937=ORIENTED_EDGE('',*,*,#2116,.F.);
#4938=CARTESIAN_POINT('',(3.152536492,3.07038724,30.266637418));
#4939=DIRECTION('',(0.777145961,-0.,0.629320391));
#4940=VECTOR('',#4939,0.707106781);
#4941=LINE('',#4938,#4940);
#4942=EDGE_CURVE('',#1615,#2102,#4941,.T.);
#4943=ORIENTED_EDGE('',*,*,#4942,.F.);
#4944=ORIENTED_EDGE('',*,*,#4444,.F.);
#4945=EDGE_LOOP('',(#4936,#4937,#4943,#4944));
#4946=FACE_BOUND('',#4945,.T.);
#4947=ADVANCED_FACE('',(#4946),#4935,.T.);
#4948=CARTESIAN_POINT('',(3.702061672,408.19538724,30.711634134));
#4949=DIRECTION('',(-0.629320391,0.,0.777145961));
#4950=DIRECTION('',(0.,1.,-0.));
#4951=AXIS2_PLACEMENT_3D('',#4948,#4949,#4950);
#4952=PLANE('',#4951);
#4953=ORIENTED_EDGE('',*,*,#4925,.T.);
#4954=ORIENTED_EDGE('',*,*,#1628,.F.);
#4955=ORIENTED_EDGE('',*,*,#4942,.T.);
#4956=ORIENTED_EDGE('',*,*,#2107,.F.);
#4957=EDGE_LOOP('',(#4953,#4954,#4955,#4956));
#4958=FACE_BOUND('',#4957,.T.);
#4959=ADVANCED_FACE('',(#4958),#4952,.T.);
#4960=CARTESIAN_POINT('',(333.641541189,301.54538724,1.331942587));
#4961=DIRECTION('',(-0.,0.707106781,-0.707106781));
#4962=DIRECTION('',(1.,-0.,-0.));
#4963=AXIS2_PLACEMENT_3D('',#4960,#4961,#4962);
#4964=PLANE('',#4963);
#4965=ORIENTED_EDGE('',*,*,#2593,.F.);
#4966=CARTESIAN_POINT('',(74.100393323,301.54538724,1.331942587));
#4967=DIRECTION('',(-0.074115513,-0.705161999,-0.705161999));
#4968=VECTOR('',#4967,0.638437724);
#4969=LINE('',#4966,#4968);
#4970=EDGE_CURVE('',#2580,#908,#4969,.T.);
#4971=ORIENTED_EDGE('',*,*,#4970,.T.);
#4972=ORIENTED_EDGE('',*,*,#913,.F.);
#4973=CARTESIAN_POINT('',(8.406820826,301.54538724,1.331942587));
#4974=DIRECTION('',(-0.,-0.707106781,-0.707106781));
#4975=VECTOR('',#4974,0.636681806);
#4976=LINE('',#4973,#4975);
#4977=EDGE_CURVE('',#2588,#906,#4976,.T.);
#4978=ORIENTED_EDGE('',*,*,#4977,.F.);
#4979=EDGE_LOOP('',(#4965,#4971,#4972,#4978));
#4980=FACE_BOUND('',#4979,.T.);
#4981=ADVANCED_FACE('',(#4980),#4964,.T.);
#4982=CARTESIAN_POINT('',(6.597109058,299.29538724,0.881740565));
#4983=CARTESIAN_POINT('',(6.595186648,299.767230261,0.881740565));
#4984=CARTESIAN_POINT('',(6.791677408,300.234390456,0.881740565));
#4985=CARTESIAN_POINT('',(7.462645318,300.901682734,0.881740565));
#4986=CARTESIAN_POINT('',(7.932378761,301.097097096,0.881740565));
#4987=CARTESIAN_POINT('',(8.406820826,301.095185218,0.881740565));
#4988=CARTESIAN_POINT('',(6.149373289,299.29538724,1.379001513));
#4989=CARTESIAN_POINT('',(6.146975262,299.885257221,1.379051502));
#4990=CARTESIAN_POINT('',(6.392079255,300.469273011,1.373942045));
#4991=CARTESIAN_POINT('',(7.229049475,301.303481985,1.3564945));
#4992=CARTESIAN_POINT('',(7.814998366,301.547777356,1.344279764));
#4993=CARTESIAN_POINT('',(8.406820826,301.54538724,1.331942587));
#4994=CARTESIAN_POINT('',(6.148194036,299.29538724,1.380311206));
#4995=CARTESIAN_POINT('',(6.145794756,299.885568082,1.380361327));
#4996=CARTESIAN_POINT('',(6.391026787,300.469891648,1.375238413));
#4997=CARTESIAN_POINT('',(7.228434226,301.30454025,1.357744914));
#4998=CARTESIAN_POINT('',(7.814689208,301.548964365,1.345498007));
#4999=CARTESIAN_POINT('',(8.406820826,301.546572989,1.333128336));
#5000=B_SPLINE_SURFACE_WITH_KNOTS('',1,3,((#4982,#4983,#4984,#4985,#4986,#4987),(#4988,#4989,#4990,#4991,#4992,#4993),(#4994,#4995,#4996,#4997,#4998,#4999)),.UNSPECIFIED.,.F.,.F.,.U.,(2,1,2),(4,2,4),(0.,1.,1.002633815),(0.,0.785398163,1.570796327),.UNSPECIFIED.);
#5001=ORIENTED_EDGE('',*,*,#4977,.T.);
#5002=ORIENTED_EDGE('',*,*,#1121,.F.);
#5003=CARTESIAN_POINT('',(6.149373289,299.29538724,1.379001513));
#5004=DIRECTION('',(0.669130606,-0.,-0.743144825));
#5005=VECTOR('',#5004,0.669130606);
#5006=LINE('',#5003,#5005);
#5007=EDGE_CURVE('',#1752,#1091,#5006,.T.);
#5008=ORIENTED_EDGE('',*,*,#5007,.F.);
#5009=ORIENTED_EDGE('',*,*,#4426,.F.);
#5010=EDGE_LOOP('',(#5001,#5002,#5008,#5009));
#5011=FACE_BOUND('',#5010,.T.);
#5012=ADVANCED_FACE('',(#5011),#5000,.T.);
#5013=CARTESIAN_POINT('',(6.597109058,408.19538724,0.881740565));
#5014=DIRECTION('',(0.743144825,-0.,0.669130606));
#5015=DIRECTION('',(0.,1.,0.));
#5016=AXIS2_PLACEMENT_3D('',#5013,#5014,#5015);
#5017=PLANE('',#5016);
#5018=ORIENTED_EDGE('',*,*,#5007,.T.);
#5019=ORIENTED_EDGE('',*,*,#1096,.F.);
#5020=CARTESIAN_POINT('',(6.149373289,17.09538724,1.379001513));
#5021=DIRECTION('',(0.669130606,-0.,-0.743144825));
#5022=VECTOR('',#5021,0.669130606);
#5023=LINE('',#5020,#5022);
#5024=EDGE_CURVE('',#1760,#1061,#5023,.T.);
#5025=ORIENTED_EDGE('',*,*,#5024,.F.);
#5026=ORIENTED_EDGE('',*,*,#1765,.F.);
#5027=EDGE_LOOP('',(#5018,#5019,#5025,#5026));
#5028=FACE_BOUND('',#5027,.T.);
#5029=ADVANCED_FACE('',(#5028),#5017,.F.);
#5030=CARTESIAN_POINT('',(8.406820826,15.295589262,0.881740565));
#5031=CARTESIAN_POINT('',(7.932378761,15.293677384,0.881740565));
#5032=CARTESIAN_POINT('',(7.462645318,15.489091746,0.881740565));
#5033=CARTESIAN_POINT('',(6.791677408,16.156384024,0.881740565));
#5034=CARTESIAN_POINT('',(6.595186648,16.623544219,0.881740565));
#5035=CARTESIAN_POINT('',(6.597109058,17.09538724,0.881740565));
#5036=CARTESIAN_POINT('',(8.406820826,14.84538724,1.331942587));
#5037=CARTESIAN_POINT('',(7.814998366,14.842997124,1.344279764));
#5038=CARTESIAN_POINT('',(7.229049475,15.087292495,1.3564945));
#5039=CARTESIAN_POINT('',(6.392079255,15.92150147,1.373942045));
#5040=CARTESIAN_POINT('',(6.146975262,16.50551726,1.379051502));
#5041=CARTESIAN_POINT('',(6.149373289,17.09538724,1.379001513));
#5042=CARTESIAN_POINT('',(8.406820826,14.844214807,1.33311502));
#5043=CARTESIAN_POINT('',(7.81469268,14.841823445,1.345484326));
#5044=CARTESIAN_POINT('',(7.228441135,15.086246114,1.357730872));
#5045=CARTESIAN_POINT('',(6.391038606,15.92088978,1.375223855));
#5046=CARTESIAN_POINT('',(6.145808013,16.505209889,1.380346618));
#5047=CARTESIAN_POINT('',(6.148207279,17.09538724,1.380296499));
#5048=B_SPLINE_SURFACE_WITH_KNOTS('',1,3,((#5030,#5031,#5032,#5033,#5034,#5035),(#5036,#5037,#5038,#5039,#5040,#5041),(#5042,#5043,#5044,#5045,#5046,#5047)),.UNSPECIFIED.,.F.,.F.,.U.,(2,1,2),(4,2,4),(0.,1.,1.002604238),(1.570796327,2.35619449,3.141592654),.UNSPECIFIED.);
#5049=ORIENTED_EDGE('',*,*,#5024,.T.);
#5050=ORIENTED_EDGE('',*,*,#1088,.F.);
#5051=CARTESIAN_POINT('',(8.406820826,14.84538724,1.331942587));
#5052=DIRECTION('',(-0.,0.707106781,-0.707106781));
#5053=VECTOR('',#5052,0.636681806);
#5054=LINE('',#5051,#5053);
#5055=EDGE_CURVE('',#2484,#1053,#5054,.T.);
#5056=ORIENTED_EDGE('',*,*,#5055,.F.);
#5057=ORIENTED_EDGE('',*,*,#4390,.F.);
#5058=EDGE_LOOP('',(#5049,#5050,#5056,#5057));
#5059=FACE_BOUND('',#5058,.T.);
#5060=ADVANCED_FACE('',(#5059),#5048,.T.);
#5061=CARTESIAN_POINT('',(107.35179281,15.295589262,0.881740565));
#5062=DIRECTION('',(0.,0.707106781,0.707106781));
#5063=DIRECTION('',(-1.,-0.,0.));
#5064=AXIS2_PLACEMENT_3D('',#5061,#5062,#5063);
#5065=PLANE('',#5064);
#5066=ORIENTED_EDGE('',*,*,#1058,.F.);
#5067=CARTESIAN_POINT('',(74.053075184,15.295589262,0.881740565));
#5068=DIRECTION('',(0.074115513,-0.705161999,0.705161999));
#5069=VECTOR('',#5068,0.638437724);
#5070=LINE('',#5067,#5069);
#5071=EDGE_CURVE('',#1045,#2492,#5070,.T.);
#5072=ORIENTED_EDGE('',*,*,#5071,.T.);
#5073=ORIENTED_EDGE('',*,*,#2497,.F.);
#5074=ORIENTED_EDGE('',*,*,#5055,.T.);
#5075=EDGE_LOOP('',(#5066,#5072,#5073,#5074));
#5076=FACE_BOUND('',#5075,.T.);
#5077=ADVANCED_FACE('',(#5076),#5065,.F.);
#5078=CARTESIAN_POINT('',(58.484090423,158.19538724,1.381740565));
#5079=DIRECTION('',(-0.,0.,-1.));
#5080=DIRECTION('',(0.,1.,0.));
#5081=AXIS2_PLACEMENT_3D('',#5078,#5079,#5080);
#5082=PLANE('',#5081);
#5083=CARTESIAN_POINT('',(97.571071788,292.39538724,1.381740565));
#5084=VERTEX_POINT('',#5083);
#5085=CARTESIAN_POINT('',(101.721071788,292.39538724,1.381740565));
#5086=DIRECTION('',(-0.,0.,-1.));
#5087=DIRECTION('',(-1.,0.,0.));
#5088=AXIS2_PLACEMENT_3D('',#5085,#5086,#5087);
#5089=CIRCLE('',#5088,4.15);
#5090=EDGE_CURVE('',#5084,#5084,#5089,.T.);
#5091=ORIENTED_EDGE('',*,*,#5090,.T.);
#5092=EDGE_LOOP('',(#5091));
#5093=FACE_BOUND('',#5092,.T.);
#5094=ADVANCED_FACE('',(#5093),#5082,.T.);
#5095=CARTESIAN_POINT('',(58.484090423,158.19538724,1.381740565));
#5096=DIRECTION('',(-0.,0.,-1.));
#5097=DIRECTION('',(0.,1.,0.));
#5098=AXIS2_PLACEMENT_3D('',#5095,#5096,#5097);
#5099=PLANE('',#5098);
#5100=CARTESIAN_POINT('',(97.571071788,23.99538724,1.381740565));
#5101=VERTEX_POINT('',#5100);
#5102=CARTESIAN_POINT('',(101.721071788,23.99538724,1.381740565));
#5103=DIRECTION('',(0.,-0.,1.));
#5104=DIRECTION('',(-1.,0.,0.));
#5105=AXIS2_PLACEMENT_3D('',#5102,#5103,#5104);
#5106=CIRCLE('',#5105,4.15);
#5107=EDGE_CURVE('',#5101,#5101,#5106,.T.);
#5108=ORIENTED_EDGE('',*,*,#5107,.F.);
#5109=EDGE_LOOP('',(#5108));
#5110=FACE_BOUND('',#5109,.T.);
#5111=ADVANCED_FACE('',(#5110),#5099,.T.);
#5112=CARTESIAN_POINT('',(56.7486156,158.19538724,13.070117295));
#5113=DIRECTION('',(0.104528463,-0.,0.994521895));
#5114=DIRECTION('',(0.,1.,0.));
#5115=AXIS2_PLACEMENT_3D('',#5112,#5113,#5114);
#5116=PLANE('',#5115);
#5117=CARTESIAN_POINT('',(104.784023146,276.095382704,8.021392519));
#5118=VERTEX_POINT('',#5117);
#5119=CARTESIAN_POINT('',(104.784023146,268.895391776,8.021392519));
#5120=VERTEX_POINT('',#5119);
#5121=CARTESIAN_POINT('',(104.784023146,276.095382704,8.021392519));
#5122=DIRECTION('',(0.,-1.,-0.));
#5123=VECTOR('',#5122,7.199990928);
#5124=LINE('',#5121,#5123);
#5125=EDGE_CURVE('',#5118,#5120,#5124,.T.);
#5126=ORIENTED_EDGE('',*,*,#5125,.F.);
#5127=CARTESIAN_POINT('',(103.709939499,274.65538724,8.134283259));
#5128=VERTEX_POINT('',#5127);
#5129=CARTESIAN_POINT('',(103.292240303,276.09538724,8.178185214));
#5130=DIRECTION('',(-0.104528463,0.,-0.994521895));
#5131=DIRECTION('',(0.994521895,0.,-0.104528463));
#5132=AXIS2_PLACEMENT_3D('',#5129,#5130,#5131);
#5133=CIRCLE('',#5132,1.5);
#5134=EDGE_CURVE('',#5118,#5128,#5133,.T.);
#5135=ORIENTED_EDGE('',*,*,#5134,.T.);
#5136=CARTESIAN_POINT('',(102.098814028,272.49538724,8.30361937));
#5137=VERTEX_POINT('',#5136);
#5138=CARTESIAN_POINT('',(104.336488293,272.49538724,8.068430327));
#5139=DIRECTION('',(0.104528463,-0.,0.994521895));
#5140=DIRECTION('',(-0.994521895,0.,0.104528463));
#5141=AXIS2_PLACEMENT_3D('',#5138,#5139,#5140);
#5142=CIRCLE('',#5141,2.25);
#5143=EDGE_CURVE('',#5128,#5137,#5142,.T.);
#5144=ORIENTED_EDGE('',*,*,#5143,.T.);
#5145=CARTESIAN_POINT('',(103.709939499,270.33538724,8.134283259));
#5146=VERTEX_POINT('',#5145);
#5147=CARTESIAN_POINT('',(104.336488293,272.49538724,8.068430327));
#5148=DIRECTION('',(0.104528463,-0.,0.994521895));
#5149=DIRECTION('',(-0.994521895,0.,0.104528463));
#5150=AXIS2_PLACEMENT_3D('',#5147,#5148,#5149);
#5151=CIRCLE('',#5150,2.25);
#5152=EDGE_CURVE('',#5137,#5146,#5151,.T.);
#5153=ORIENTED_EDGE('',*,*,#5152,.T.);
#5154=CARTESIAN_POINT('',(103.292240303,268.89538724,8.178185214));
#5155=DIRECTION('',(-0.104528463,0.,-0.994521895));
#5156=DIRECTION('',(0.994521895,0.,-0.104528463));
#5157=AXIS2_PLACEMENT_3D('',#5154,#5155,#5156);
#5158=CIRCLE('',#5157,1.5);
#5159=EDGE_CURVE('',#5146,#5120,#5158,.T.);
#5160=ORIENTED_EDGE('',*,*,#5159,.T.);
#5161=EDGE_LOOP('',(#5126,#5135,#5144,#5153,#5160));
#5162=FACE_BOUND('',#5161,.T.);
#5163=ADVANCED_FACE('',(#5162),#5116,.T.);
#5164=CARTESIAN_POINT('',(56.7486156,158.19538724,13.070117295));
#5165=DIRECTION('',(0.104528463,-0.,0.994521895));
#5166=DIRECTION('',(0.,1.,0.));
#5167=AXIS2_PLACEMENT_3D('',#5164,#5165,#5166);
#5168=PLANE('',#5167);
#5169=ORIENTED_EDGE('',*,*,#856,.F.);
#5170=CARTESIAN_POINT('',(103.709939499,60.34288724,8.134283259));
#5171=VERTEX_POINT('',#5170);
#5172=CARTESIAN_POINT('',(103.292240303,61.78288724,8.178185214));
#5173=DIRECTION('',(-0.104528463,0.,-0.994521895));
#5174=DIRECTION('',(0.994521895,0.,-0.104528463));
#5175=AXIS2_PLACEMENT_3D('',#5172,#5173,#5174);
#5176=CIRCLE('',#5175,1.5);
#5177=EDGE_CURVE('',#843,#5171,#5176,.T.);
#5178=ORIENTED_EDGE('',*,*,#5177,.T.);
#5179=CARTESIAN_POINT('',(102.098814028,58.18288724,8.30361937));
#5180=VERTEX_POINT('',#5179);
#5181=CARTESIAN_POINT('',(104.336488293,58.18288724,8.068430327));
#5182=DIRECTION('',(0.104528463,-0.,0.994521895));
#5183=DIRECTION('',(-0.994521895,0.,0.104528463));
#5184=AXIS2_PLACEMENT_3D('',#5181,#5182,#5183);
#5185=CIRCLE('',#5184,2.25);
#5186=EDGE_CURVE('',#5171,#5180,#5185,.T.);
#5187=ORIENTED_EDGE('',*,*,#5186,.T.);
#5188=CARTESIAN_POINT('',(103.709939499,56.02288724,8.134283259));
#5189=VERTEX_POINT('',#5188);
#5190=CARTESIAN_POINT('',(104.336488293,58.18288724,8.068430327));
#5191=DIRECTION('',(0.104528463,-0.,0.994521895));
#5192=DIRECTION('',(-0.994521895,0.,0.104528463));
#5193=AXIS2_PLACEMENT_3D('',#5190,#5191,#5192);
#5194=CIRCLE('',#5193,2.25);
#5195=EDGE_CURVE('',#5180,#5189,#5194,.T.);
#5196=ORIENTED_EDGE('',*,*,#5195,.T.);
#5197=CARTESIAN_POINT('',(103.292240303,54.58288724,8.178185214));
#5198=DIRECTION('',(-0.104528463,0.,-0.994521895));
#5199=DIRECTION('',(0.994521895,0.,-0.104528463));
#5200=AXIS2_PLACEMENT_3D('',#5197,#5198,#5199);
#5201=CIRCLE('',#5200,1.5);
#5202=EDGE_CURVE('',#5189,#851,#5201,.T.);
#5203=ORIENTED_EDGE('',*,*,#5202,.T.);
#5204=EDGE_LOOP('',(#5169,#5178,#5187,#5196,#5203));
#5205=FACE_BOUND('',#5204,.T.);
#5206=ADVANCED_FACE('',(#5205),#5168,.T.);
#5207=CARTESIAN_POINT('',(56.7486156,158.19538724,13.070117295));
#5208=DIRECTION('',(0.104528463,-0.,0.994521895));
#5209=DIRECTION('',(0.,1.,0.));
#5210=AXIS2_PLACEMENT_3D('',#5207,#5208,#5209);
#5211=PLANE('',#5210);
#5212=ORIENTED_EDGE('',*,*,#833,.F.);
#5213=CARTESIAN_POINT('',(103.709939499,222.26788724,8.134283259));
#5214=VERTEX_POINT('',#5213);
#5215=CARTESIAN_POINT('',(103.292240303,223.70788724,8.178185214));
#5216=DIRECTION('',(-0.104528463,0.,-0.994521895));
#5217=DIRECTION('',(0.994521895,0.,-0.104528463));
#5218=AXIS2_PLACEMENT_3D('',#5215,#5216,#5217);
#5219=CIRCLE('',#5218,1.5);
#5220=EDGE_CURVE('',#820,#5214,#5219,.T.);
#5221=ORIENTED_EDGE('',*,*,#5220,.T.);
#5222=CARTESIAN_POINT('',(102.098814028,220.10788724,8.30361937));
#5223=VERTEX_POINT('',#5222);
#5224=CARTESIAN_POINT('',(104.336488293,220.10788724,8.068430327));
#5225=DIRECTION('',(0.104528463,-0.,0.994521895));
#5226=DIRECTION('',(-0.994521895,0.,0.104528463));
#5227=AXIS2_PLACEMENT_3D('',#5224,#5225,#5226);
#5228=CIRCLE('',#5227,2.25);
#5229=EDGE_CURVE('',#5214,#5223,#5228,.T.);
#5230=ORIENTED_EDGE('',*,*,#5229,.T.);
#5231=CARTESIAN_POINT('',(103.709939499,217.94788724,8.134283259));
#5232=VERTEX_POINT('',#5231);
#5233=CARTESIAN_POINT('',(104.336488293,220.10788724,8.068430327));
#5234=DIRECTION('',(0.104528463,-0.,0.994521895));
#5235=DIRECTION('',(-0.994521895,0.,0.104528463));
#5236=AXIS2_PLACEMENT_3D('',#5233,#5234,#5235);
#5237=CIRCLE('',#5236,2.25);
#5238=EDGE_CURVE('',#5223,#5232,#5237,.T.);
#5239=ORIENTED_EDGE('',*,*,#5238,.T.);
#5240=CARTESIAN_POINT('',(103.292240303,216.50788724,8.178185214));
#5241=DIRECTION('',(-0.104528463,0.,-0.994521895));
#5242=DIRECTION('',(0.994521895,0.,-0.104528463));
#5243=AXIS2_PLACEMENT_3D('',#5240,#5241,#5242);
#5244=CIRCLE('',#5243,1.5);
#5245=EDGE_CURVE('',#5232,#828,#5244,.T.);
#5246=ORIENTED_EDGE('',*,*,#5245,.T.);
#5247=EDGE_LOOP('',(#5212,#5221,#5230,#5239,#5246));
#5248=FACE_BOUND('',#5247,.T.);
#5249=ADVANCED_FACE('',(#5248),#5211,.T.);
#5250=CARTESIAN_POINT('',(111.836092691,408.19538724,10.063301139));
#5251=DIRECTION('',(-0.994521895,0.,0.104528463));
#5252=DIRECTION('',(0.104528463,-0.,0.994521895));
#5253=AXIS2_PLACEMENT_3D('',#5250,#5251,#5252);
#5254=PLANE('',#5253);
#5255=CARTESIAN_POINT('',(112.748849362,3.07038724,18.747600766));
#5256=VERTEX_POINT('',#5255);
#5257=CARTESIAN_POINT('',(110.918130714,3.07038724,1.329476333));
#5258=VERTEX_POINT('',#5257);
#5259=CARTESIAN_POINT('',(112.748849362,3.07038724,18.747600766));
#5260=DIRECTION('',(-0.104528463,0.,-0.994521895));
#5261=VECTOR('',#5260,17.514068331);
#5262=LINE('',#5259,#5261);
#5263=EDGE_CURVE('',#5256,#5258,#5262,.T.);
#5264=ORIENTED_EDGE('',*,*,#5263,.T.);
#5265=CARTESIAN_POINT('',(110.918130714,313.32038724,1.329476333));
#5266=VERTEX_POINT('',#5265);
#5267=CARTESIAN_POINT('',(110.918130714,3.07038724,1.329476333));
#5268=DIRECTION('',(0.,1.,0.));
#5269=VECTOR('',#5268,310.25);
#5270=LINE('',#5267,#5269);
#5271=EDGE_CURVE('',#5258,#5266,#5270,.T.);
#5272=ORIENTED_EDGE('',*,*,#5271,.T.);
#5273=CARTESIAN_POINT('',(112.748849362,313.32038724,18.747600766));
#5274=VERTEX_POINT('',#5273);
#5275=CARTESIAN_POINT('',(110.918130714,313.32038724,1.329476333));
#5276=DIRECTION('',(0.104528463,-0.,0.994521895));
#5277=VECTOR('',#5276,17.514068331);
#5278=LINE('',#5275,#5277);
#5279=EDGE_CURVE('',#5266,#5274,#5278,.T.);
#5280=ORIENTED_EDGE('',*,*,#5279,.T.);
#5281=CARTESIAN_POINT('',(112.748849362,313.32038724,18.747600766));
#5282=DIRECTION('',(-0.,-1.,-0.));
#5283=VECTOR('',#5282,310.25);
#5284=LINE('',#5281,#5283);
#5285=EDGE_CURVE('',#5274,#5256,#5284,.T.);
#5286=ORIENTED_EDGE('',*,*,#5285,.T.);
#5287=EDGE_LOOP('',(#5264,#5272,#5280,#5286));
#5288=FACE_BOUND('',#5287,.T.);
#5289=ADVANCED_FACE('',(#5288),#5254,.F.);
#5290=CARTESIAN_POINT('',(110.420869766,3.07038724,0.881740565));
#5291=CARTESIAN_POINT('',(110.422738985,2.611599477,0.881740565));
#5292=CARTESIAN_POINT('',(110.23168486,2.157364974,0.881740565));
#5293=CARTESIAN_POINT('',(109.579281725,1.508535772,0.881740565));
#5294=CARTESIAN_POINT('',(109.122545171,1.318528261,0.881740565));
#5295=CARTESIAN_POINT('',(108.661230277,1.32038724,0.881740565));
#5296=CARTESIAN_POINT('',(110.918130714,3.07038724,1.329476333));
#5297=CARTESIAN_POINT('',(110.92052816,2.48051726,1.329420814));
#5298=CARTESIAN_POINT('',(110.675483569,1.89650147,1.335095441));
#5299=CARTESIAN_POINT('',(109.838716192,1.062292495,1.354472904));
#5300=CARTESIAN_POINT('',(109.252909307,0.817997124,1.368038742));
#5301=CARTESIAN_POINT('',(108.661230277,0.82038724,1.381740565));
#5302=CARTESIAN_POINT('',(110.919476598,3.07038724,1.330688173));
#5303=CARTESIAN_POINT('',(110.921875474,2.480162473,1.330632503));
#5304=CARTESIAN_POINT('',(110.676684752,1.895795418,1.336322489));
#5305=CARTESIAN_POINT('',(109.839418376,1.061084696,1.355752398));
#5306=CARTESIAN_POINT('',(109.253262149,0.816642389,1.369354954));
#5307=CARTESIAN_POINT('',(108.661230277,0.819033943,1.383093862));
#5308=B_SPLINE_SURFACE_WITH_KNOTS('',1,3,((#5290,#5291,#5292,#5293,#5294,#5295),(#5296,#5297,#5298,#5299,#5300,#5301),(#5302,#5303,#5304,#5305,#5306,#5307)),.UNSPECIFIED.,.F.,.F.,.U.,(2,1,2),(4,2,4),(0.,1.,1.002706594),(3.141592654,3.926990817,4.71238898),.UNSPECIFIED.);
#5309=CARTESIAN_POINT('',(108.661230277,0.82038724,1.381740565));
#5310=DIRECTION('',(-0.,0.707106781,-0.707106781));
#5311=VECTOR('',#5310,0.707106781);
#5312=LINE('',#5309,#5311);
#5313=EDGE_CURVE('',#2298,#994,#5312,.T.);
#5314=ORIENTED_EDGE('',*,*,#5313,.T.);
#5315=ORIENTED_EDGE('',*,*,#1018,.F.);
#5316=CARTESIAN_POINT('',(110.918130714,3.07038724,1.329476333));
#5317=DIRECTION('',(-0.743144825,0.,-0.669130606));
#5318=VECTOR('',#5317,0.669130606);
#5319=LINE('',#5316,#5318);
#5320=EDGE_CURVE('',#5258,#986,#5319,.T.);
#5321=ORIENTED_EDGE('',*,*,#5320,.F.);
#5322=CARTESIAN_POINT('',(108.661230277,0.82038724,1.381740565));
#5323=CARTESIAN_POINT('',(108.809961978,0.82038724,1.377695498));
#5324=CARTESIAN_POINT('',(108.956379454,0.834909664,1.374609275));
#5325=CARTESIAN_POINT('',(109.100550158,0.86342421,1.371669437));
#5326=CARTESIAN_POINT('',(109.244720862,0.891938756,1.368729599));
#5327=CARTESIAN_POINT('',(109.388096764,0.93517604,1.365897128));
#5328=CARTESIAN_POINT('',(109.524288676,0.991352499,1.362907158));
#5329=CARTESIAN_POINT('',(109.660480589,1.047528958,1.359917188));
#5330=CARTESIAN_POINT('',(109.789945824,1.116371006,1.356763291));
#5331=CARTESIAN_POINT('',(109.912671564,1.197909329,1.353591448));
#5332=CARTESIAN_POINT('',(110.035397304,1.279447652,1.350419606));
#5333=CARTESIAN_POINT('',(110.151346751,1.374187616,1.347238791));
#5334=CARTESIAN_POINT('',(110.255411043,1.477715084,1.344823327));
#5335=CARTESIAN_POINT('',(110.359475334,1.581242551,1.342407863));
#5336=CARTESIAN_POINT('',(110.453123211,1.694387316,1.340727074));
#5337=CARTESIAN_POINT('',(110.535950562,1.817508944,1.339149549));
#5338=CARTESIAN_POINT('',(110.618777914,1.940630572,1.337572025));
#5339=CARTESIAN_POINT('',(110.688744896,2.070967813,1.336120357));
#5340=CARTESIAN_POINT('',(110.745200654,2.20633081,1.334654637));
#5341=CARTESIAN_POINT('',(110.801656412,2.341693808,1.333188918));
#5342=CARTESIAN_POINT('',(110.845222675,2.483866675,1.331691585));
#5343=CARTESIAN_POINT('',(110.874330185,2.629200903,1.330604279));
#5344=CARTESIAN_POINT('',(110.903437694,2.774535132,1.329516972));
#5345=CARTESIAN_POINT('',(110.918065874,2.921592942,1.328859424));
#5346=CARTESIAN_POINT('',(110.918130714,3.07038724,1.329476333));
#5347=B_SPLINE_CURVE_WITH_KNOTS('',3,(#5322,#5323,#5324,#5325,#5326,#5327,#5328,#5329,#5330,#5331,#5332,#5333,#5334,#5335,#5336,#5337,#5338,#5339,#5340,#5341,#5342,#5343,#5344,#5345,#5346),.UNSPECIFIED.,.F.,.F.,(4,3,3,3,3,3,3,3,4),(0.,0.000440695,0.000881391,0.001322086,0.001762781,0.002203476,0.002644172,0.003084867,0.003525562),.UNSPECIFIED.);
#5348=EDGE_CURVE('',#2298,#5258,#5347,.T.);
#5349=ORIENTED_EDGE('',*,*,#5348,.F.);
#5350=EDGE_LOOP('',(#5314,#5315,#5321,#5349));
#5351=FACE_BOUND('',#5350,.T.);
#5352=ADVANCED_FACE('',(#5351),#5308,.T.);
#5353=CARTESIAN_POINT('',(110.420869766,408.19538724,0.881740565));
#5354=DIRECTION('',(0.669130606,-0.,-0.743144825));
#5355=DIRECTION('',(0.,1.,0.));
#5356=AXIS2_PLACEMENT_3D('',#5353,#5354,#5355);
#5357=PLANE('',#5356);
#5358=ORIENTED_EDGE('',*,*,#5320,.T.);
#5359=ORIENTED_EDGE('',*,*,#991,.F.);
#5360=CARTESIAN_POINT('',(110.918130714,313.32038724,1.329476333));
#5361=DIRECTION('',(-0.743144825,0.,-0.669130606));
#5362=VECTOR('',#5361,0.669130606);
#5363=LINE('',#5360,#5362);
#5364=EDGE_CURVE('',#5266,#956,#5363,.T.);
#5365=ORIENTED_EDGE('',*,*,#5364,.F.);
#5366=ORIENTED_EDGE('',*,*,#5271,.F.);
#5367=EDGE_LOOP('',(#5358,#5359,#5365,#5366));
#5368=FACE_BOUND('',#5367,.T.);
#5369=ADVANCED_FACE('',(#5368),#5357,.T.);
#5370=CARTESIAN_POINT('',(108.661230277,315.07038724,0.881740565));
#5371=CARTESIAN_POINT('',(109.122545171,315.072246219,0.881740565));
#5372=CARTESIAN_POINT('',(109.579281725,314.882238708,0.881740565));
#5373=CARTESIAN_POINT('',(110.23168486,314.233409506,0.881740565));
#5374=CARTESIAN_POINT('',(110.422738985,313.779175003,0.881740565));
#5375=CARTESIAN_POINT('',(110.420869766,313.32038724,0.881740565));
#5376=CARTESIAN_POINT('',(108.661230277,315.57038724,1.381740565));
#5377=CARTESIAN_POINT('',(109.252909307,315.572777356,1.368038742));
#5378=CARTESIAN_POINT('',(109.838716192,315.328481985,1.354472904));
#5379=CARTESIAN_POINT('',(110.675483569,314.494273011,1.335095441));
#5380=CARTESIAN_POINT('',(110.92052816,313.910257221,1.329420814));
#5381=CARTESIAN_POINT('',(110.918130714,313.32038724,1.329476333));
#5382=CARTESIAN_POINT('',(108.661230277,315.571755162,1.383108487));
#5383=CARTESIAN_POINT('',(109.253265963,315.574146732,1.369369178));
#5384=CARTESIAN_POINT('',(109.839425964,315.329702837,1.355766226));
#5385=CARTESIAN_POINT('',(110.676697733,314.494986693,1.33633575));
#5386=CARTESIAN_POINT('',(110.921890034,313.910615841,1.330645598));
#5387=CARTESIAN_POINT('',(110.919491142,313.32038724,1.330701269));
#5388=B_SPLINE_SURFACE_WITH_KNOTS('',1,3,((#5370,#5371,#5372,#5373,#5374,#5375),(#5376,#5377,#5378,#5379,#5380,#5381),(#5382,#5383,#5384,#5385,#5386,#5387)),.UNSPECIFIED.,.F.,.F.,.U.,(2,1,2),(4,2,4),(0.,1.,1.002735845),(4.71238898,5.497787144,6.283185307),.UNSPECIFIED.);
#5389=ORIENTED_EDGE('',*,*,#5364,.T.);
#5390=ORIENTED_EDGE('',*,*,#983,.F.);
#5391=CARTESIAN_POINT('',(108.661230277,315.57038724,1.381740565));
#5392=DIRECTION('',(-0.,-0.707106781,-0.707106781));
#5393=VECTOR('',#5392,0.707106781);
#5394=LINE('',#5391,#5393);
#5395=EDGE_CURVE('',#2346,#948,#5394,.T.);
#5396=ORIENTED_EDGE('',*,*,#5395,.F.);
#5397=CARTESIAN_POINT('',(110.918130714,313.32038724,1.329476333));
#5398=CARTESIAN_POINT('',(110.918065877,313.469174566,1.328859452));
#5399=CARTESIAN_POINT('',(110.903440129,313.615592895,1.329516192));
#5400=CARTESIAN_POINT('',(110.874700788,313.759719096,1.330590431));
#5401=CARTESIAN_POINT('',(110.845961447,313.903845297,1.331664669));
#5402=CARTESIAN_POINT('',(110.802363969,314.047149007,1.33316855));
#5403=CARTESIAN_POINT('',(110.745727951,314.183178292,1.334640938));
#5404=CARTESIAN_POINT('',(110.689091932,314.319207576,1.336113327));
#5405=CARTESIAN_POINT('',(110.619701491,314.44842434,1.337553478));
#5406=CARTESIAN_POINT('',(110.53758038,314.570839433,1.339118499));
#5407=CARTESIAN_POINT('',(110.455459269,314.693254526,1.34068352));
#5408=CARTESIAN_POINT('',(110.360182701,314.808730085,1.342393961));
#5409=CARTESIAN_POINT('',(110.256167246,314.912306739,1.344805784));
#5410=CARTESIAN_POINT('',(110.152151791,315.015883393,1.347217607));
#5411=CARTESIAN_POINT('',(110.038543586,315.10901497,1.35033641));
#5412=CARTESIAN_POINT('',(109.91498324,315.191327235,1.353531686));
#5413=CARTESIAN_POINT('',(109.791422893,315.273639499,1.356726962));
#5414=CARTESIAN_POINT('',(109.661032308,315.3429271,1.359903506));
#5415=CARTESIAN_POINT('',(109.525479432,315.398930421,1.362881009));
#5416=CARTESIAN_POINT('',(109.389926555,315.454933742,1.365858512));
#5417=CARTESIAN_POINT('',(109.247523929,315.498165739,1.36867347));
#5418=CARTESIAN_POINT('',(109.102240932,315.527015195,1.371634965));
#5419=CARTESIAN_POINT('',(108.956957934,315.555864652,1.37459646));
#5420=CARTESIAN_POINT('',(108.809956179,315.57038724,1.377695655));
#5421=CARTESIAN_POINT('',(108.661230277,315.57038724,1.381740565));
#5422=B_SPLINE_CURVE_WITH_KNOTS('',3,(#5397,#5398,#5399,#5400,#5401,#5402,#5403,#5404,#5405,#5406,#5407,#5408,#5409,#5410,#5411,#5412,#5413,#5414,#5415,#5416,#5417,#5418,#5419,#5420,#5421),.UNSPECIFIED.,.F.,.F.,(4,3,3,3,3,3,3,3,4),(0.,0.000440616,0.000881233,0.001321849,0.001762465,0.002203082,0.002643698,0.003084314,0.003524931),.UNSPECIFIED.);
#5423=EDGE_CURVE('',#5266,#2346,#5422,.T.);
#5424=ORIENTED_EDGE('',*,*,#5423,.F.);
#5425=EDGE_LOOP('',(#5389,#5390,#5396,#5424));
#5426=FACE_BOUND('',#5425,.T.);
#5427=ADVANCED_FACE('',(#5426),#5388,.T.);
#5428=CARTESIAN_POINT('',(101.721071788,292.39538724,1.381740565));
#5429=DIRECTION('',(-0.,0.,-1.));
#5430=DIRECTION('',(-1.,0.,0.));
#5431=AXIS2_PLACEMENT_3D('',#5428,#5429,#5430);
#5432=CYLINDRICAL_SURFACE('',#5431,4.15);
#5433=CARTESIAN_POINT('',(97.571071788,292.39538724,0.881740565));
#5434=DIRECTION('',(0.,-0.,1.));
#5435=VECTOR('',#5434,0.5);
#5436=LINE('',#5433,#5435);
#5437=EDGE_CURVE('',#1159,#5084,#5436,.T.);
#5438=ORIENTED_EDGE('',*,*,#5437,.F.);
#5439=ORIENTED_EDGE('',*,*,#1165,.T.);
#5440=ORIENTED_EDGE('',*,*,#5437,.T.);
#5441=ORIENTED_EDGE('',*,*,#5090,.F.);
#5442=EDGE_LOOP('',(#5438,#5439,#5440,#5441));
#5443=FACE_BOUND('',#5442,.T.);
#5444=ADVANCED_FACE('',(#5443),#5432,.F.);
#5445=CARTESIAN_POINT('',(101.721071788,23.99538724,1.381740565));
#5446=DIRECTION('',(-0.,0.,-1.));
#5447=DIRECTION('',(-1.,0.,0.));
#5448=AXIS2_PLACEMENT_3D('',#5445,#5446,#5447);
#5449=CYLINDRICAL_SURFACE('',#5448,4.15);
#5450=CARTESIAN_POINT('',(97.571071788,23.99538724,0.881740565));
#5451=DIRECTION('',(0.,-0.,1.));
#5452=VECTOR('',#5451,0.5);
#5453=LINE('',#5450,#5452);
#5454=EDGE_CURVE('',#1148,#5101,#5453,.T.);
#5455=ORIENTED_EDGE('',*,*,#5454,.F.);
#5456=ORIENTED_EDGE('',*,*,#1154,.F.);
#5457=ORIENTED_EDGE('',*,*,#5454,.T.);
#5458=ORIENTED_EDGE('',*,*,#5107,.T.);
#5459=EDGE_LOOP('',(#5455,#5456,#5457,#5458));
#5460=FACE_BOUND('',#5459,.T.);
#5461=ADVANCED_FACE('',(#5460),#5449,.F.);
#5462=CARTESIAN_POINT('',(103.292240303,276.09538724,8.178185214));
#5463=DIRECTION('',(-0.104528463,0.,-0.994521895));
#5464=DIRECTION('',(-0.994521895,0.,0.104528463));
#5465=AXIS2_PLACEMENT_3D('',#5462,#5463,#5464);
#5466=CYLINDRICAL_SURFACE('',#5465,1.5);
#5467=ORIENTED_EDGE('',*,*,#5134,.F.);
#5468=CARTESIAN_POINT('',(104.188210905,276.09538724,2.352617715));
#5469=DIRECTION('',(0.104528463,-0.,0.994521895));
#5470=VECTOR('',#5469,5.7);
#5471=LINE('',#5468,#5470);
#5472=EDGE_CURVE('',#135,#5118,#5471,.T.);
#5473=ORIENTED_EDGE('',*,*,#5472,.F.);
#5474=ORIENTED_EDGE('',*,*,#141,.F.);
#5475=CARTESIAN_POINT('',(103.709939499,274.65538724,8.134283259));
#5476=DIRECTION('',(-0.104528463,0.,-0.994521895));
#5477=VECTOR('',#5476,5.7);
#5478=LINE('',#5475,#5477);
#5479=EDGE_CURVE('',#5128,#126,#5478,.T.);
#5480=ORIENTED_EDGE('',*,*,#5479,.F.);
#5481=EDGE_LOOP('',(#5467,#5473,#5474,#5480));
#5482=FACE_BOUND('',#5481,.T.);
#5483=ADVANCED_FACE('',(#5482),#5466,.F.);
#5484=CARTESIAN_POINT('',(104.336488293,272.49538724,8.068430327));
#5485=DIRECTION('',(-0.104528463,0.,-0.994521895));
#5486=DIRECTION('',(-0.994521895,0.,0.104528463));
#5487=AXIS2_PLACEMENT_3D('',#5484,#5485,#5486);
#5488=CYLINDRICAL_SURFACE('',#5487,2.25);
#5489=CARTESIAN_POINT('',(101.503001788,272.49538724,2.634844566));
#5490=DIRECTION('',(0.104528463,-0.,0.994521895));
#5491=VECTOR('',#5490,5.7);
#5492=LINE('',#5489,#5491);
#5493=EDGE_CURVE('',#117,#5137,#5492,.T.);
#5494=ORIENTED_EDGE('',*,*,#5493,.T.);
#5495=ORIENTED_EDGE('',*,*,#5143,.F.);
#5496=ORIENTED_EDGE('',*,*,#5479,.T.);
#5497=ORIENTED_EDGE('',*,*,#132,.F.);
#5498=EDGE_LOOP('',(#5494,#5495,#5496,#5497));
#5499=FACE_BOUND('',#5498,.T.);
#5500=ADVANCED_FACE('',(#5499),#5488,.T.);
#5501=CARTESIAN_POINT('',(103.292240303,268.89538724,8.178185214));
#5502=DIRECTION('',(-0.104528463,0.,-0.994521895));
#5503=DIRECTION('',(-0.994521895,0.,0.104528463));
#5504=AXIS2_PLACEMENT_3D('',#5501,#5502,#5503);
#5505=CYLINDRICAL_SURFACE('',#5504,1.5);
#5506=ORIENTED_EDGE('',*,*,#5159,.F.);
#5507=CARTESIAN_POINT('',(103.114127258,270.33538724,2.465508456));
#5508=DIRECTION('',(0.104528463,-0.,0.994521895));
#5509=VECTOR('',#5508,5.7);
#5510=LINE('',#5507,#5509);
#5511=EDGE_CURVE('',#108,#5146,#5510,.T.);
#5512=ORIENTED_EDGE('',*,*,#5511,.F.);
#5513=ORIENTED_EDGE('',*,*,#114,.F.);
#5514=CARTESIAN_POINT('',(104.784023146,268.89538724,8.021392519));
#5515=DIRECTION('',(-0.104528463,0.,-0.994521895));
#5516=VECTOR('',#5515,5.7);
#5517=LINE('',#5514,#5516);
#5518=EDGE_CURVE('',#5120,#100,#5517,.T.);
#5519=ORIENTED_EDGE('',*,*,#5518,.F.);
#5520=EDGE_LOOP('',(#5506,#5512,#5513,#5519));
#5521=FACE_BOUND('',#5520,.T.);
#5522=ADVANCED_FACE('',(#5521),#5505,.F.);
#5523=CARTESIAN_POINT('',(104.188210905,282.02038724,2.352617715));
#5524=DIRECTION('',(-0.994521895,-0.,0.104528463));
#5525=DIRECTION('',(0.104528463,-0.,0.994521895));
#5526=AXIS2_PLACEMENT_3D('',#5523,#5524,#5525);
#5527=PLANE('',#5526);
#5528=ORIENTED_EDGE('',*,*,#105,.T.);
#5529=ORIENTED_EDGE('',*,*,#737,.T.);
#5530=CARTESIAN_POINT('',(106.007006166,254.47038724,19.657298695));
#5531=VERTEX_POINT('',#5530);
#5532=CARTESIAN_POINT('',(106.007006166,254.47038724,19.657298695));
#5533=CARTESIAN_POINT('',(106.007006166,254.403491476,19.657298695));
#5534=CARTESIAN_POINT('',(106.007420231,254.336827926,19.661238259));
#5535=CARTESIAN_POINT('',(106.008231687,254.27038724,19.668958745));
#5536=B_SPLINE_CURVE_WITH_KNOTS('',3,(#5532,#5533,#5534,#5535),.UNSPECIFIED.,.F.,.F.,(4,4),(0.,0.000200343),.UNSPECIFIED.);
#5537=EDGE_CURVE('',#5531,#732,#5536,.T.);
#5538=ORIENTED_EDGE('',*,*,#5537,.F.);
#5539=CARTESIAN_POINT('',(106.007006166,309.57038724,19.657298695));
#5540=VERTEX_POINT('',#5539);
#5541=CARTESIAN_POINT('',(106.007006166,254.47038724,19.657298695));
#5542=DIRECTION('',(-0.,1.,0.));
#5543=VECTOR('',#5542,55.1);
#5544=LINE('',#5541,#5543);
#5545=EDGE_CURVE('',#5531,#5540,#5544,.T.);
#5546=ORIENTED_EDGE('',*,*,#5545,.T.);
#5547=CARTESIAN_POINT('',(106.008231687,309.77038724,19.668958745));
#5548=VERTEX_POINT('',#5547);
#5549=CARTESIAN_POINT('',(106.007006166,309.57038724,19.657298695));
#5550=CARTESIAN_POINT('',(106.007006166,309.637283005,19.657298695));
#5551=CARTESIAN_POINT('',(106.007420231,309.703946554,19.661238259));
#5552=CARTESIAN_POINT('',(106.008231687,309.77038724,19.668958745));
#5553=B_SPLINE_CURVE_WITH_KNOTS('',3,(#5549,#5550,#5551,#5552),.UNSPECIFIED.,.F.,.F.,(4,4),(0.,0.000200343),.UNSPECIFIED.);
#5554=EDGE_CURVE('',#5540,#5548,#5553,.T.);
#5555=ORIENTED_EDGE('',*,*,#5554,.T.);
#5556=CARTESIAN_POINT('',(106.008231687,309.77038724,19.668958745));
#5557=DIRECTION('',(-0.104528463,0.,-0.994521895));
#5558=VECTOR('',#5557,17.411724277);
#5559=LINE('',#5556,#5558);
#5560=EDGE_CURVE('',#5548,#144,#5559,.T.);
#5561=ORIENTED_EDGE('',*,*,#5560,.T.);
#5562=ORIENTED_EDGE('',*,*,#149,.T.);
#5563=ORIENTED_EDGE('',*,*,#5472,.T.);
#5564=ORIENTED_EDGE('',*,*,#5125,.T.);
#5565=ORIENTED_EDGE('',*,*,#5518,.T.);
#5566=EDGE_LOOP('',(#5528,#5529,#5538,#5546,#5555,#5561,#5562,#5563,#5564,#5565));
#5567=FACE_BOUND('',#5566,.T.);
#5568=ADVANCED_FACE('',(#5567),#5527,.T.);
#5569=CARTESIAN_POINT('',(103.292240303,223.70788724,8.178185214));
#5570=DIRECTION('',(-0.104528463,0.,-0.994521895));
#5571=DIRECTION('',(-0.994521895,0.,0.104528463));
#5572=AXIS2_PLACEMENT_3D('',#5569,#5570,#5571);
#5573=CYLINDRICAL_SURFACE('',#5572,1.5);
#5574=ORIENTED_EDGE('',*,*,#5220,.F.);
#5575=ORIENTED_EDGE('',*,*,#825,.F.);
#5576=ORIENTED_EDGE('',*,*,#531,.F.);
#5577=CARTESIAN_POINT('',(103.709939499,222.26788724,8.134283259));
#5578=DIRECTION('',(-0.104528463,0.,-0.994521895));
#5579=VECTOR('',#5578,5.7);
#5580=LINE('',#5577,#5579);
#5581=EDGE_CURVE('',#5214,#516,#5580,.T.);
#5582=ORIENTED_EDGE('',*,*,#5581,.F.);
#5583=EDGE_LOOP('',(#5574,#5575,#5576,#5582));
#5584=FACE_BOUND('',#5583,.T.);
#5585=ADVANCED_FACE('',(#5584),#5573,.F.);
#5586=CARTESIAN_POINT('',(104.336488293,220.10788724,8.068430327));
#5587=DIRECTION('',(-0.104528463,0.,-0.994521895));
#5588=DIRECTION('',(-0.994521895,0.,0.104528463));
#5589=AXIS2_PLACEMENT_3D('',#5586,#5587,#5588);
#5590=CYLINDRICAL_SURFACE('',#5589,2.25);
#5591=CARTESIAN_POINT('',(101.503001788,220.10788724,2.634844566));
#5592=DIRECTION('',(0.104528463,-0.,0.994521895));
#5593=VECTOR('',#5592,5.7);
#5594=LINE('',#5591,#5593);
#5595=EDGE_CURVE('',#507,#5223,#5594,.T.);
#5596=ORIENTED_EDGE('',*,*,#5595,.T.);
#5597=ORIENTED_EDGE('',*,*,#5229,.F.);
#5598=ORIENTED_EDGE('',*,*,#5581,.T.);
#5599=ORIENTED_EDGE('',*,*,#522,.F.);
#5600=EDGE_LOOP('',(#5596,#5597,#5598,#5599));
#5601=FACE_BOUND('',#5600,.T.);
#5602=ADVANCED_FACE('',(#5601),#5590,.T.);
#5603=CARTESIAN_POINT('',(103.292240303,216.50788724,8.178185214));
#5604=DIRECTION('',(-0.104528463,0.,-0.994521895));
#5605=DIRECTION('',(-0.994521895,0.,0.104528463));
#5606=AXIS2_PLACEMENT_3D('',#5603,#5604,#5605);
#5607=CYLINDRICAL_SURFACE('',#5606,1.5);
#5608=ORIENTED_EDGE('',*,*,#5245,.F.);
#5609=CARTESIAN_POINT('',(103.114127258,217.94788724,2.465508456));
#5610=DIRECTION('',(0.104528463,-0.,0.994521895));
#5611=VECTOR('',#5610,5.7);
#5612=LINE('',#5609,#5611);
#5613=EDGE_CURVE('',#498,#5232,#5612,.T.);
#5614=ORIENTED_EDGE('',*,*,#5613,.F.);
#5615=ORIENTED_EDGE('',*,*,#504,.F.);
#5616=ORIENTED_EDGE('',*,*,#839,.F.);
#5617=EDGE_LOOP('',(#5608,#5614,#5615,#5616));
#5618=FACE_BOUND('',#5617,.T.);
#5619=ADVANCED_FACE('',(#5618),#5607,.F.);
#5620=CARTESIAN_POINT('',(103.292240303,61.78288724,8.178185214));
#5621=DIRECTION('',(-0.104528463,0.,-0.994521895));
#5622=DIRECTION('',(-0.994521895,0.,0.104528463));
#5623=AXIS2_PLACEMENT_3D('',#5620,#5621,#5622);
#5624=CYLINDRICAL_SURFACE('',#5623,1.5);
#5625=ORIENTED_EDGE('',*,*,#5177,.F.);
#5626=ORIENTED_EDGE('',*,*,#848,.F.);
#5627=ORIENTED_EDGE('',*,*,#487,.F.);
#5628=CARTESIAN_POINT('',(103.709939499,60.34288724,8.134283259));
#5629=DIRECTION('',(-0.104528463,0.,-0.994521895));
#5630=VECTOR('',#5629,5.7);
#5631=LINE('',#5628,#5630);
#5632=EDGE_CURVE('',#5171,#472,#5631,.T.);
#5633=ORIENTED_EDGE('',*,*,#5632,.F.);
#5634=EDGE_LOOP('',(#5625,#5626,#5627,#5633));
#5635=FACE_BOUND('',#5634,.T.);
#5636=ADVANCED_FACE('',(#5635),#5624,.F.);
#5637=CARTESIAN_POINT('',(104.336488293,58.18288724,8.068430327));
#5638=DIRECTION('',(-0.104528463,0.,-0.994521895));
#5639=DIRECTION('',(-0.994521895,0.,0.104528463));
#5640=AXIS2_PLACEMENT_3D('',#5637,#5638,#5639);
#5641=CYLINDRICAL_SURFACE('',#5640,2.25);
#5642=CARTESIAN_POINT('',(101.503001788,58.18288724,2.634844566));
#5643=DIRECTION('',(0.104528463,-0.,0.994521895));
#5644=VECTOR('',#5643,5.7);
#5645=LINE('',#5642,#5644);
#5646=EDGE_CURVE('',#463,#5180,#5645,.T.);
#5647=ORIENTED_EDGE('',*,*,#5646,.T.);
#5648=ORIENTED_EDGE('',*,*,#5186,.F.);
#5649=ORIENTED_EDGE('',*,*,#5632,.T.);
#5650=ORIENTED_EDGE('',*,*,#478,.F.);
#5651=EDGE_LOOP('',(#5647,#5648,#5649,#5650));
#5652=FACE_BOUND('',#5651,.T.);
#5653=ADVANCED_FACE('',(#5652),#5641,.T.);
#5654=CARTESIAN_POINT('',(103.292240303,54.58288724,8.178185214));
#5655=DIRECTION('',(-0.104528463,0.,-0.994521895));
#5656=DIRECTION('',(-0.994521895,0.,0.104528463));
#5657=AXIS2_PLACEMENT_3D('',#5654,#5655,#5656);
#5658=CYLINDRICAL_SURFACE('',#5657,1.5);
#5659=ORIENTED_EDGE('',*,*,#5202,.F.);
#5660=CARTESIAN_POINT('',(103.114127258,56.02288724,2.465508456));
#5661=DIRECTION('',(0.104528463,-0.,0.994521895));
#5662=VECTOR('',#5661,5.7);
#5663=LINE('',#5660,#5662);
#5664=EDGE_CURVE('',#454,#5189,#5663,.T.);
#5665=ORIENTED_EDGE('',*,*,#5664,.F.);
#5666=ORIENTED_EDGE('',*,*,#460,.F.);
#5667=ORIENTED_EDGE('',*,*,#862,.F.);
#5668=EDGE_LOOP('',(#5659,#5665,#5666,#5667));
#5669=FACE_BOUND('',#5668,.T.);
#5670=ADVANCED_FACE('',(#5669),#5658,.F.);
#5671=CARTESIAN_POINT('',(106.336721274,408.19538724,19.924296724));
#5672=DIRECTION('',(-0.629320391,-0.,0.777145961));
#5673=DIRECTION('',(-0.,1.,0.));
#5674=AXIS2_PLACEMENT_3D('',#5671,#5672,#5673);
#5675=PLANE('',#5674);
#5676=CARTESIAN_POINT('',(106.007006166,242.89538724,19.657298695));
#5677=DIRECTION('',(0.777145961,-0.,0.629320391));
#5678=VECTOR('',#5677,0.424264069);
#5679=LINE('',#5676,#5678);
#5680=EDGE_CURVE('',#883,#2222,#5679,.T.);
#5681=ORIENTED_EDGE('',*,*,#5680,.F.);
#5682=ORIENTED_EDGE('',*,*,#888,.F.);
#5683=CARTESIAN_POINT('',(106.336721274,6.82038724,19.924296724));
#5684=DIRECTION('',(-0.777145961,0.,-0.629320391));
#5685=VECTOR('',#5684,0.424264069);
#5686=LINE('',#5683,#5685);
#5687=EDGE_CURVE('',#2231,#874,#5686,.T.);
#5688=ORIENTED_EDGE('',*,*,#5687,.F.);
#5689=ORIENTED_EDGE('',*,*,#2236,.F.);
#5690=EDGE_LOOP('',(#5681,#5682,#5688,#5689));
#5691=FACE_BOUND('',#5690,.T.);
#5692=ADVANCED_FACE('',(#5691),#5675,.T.);
#5693=CARTESIAN_POINT('',(104.347677483,242.89538724,20.133353651));
#5694=DIRECTION('',(0.104528463,-0.,0.994521895));
#5695=DIRECTION('',(0.,1.,0.));
#5696=AXIS2_PLACEMENT_3D('',#5693,#5694,#5695);
#5697=CONICAL_SURFACE('',#5696,2.,45.);
#5698=ORIENTED_EDGE('',*,*,#5680,.T.);
#5699=ORIENTED_EDGE('',*,*,#2228,.F.);
#5700=CARTESIAN_POINT('',(104.316318944,244.59538724,19.834997082));
#5701=DIRECTION('',(0.073912785,0.707106781,0.703233176));
#5702=VECTOR('',#5701,0.424264069);
#5703=LINE('',#5700,#5702);
#5704=EDGE_CURVE('',#708,#2214,#5703,.T.);
#5705=ORIENTED_EDGE('',*,*,#5704,.F.);
#5706=ORIENTED_EDGE('',*,*,#714,.T.);
#5707=ORIENTED_EDGE('',*,*,#806,.F.);
#5708=ORIENTED_EDGE('',*,*,#895,.F.);
#5709=EDGE_LOOP('',(#5698,#5699,#5705,#5706,#5707,#5708));
#5710=FACE_BOUND('',#5709,.T.);
#5711=ADVANCED_FACE('',(#5710),#5697,.F.);
#5712=CARTESIAN_POINT('',(96.314375041,244.39538724,20.474933621));
#5713=DIRECTION('',(-0.073912785,0.707106781,-0.703233176));
#5714=DIRECTION('',(-0.994521895,0.,0.104528463));
#5715=AXIS2_PLACEMENT_3D('',#5712,#5713,#5714);
#5716=PLANE('',#5715);
#5717=ORIENTED_EDGE('',*,*,#5704,.T.);
#5718=ORIENTED_EDGE('',*,*,#2219,.F.);
#5719=CARTESIAN_POINT('',(88.355642486,244.608780365,21.525998674));
#5720=DIRECTION('',(0.073912785,0.707106781,0.703233176));
#5721=VECTOR('',#5720,0.405323329);
#5722=LINE('',#5719,#5721);
#5723=EDGE_CURVE('',#630,#2205,#5722,.T.);
#5724=ORIENTED_EDGE('',*,*,#5723,.F.);
#5725=ORIENTED_EDGE('',*,*,#636,.T.);
#5726=ORIENTED_EDGE('',*,*,#720,.F.);
#5727=EDGE_LOOP('',(#5717,#5718,#5724,#5725,#5726));
#5728=FACE_BOUND('',#5727,.T.);
#5729=ADVANCED_FACE('',(#5728),#5716,.F.);
#5730=CARTESIAN_POINT('',(88.385601062,245.89538724,21.811035486));
#5731=DIRECTION('',(-0.104528463,0.,-0.994521895));
#5732=DIRECTION('',(-0.994521895,0.,0.104528463));
#5733=AXIS2_PLACEMENT_3D('',#5730,#5731,#5732);
#5734=CONICAL_SURFACE('',#5733,1.,45.);
#5735=ORIENTED_EDGE('',*,*,#5723,.T.);
#5736=ORIENTED_EDGE('',*,*,#2211,.F.);
#5737=CARTESIAN_POINT('',(87.076083778,245.89538724,21.660485714));
#5738=DIRECTION('',(0.777145961,0.,0.629320391));
#5739=VECTOR('',#5738,0.405323329);
#5740=LINE('',#5737,#5739);
#5741=EDGE_CURVE('',#639,#2197,#5740,.T.);
#5742=ORIENTED_EDGE('',*,*,#5741,.F.);
#5743=ORIENTED_EDGE('',*,*,#648,.F.);
#5744=EDGE_LOOP('',(#5735,#5736,#5742,#5743));
#5745=FACE_BOUND('',#5744,.T.);
#5746=ADVANCED_FACE('',(#5745),#5734,.T.);
#5747=CARTESIAN_POINT('',(87.391079167,408.19538724,21.91556395));
#5748=DIRECTION('',(-0.629320391,-0.,0.777145961));
#5749=DIRECTION('',(-0.,1.,0.));
#5750=AXIS2_PLACEMENT_3D('',#5747,#5748,#5749);
#5751=PLANE('',#5750);
#5752=ORIENTED_EDGE('',*,*,#5741,.T.);
#5753=ORIENTED_EDGE('',*,*,#2202,.F.);
#5754=CARTESIAN_POINT('',(87.076083778,251.47038724,21.660485714));
#5755=DIRECTION('',(0.777145961,-0.,0.629320391));
#5756=VECTOR('',#5755,0.405323329);
#5757=LINE('',#5754,#5756);
#5758=EDGE_CURVE('',#584,#2188,#5757,.T.);
#5759=ORIENTED_EDGE('',*,*,#5758,.F.);
#5760=ORIENTED_EDGE('',*,*,#590,.T.);
#5761=ORIENTED_EDGE('',*,*,#62,.F.);
#5762=ORIENTED_EDGE('',*,*,#655,.F.);
#5763=EDGE_LOOP('',(#5752,#5753,#5759,#5760,#5761,#5762));
#5764=FACE_BOUND('',#5763,.T.);
#5765=ADVANCED_FACE('',(#5764),#5751,.T.);
#5766=CARTESIAN_POINT('',(88.385601062,251.47038724,21.811035486));
#5767=DIRECTION('',(-0.104528463,0.,-0.994521895));
#5768=DIRECTION('',(-0.994521895,0.,0.104528463));
#5769=AXIS2_PLACEMENT_3D('',#5766,#5767,#5768);
#5770=CONICAL_SURFACE('',#5769,1.,45.);
#5771=ORIENTED_EDGE('',*,*,#5758,.T.);
#5772=ORIENTED_EDGE('',*,*,#2194,.F.);
#5773=CARTESIAN_POINT('',(88.355642486,252.756994115,21.525998674));
#5774=DIRECTION('',(0.073912785,-0.707106781,0.703233176));
#5775=VECTOR('',#5774,0.405323329);
#5776=LINE('',#5773,#5775);
#5777=EDGE_CURVE('',#593,#2180,#5776,.T.);
#5778=ORIENTED_EDGE('',*,*,#5777,.F.);
#5779=ORIENTED_EDGE('',*,*,#602,.F.);
#5780=EDGE_LOOP('',(#5771,#5772,#5778,#5779));
#5781=FACE_BOUND('',#5780,.T.);
#5782=ADVANCED_FACE('',(#5781),#5770,.T.);
#5783=CARTESIAN_POINT('',(109.32028696,252.47038724,19.610711335));
#5784=DIRECTION('',(0.073912785,0.707106781,0.703233176));
#5785=DIRECTION('',(0.994521895,-0.,-0.104528463));
#5786=AXIS2_PLACEMENT_3D('',#5783,#5784,#5785);
#5787=PLANE('',#5786);
#5788=ORIENTED_EDGE('',*,*,#5777,.T.);
#5789=ORIENTED_EDGE('',*,*,#2185,.F.);
#5790=CARTESIAN_POINT('',(104.316318944,252.77038724,19.834997082));
#5791=DIRECTION('',(0.073912785,-0.707106781,0.703233176));
#5792=VECTOR('',#5791,0.424264069);
#5793=LINE('',#5790,#5792);
#5794=EDGE_CURVE('',#676,#2171,#5793,.T.);
#5795=ORIENTED_EDGE('',*,*,#5794,.F.);
#5796=ORIENTED_EDGE('',*,*,#681,.F.);
#5797=ORIENTED_EDGE('',*,*,#609,.F.);
#5798=EDGE_LOOP('',(#5788,#5789,#5795,#5796,#5797));
#5799=FACE_BOUND('',#5798,.T.);
#5800=ADVANCED_FACE('',(#5799),#5787,.T.);
#5801=CARTESIAN_POINT('',(104.347677483,254.47038724,20.133353651));
#5802=DIRECTION('',(0.104528463,-0.,0.994521895));
#5803=DIRECTION('',(0.,1.,0.));
#5804=AXIS2_PLACEMENT_3D('',#5801,#5802,#5803);
#5805=CONICAL_SURFACE('',#5804,2.,45.);
#5806=ORIENTED_EDGE('',*,*,#5794,.T.);
#5807=ORIENTED_EDGE('',*,*,#2177,.F.);
#5808=CARTESIAN_POINT('',(106.007006166,254.47038724,19.657298695));
#5809=DIRECTION('',(0.777145961,0.,0.629320391));
#5810=VECTOR('',#5809,0.424264069);
#5811=LINE('',#5808,#5810);
#5812=EDGE_CURVE('',#5531,#2163,#5811,.T.);
#5813=ORIENTED_EDGE('',*,*,#5812,.F.);
#5814=ORIENTED_EDGE('',*,*,#5537,.T.);
#5815=ORIENTED_EDGE('',*,*,#764,.F.);
#5816=ORIENTED_EDGE('',*,*,#688,.F.);
#5817=EDGE_LOOP('',(#5806,#5807,#5813,#5814,#5815,#5816));
#5818=FACE_BOUND('',#5817,.T.);
#5819=ADVANCED_FACE('',(#5818),#5805,.F.);
#5820=CARTESIAN_POINT('',(106.336721274,408.19538724,19.924296724));
#5821=DIRECTION('',(-0.629320391,-0.,0.777145961));
#5822=DIRECTION('',(-0.,1.,0.));
#5823=AXIS2_PLACEMENT_3D('',#5820,#5821,#5822);
#5824=PLANE('',#5823);
#5825=CARTESIAN_POINT('',(106.336721274,309.57038724,19.924296724));
#5826=DIRECTION('',(-0.777145961,-0.,-0.629320391));
#5827=VECTOR('',#5826,0.424264069);
#5828=LINE('',#5825,#5827);
#5829=EDGE_CURVE('',#2154,#5540,#5828,.T.);
#5830=ORIENTED_EDGE('',*,*,#5829,.T.);
#5831=ORIENTED_EDGE('',*,*,#5545,.F.);
#5832=ORIENTED_EDGE('',*,*,#5812,.T.);
#5833=ORIENTED_EDGE('',*,*,#2168,.F.);
#5834=EDGE_LOOP('',(#5830,#5831,#5832,#5833));
#5835=FACE_BOUND('',#5834,.T.);
#5836=ADVANCED_FACE('',(#5835),#5824,.T.);
#5837=CARTESIAN_POINT('',(112.748849362,408.19538724,18.747600766));
#5838=DIRECTION('',(-0.777145961,0.,-0.629320391));
#5839=DIRECTION('',(-0.,-1.,0.));
#5840=AXIS2_PLACEMENT_3D('',#5837,#5838,#5839);
#5841=PLANE('',#5840);
#5842=CARTESIAN_POINT('',(112.748849362,3.07038724,18.747600766));
#5843=DIRECTION('',(-0.629320391,-0.,0.777145961));
#5844=VECTOR('',#5843,0.707106781);
#5845=LINE('',#5842,#5844);
#5846=EDGE_CURVE('',#5256,#2127,#5845,.T.);
#5847=ORIENTED_EDGE('',*,*,#5846,.F.);
#5848=ORIENTED_EDGE('',*,*,#5285,.F.);
#5849=CARTESIAN_POINT('',(112.303852646,313.32038724,19.297125945));
#5850=DIRECTION('',(0.629320391,0.,-0.777145961));
#5851=VECTOR('',#5850,0.707106781);
#5852=LINE('',#5849,#5851);
#5853=EDGE_CURVE('',#2074,#5274,#5852,.T.);
#5854=ORIENTED_EDGE('',*,*,#5853,.F.);
#5855=ORIENTED_EDGE('',*,*,#2139,.F.);
#5856=EDGE_LOOP('',(#5847,#5848,#5854,#5855));
#5857=FACE_BOUND('',#5856,.T.);
#5858=ADVANCED_FACE('',(#5857),#5841,.F.);
#5859=CARTESIAN_POINT('',(107.422488928,3.07038724,-10.404096089));
#5860=DIRECTION('',(-0.104528463,0.,-0.994521895));
#5861=DIRECTION('',(-0.,-1.,0.));
#5862=AXIS2_PLACEMENT_3D('',#5859,#5860,#5861);
#5863=CYLINDRICAL_SURFACE('',#5862,2.25);
#5864=ORIENTED_EDGE('',*,*,#2311,.F.);
#5865=ORIENTED_EDGE('',*,*,#5348,.T.);
#5866=ORIENTED_EDGE('',*,*,#5263,.F.);
#5867=CARTESIAN_POINT('',(110.511175097,3.07038724,18.982789808));
#5868=DIRECTION('',(-0.104528463,0.,-0.994521895));
#5869=DIRECTION('',(-0.,-1.,0.));
#5870=AXIS2_PLACEMENT_3D('',#5867,#5868,#5869);
#5871=CIRCLE('',#5870,2.25);
#5872=EDGE_CURVE('',#5256,#2306,#5871,.T.);
#5873=ORIENTED_EDGE('',*,*,#5872,.T.);
#5874=EDGE_LOOP('',(#5864,#5865,#5866,#5873));
#5875=FACE_BOUND('',#5874,.T.);
#5876=ADVANCED_FACE('',(#5875),#5863,.T.);
#5877=CARTESIAN_POINT('',(109.598418426,313.32038724,10.298490181));
#5878=DIRECTION('',(0.104528463,-0.,0.994521895));
#5879=DIRECTION('',(0.,1.,0.));
#5880=AXIS2_PLACEMENT_3D('',#5877,#5878,#5879);
#5881=CYLINDRICAL_SURFACE('',#5880,2.25);
#5882=ORIENTED_EDGE('',*,*,#5279,.F.);
#5883=ORIENTED_EDGE('',*,*,#5423,.T.);
#5884=ORIENTED_EDGE('',*,*,#2351,.F.);
#5885=CARTESIAN_POINT('',(110.511175097,313.32038724,18.982789808));
#5886=DIRECTION('',(-0.104528463,0.,-0.994521895));
#5887=DIRECTION('',(0.,1.,0.));
#5888=AXIS2_PLACEMENT_3D('',#5885,#5886,#5887);
#5889=CIRCLE('',#5888,2.25);
#5890=EDGE_CURVE('',#2338,#5274,#5889,.T.);
#5891=ORIENTED_EDGE('',*,*,#5890,.T.);
#5892=EDGE_LOOP('',(#5882,#5883,#5884,#5891));
#5893=FACE_BOUND('',#5892,.T.);
#5894=ADVANCED_FACE('',(#5893),#5881,.T.);
#5895=CARTESIAN_POINT('',(102.696428062,309.77038724,2.50941041));
#5896=DIRECTION('',(0.104528463,-0.,0.994521895));
#5897=DIRECTION('',(0.994521895,-0.,-0.104528463));
#5898=AXIS2_PLACEMENT_3D('',#5895,#5896,#5897);
#5899=CYLINDRICAL_SURFACE('',#5898,1.5);
#5900=ORIENTED_EDGE('',*,*,#5560,.F.);
#5901=CARTESIAN_POINT('',(106.008231687,309.77038724,19.668958745));
#5902=CARTESIAN_POINT('',(106.009425395,309.868125734,19.680316105));
#5903=CARTESIAN_POINT('',(106.000805857,309.967040138,19.69158154));
#5904=CARTESIAN_POINT('',(105.982816357,310.062728506,19.702322719));
#5905=CARTESIAN_POINT('',(105.964826858,310.158416875,19.713063899));
#5906=CARTESIAN_POINT('',(105.937552349,310.2520116,19.723412468));
#5907=CARTESIAN_POINT('',(105.900608696,310.343419989,19.733406561));
#5908=CARTESIAN_POINT('',(105.82672139,310.526236766,19.753394746));
#5909=CARTESIAN_POINT('',(105.718109239,310.691002144,19.770972944));
#5910=CARTESIAN_POINT('',(105.578359592,310.831422249,19.785650284));
#5911=CARTESIAN_POINT('',(105.508484768,310.901632302,19.792988954));
#5912=CARTESIAN_POINT('',(105.432844467,310.963663064,19.799377262));
#5913=CARTESIAN_POINT('',(105.351717214,311.017910815,19.80484979));
#5914=CARTESIAN_POINT('',(105.27058996,311.072158567,19.810322319));
#5915=CARTESIAN_POINT('',(105.183084337,311.118966566,19.814911021));
#5916=CARTESIAN_POINT('',(105.091850501,311.156623699,19.818409419));
#5917=CARTESIAN_POINT('',(105.000616666,311.194280833,19.821907818));
#5918=CARTESIAN_POINT('',(104.906827476,311.222526771,19.824296265));
#5919=CARTESIAN_POINT('',(104.810544114,311.241591034,19.825548675));
#5920=CARTESIAN_POINT('',(104.714260753,311.260655296,19.826801084));
#5921=CARTESIAN_POINT('',(104.614616308,311.27038724,19.826889717));
#5922=CARTESIAN_POINT('',(104.516448844,311.27038724,19.82575144));
#5923=B_SPLINE_CURVE_WITH_KNOTS('',3,(#5901,#5902,#5903,#5904,#5905,#5906,#5907,#5908,#5909,#5910,#5911,#5912,#5913,#5914,#5915,#5916,#5917,#5918,#5919,#5920,#5921,#5922),.UNSPECIFIED.,.F.,.F.,(4,3,3,3,3,3,3,4),(0.001382364,0.0016772,0.001972037,0.002561709,0.002856545,0.003151382,0.003446218,0.003741054),.UNSPECIFIED.);
#5924=EDGE_CURVE('',#5548,#2385,#5923,.T.);
#5925=ORIENTED_EDGE('',*,*,#5924,.T.);
#5926=ORIENTED_EDGE('',*,*,#2390,.F.);
#5927=ORIENTED_EDGE('',*,*,#158,.F.);
#5928=EDGE_LOOP('',(#5900,#5925,#5926,#5927));
#5929=FACE_BOUND('',#5928,.T.);
#5930=ADVANCED_FACE('',(#5929),#5899,.F.);
#5931=CARTESIAN_POINT('',(102.696428062,6.62038724,2.50941041));
#5932=DIRECTION('',(-0.104528463,0.,-0.994521895));
#5933=DIRECTION('',(-0.994521895,0.,0.104528463));
#5934=AXIS2_PLACEMENT_3D('',#5931,#5932,#5933);
#5935=CYLINDRICAL_SURFACE('',#5934,1.5);
#5936=ORIENTED_EDGE('',*,*,#2455,.F.);
#5937=CARTESIAN_POINT('',(104.516448844,5.12038724,19.82575144));
#5938=CARTESIAN_POINT('',(104.614845622,5.120387239,19.826892345));
#5939=CARTESIAN_POINT('',(104.714295092,5.130137117,19.82679927));
#5940=CARTESIAN_POINT('',(104.810379321,5.149150827,19.825550817));
#5941=CARTESIAN_POINT('',(104.90646355,5.168164537,19.824302365));
#5942=CARTESIAN_POINT('',(105.000323341,5.196371353,19.821919206));
#5943=CARTESIAN_POINT('',(105.091866276,5.234157292,19.818408814));
#5944=CARTESIAN_POINT('',(105.274952145,5.309729169,19.81138803));
#5945=CARTESIAN_POINT('',(105.439455559,5.419583755,19.800260625));
#5946=CARTESIAN_POINT('',(105.579105291,5.560102038,19.785571907));
#5947=CARTESIAN_POINT('',(105.648930157,5.63036118,19.778227548));
#5948=CARTESIAN_POINT('',(105.710458749,5.706254875,19.770198825));
#5949=CARTESIAN_POINT('',(105.764091814,5.78750974,19.761507473));
#5950=CARTESIAN_POINT('',(105.81772488,5.868764605,19.752816121));
#5951=CARTESIAN_POINT('',(105.863797378,5.956270514,19.743365197));
#5952=CARTESIAN_POINT('',(105.900615062,6.047370243,19.733404838));
#5953=CARTESIAN_POINT('',(105.937432746,6.138469972,19.72344448));
#5954=CARTESIAN_POINT('',(105.964747484,6.231995036,19.713104392));
#5955=CARTESIAN_POINT('',(105.982785494,6.32788186,19.702341141));
#5956=CARTESIAN_POINT('',(106.000823505,6.423768683,19.69157789));
#5957=CARTESIAN_POINT('',(106.009422614,6.52287653,19.680289667));
#5958=CARTESIAN_POINT('',(106.008231687,6.62038724,19.668958745));
#5959=B_SPLINE_CURVE_WITH_KNOTS('',3,(#5937,#5938,#5939,#5940,#5941,#5942,#5943,#5944,#5945,#5946,#5947,#5948,#5949,#5950,#5951,#5952,#5953,#5954,#5955,#5956,#5957,#5958),.UNSPECIFIED.,.F.,.F.,(4,3,3,3,3,3,3,4),(0.001382364,0.0016772,0.001972037,0.002561709,0.002856545,0.003151382,0.003446218,0.003741054),.UNSPECIFIED.);
#5960=EDGE_CURVE('',#2443,#866,#5959,.T.);
#5961=ORIENTED_EDGE('',*,*,#5960,.T.);
#5962=ORIENTED_EDGE('',*,*,#871,.F.);
#5963=ORIENTED_EDGE('',*,*,#443,.F.);
#5964=EDGE_LOOP('',(#5936,#5961,#5962,#5963));
#5965=FACE_BOUND('',#5964,.T.);
#5966=ADVANCED_FACE('',(#5965),#5935,.F.);
#5967=CARTESIAN_POINT('',(54.862006758,0.82038724,1.381740565));
#5968=DIRECTION('',(0.,0.707106781,0.707106781));
#5969=DIRECTION('',(1.,-0.,-0.));
#5970=AXIS2_PLACEMENT_3D('',#5967,#5968,#5969);
#5971=PLANE('',#5970);
#5972=ORIENTED_EDGE('',*,*,#4650,.T.);
#5973=ORIENTED_EDGE('',*,*,#1026,.F.);
#5974=ORIENTED_EDGE('',*,*,#5313,.F.);
#5975=ORIENTED_EDGE('',*,*,#2303,.F.);
#5976=EDGE_LOOP('',(#5972,#5973,#5974,#5975));
#5977=FACE_BOUND('',#5976,.T.);
#5978=ADVANCED_FACE('',(#5977),#5971,.F.);
#5979=CARTESIAN_POINT('',(107.35179281,315.07038724,0.881740565));
#5980=DIRECTION('',(-0.,0.707106781,-0.707106781));
#5981=DIRECTION('',(-1.,0.,0.));
#5982=AXIS2_PLACEMENT_3D('',#5979,#5980,#5981);
#5983=PLANE('',#5982);
#5984=ORIENTED_EDGE('',*,*,#5395,.T.);
#5985=ORIENTED_EDGE('',*,*,#953,.F.);
#5986=ORIENTED_EDGE('',*,*,#4769,.F.);
#5987=ORIENTED_EDGE('',*,*,#2359,.F.);
#5988=EDGE_LOOP('',(#5984,#5985,#5986,#5987));
#5989=FACE_BOUND('',#5988,.T.);
#5990=ADVANCED_FACE('',(#5989),#5983,.T.);
#5991=CARTESIAN_POINT('',(104.347677483,6.82038724,20.133353651));
#5992=DIRECTION('',(0.104528463,-0.,0.994521895));
#5993=DIRECTION('',(0.,1.,0.));
#5994=AXIS2_PLACEMENT_3D('',#5991,#5992,#5993);
#5995=CONICAL_SURFACE('',#5994,2.,45.);
#5996=ORIENTED_EDGE('',*,*,#5687,.T.);
#5997=ORIENTED_EDGE('',*,*,#880,.T.);
#5998=ORIENTED_EDGE('',*,*,#5960,.F.);
#5999=ORIENTED_EDGE('',*,*,#2449,.F.);
#6000=ORIENTED_EDGE('',*,*,#4786,.F.);
#6001=ORIENTED_EDGE('',*,*,#2245,.F.);
#6002=EDGE_LOOP('',(#5996,#5997,#5998,#5999,#6000,#6001));
#6003=FACE_BOUND('',#6002,.T.);
#6004=ADVANCED_FACE('',(#6003),#5995,.F.);
#6005=CARTESIAN_POINT('',(104.347677483,309.57038724,20.133353651));
#6006=DIRECTION('',(0.104528463,-0.,0.994521895));
#6007=DIRECTION('',(0.,1.,0.));
#6008=AXIS2_PLACEMENT_3D('',#6005,#6006,#6007);
#6009=CONICAL_SURFACE('',#6008,2.,45.);
#6010=ORIENTED_EDGE('',*,*,#4863,.T.);
#6011=ORIENTED_EDGE('',*,*,#2399,.T.);
#6012=ORIENTED_EDGE('',*,*,#5924,.F.);
#6013=ORIENTED_EDGE('',*,*,#5554,.F.);
#6014=ORIENTED_EDGE('',*,*,#5829,.F.);
#6015=ORIENTED_EDGE('',*,*,#2160,.F.);
#6016=EDGE_LOOP('',(#6010,#6011,#6012,#6013,#6014,#6015));
#6017=FACE_BOUND('',#6016,.T.);
#6018=ADVANCED_FACE('',(#6017),#6009,.F.);
#6019=CARTESIAN_POINT('',(110.563439329,313.32038724,19.480050756));
#6020=DIRECTION('',(-0.104528463,0.,-0.994521895));
#6021=DIRECTION('',(-0.,-1.,0.));
#6022=AXIS2_PLACEMENT_3D('',#6019,#6020,#6021);
#6023=CONICAL_SURFACE('',#6022,1.75,45.);
#6024=ORIENTED_EDGE('',*,*,#5853,.T.);
#6025=ORIENTED_EDGE('',*,*,#5890,.F.);
#6026=ORIENTED_EDGE('',*,*,#4880,.F.);
#6027=ORIENTED_EDGE('',*,*,#2082,.F.);
#6028=EDGE_LOOP('',(#6024,#6025,#6026,#6027));
#6029=FACE_BOUND('',#6028,.T.);
#6030=ADVANCED_FACE('',(#6029),#6023,.T.);
#6031=CARTESIAN_POINT('',(110.563439329,3.07038724,19.480050756));
#6032=DIRECTION('',(-0.104528463,0.,-0.994521895));
#6033=DIRECTION('',(-0.,-1.,0.));
#6034=AXIS2_PLACEMENT_3D('',#6031,#6032,#6033);
#6035=CONICAL_SURFACE('',#6034,1.75,45.);
#6036=ORIENTED_EDGE('',*,*,#5846,.T.);
#6037=ORIENTED_EDGE('',*,*,#2133,.F.);
#6038=ORIENTED_EDGE('',*,*,#4902,.F.);
#6039=ORIENTED_EDGE('',*,*,#5872,.F.);
#6040=EDGE_LOOP('',(#6036,#6037,#6038,#6039));
#6041=FACE_BOUND('',#6040,.T.);
#6042=ADVANCED_FACE('',(#6041),#6035,.T.);
#6043=CARTESIAN_POINT('',(66.603281417,84.584652008,-71.589302696));
#6044=DIRECTION('',(-0.074115513,0.705161999,-0.705161999));
#6045=DIRECTION('',(-0.0737095,-0.709046229,-0.701299048));
#6046=AXIS2_PLACEMENT_3D('',#6043,#6044,#6045);
#6047=CYLINDRICAL_SURFACE('',#6046,2.25);
#6048=ORIENTED_EDGE('',*,*,#2503,.F.);
#6049=ORIENTED_EDGE('',*,*,#5071,.F.);
#6050=ORIENTED_EDGE('',*,*,#1050,.F.);
#6051=EDGE_LOOP('',(#6048,#6049,#6050));
#6052=FACE_BOUND('',#6051,.T.);
#6053=ADVANCED_FACE('',(#6052),#6047,.F.);
#6054=CARTESIAN_POINT('',(66.603281417,231.806122472,-71.589302696));
#6055=DIRECTION('',(-0.074115513,-0.705161999,-0.705161999));
#6056=DIRECTION('',(0.0737095,-0.709046229,0.701299048));
#6057=AXIS2_PLACEMENT_3D('',#6054,#6055,#6056);
#6058=CYLINDRICAL_SURFACE('',#6057,2.25);
#6059=CARTESIAN_POINT('',(74.220294998,301.10388886,0.881740565));
#6060=DIRECTION('',(0.074115513,0.705161999,0.705161999));
#6061=VECTOR('',#6060,0.626094969);
#6062=LINE('',#6059,#6061);
#6063=EDGE_CURVE('',#916,#2572,#6062,.T.);
#6064=ORIENTED_EDGE('',*,*,#6063,.F.);
#6065=ORIENTED_EDGE('',*,*,#921,.F.);
#6066=ORIENTED_EDGE('',*,*,#4970,.F.);
#6067=ORIENTED_EDGE('',*,*,#2585,.F.);
#6068=EDGE_LOOP('',(#6064,#6065,#6066,#6067));
#6069=FACE_BOUND('',#6068,.T.);
#6070=ADVANCED_FACE('',(#6069),#6058,.F.);
#6071=CARTESIAN_POINT('',(9.160742906,291.54538724,18.071804262));
#6072=DIRECTION('',(0.104528463,-0.,0.994521895));
#6073=DIRECTION('',(0.994521895,-0.,-0.104528463));
#6074=AXIS2_PLACEMENT_3D('',#6071,#6072,#6073);
#6075=CYLINDRICAL_SURFACE('',#6074,2.25);
#6076=ORIENTED_EDGE('',*,*,#4149,.F.);
#6077=ORIENTED_EDGE('',*,*,#4119,.F.);
#6078=ORIENTED_EDGE('',*,*,#4218,.T.);
#6079=ORIENTED_EDGE('',*,*,#210,.F.);
#6080=EDGE_LOOP('',(#6076,#6077,#6078,#6079));
#6081=FACE_BOUND('',#6080,.T.);
#6082=ADVANCED_FACE('',(#6081),#6075,.T.);
#6083=CARTESIAN_POINT('',(9.160742906,139.14538724,18.071804262));
#6084=DIRECTION('',(0.104528463,-0.,0.994521895));
#6085=DIRECTION('',(0.994521895,-0.,-0.104528463));
#6086=AXIS2_PLACEMENT_3D('',#6083,#6084,#6085);
#6087=CYLINDRICAL_SURFACE('',#6086,2.25);
#6088=ORIENTED_EDGE('',*,*,#4171,.F.);
#6089=ORIENTED_EDGE('',*,*,#4076,.F.);
#6090=ORIENTED_EDGE('',*,*,#4247,.T.);
#6091=ORIENTED_EDGE('',*,*,#356,.F.);
#6092=EDGE_LOOP('',(#6088,#6089,#6090,#6091));
#6093=FACE_BOUND('',#6092,.T.);
#6094=ADVANCED_FACE('',(#6093),#6087,.T.);
#6095=CARTESIAN_POINT('',(9.160742906,24.84538724,18.071804262));
#6096=DIRECTION('',(0.104528463,-0.,0.994521895));
#6097=DIRECTION('',(0.994521895,-0.,-0.104528463));
#6098=AXIS2_PLACEMENT_3D('',#6095,#6096,#6097);
#6099=CYLINDRICAL_SURFACE('',#6098,2.25);
#6100=ORIENTED_EDGE('',*,*,#4193,.F.);
#6101=ORIENTED_EDGE('',*,*,#4033,.F.);
#6102=ORIENTED_EDGE('',*,*,#4288,.T.);
#6103=ORIENTED_EDGE('',*,*,#400,.F.);
#6104=EDGE_LOOP('',(#6100,#6101,#6102,#6103));
#6105=FACE_BOUND('',#6104,.T.);
#6106=ADVANCED_FACE('',(#6105),#6099,.T.);
#6107=CARTESIAN_POINT('',(104.336488293,272.49538724,8.068430327));
#6108=DIRECTION('',(-0.104528463,0.,-0.994521895));
#6109=DIRECTION('',(-0.994521895,0.,0.104528463));
#6110=AXIS2_PLACEMENT_3D('',#6107,#6108,#6109);
#6111=CYLINDRICAL_SURFACE('',#6110,2.25);
#6112=ORIENTED_EDGE('',*,*,#5493,.F.);
#6113=ORIENTED_EDGE('',*,*,#123,.F.);
#6114=ORIENTED_EDGE('',*,*,#5511,.T.);
#6115=ORIENTED_EDGE('',*,*,#5152,.F.);
#6116=EDGE_LOOP('',(#6112,#6113,#6114,#6115));
#6117=FACE_BOUND('',#6116,.T.);
#6118=ADVANCED_FACE('',(#6117),#6111,.T.);
#6119=CARTESIAN_POINT('',(104.336488293,220.10788724,8.068430327));
#6120=DIRECTION('',(-0.104528463,0.,-0.994521895));
#6121=DIRECTION('',(-0.994521895,0.,0.104528463));
#6122=AXIS2_PLACEMENT_3D('',#6119,#6120,#6121);
#6123=CYLINDRICAL_SURFACE('',#6122,2.25);
#6124=ORIENTED_EDGE('',*,*,#5595,.F.);
#6125=ORIENTED_EDGE('',*,*,#513,.F.);
#6126=ORIENTED_EDGE('',*,*,#5613,.T.);
#6127=ORIENTED_EDGE('',*,*,#5238,.F.);
#6128=EDGE_LOOP('',(#6124,#6125,#6126,#6127));
#6129=FACE_BOUND('',#6128,.T.);
#6130=ADVANCED_FACE('',(#6129),#6123,.T.);
#6131=CARTESIAN_POINT('',(104.336488293,58.18288724,8.068430327));
#6132=DIRECTION('',(-0.104528463,0.,-0.994521895));
#6133=DIRECTION('',(-0.994521895,0.,0.104528463));
#6134=AXIS2_PLACEMENT_3D('',#6131,#6132,#6133);
#6135=CYLINDRICAL_SURFACE('',#6134,2.25);
#6136=ORIENTED_EDGE('',*,*,#5646,.F.);
#6137=ORIENTED_EDGE('',*,*,#469,.F.);
#6138=ORIENTED_EDGE('',*,*,#5664,.T.);
#6139=ORIENTED_EDGE('',*,*,#5195,.F.);
#6140=EDGE_LOOP('',(#6136,#6137,#6138,#6139));
#6141=FACE_BOUND('',#6140,.T.);
#6142=ADVANCED_FACE('',(#6141),#6135,.T.);
#6143=CARTESIAN_POINT('',(66.603281417,231.806122472,-71.589302696));
#6144=DIRECTION('',(-0.074115513,-0.705161999,-0.705161999));
#6145=DIRECTION('',(0.0737095,-0.709046229,0.701299048));
#6146=AXIS2_PLACEMENT_3D('',#6143,#6144,#6145);
#6147=CYLINDRICAL_SURFACE('',#6146,2.25);
#6148=ORIENTED_EDGE('',*,*,#6063,.T.);
#6149=ORIENTED_EDGE('',*,*,#2577,.F.);
#6150=ORIENTED_EDGE('',*,*,#929,.F.);
#6151=EDGE_LOOP('',(#6148,#6149,#6150));
#6152=FACE_BOUND('',#6151,.T.);
#6153=ADVANCED_FACE('',(#6152),#6147,.F.);
#6154=CLOSED_SHELL('',(#66,#567,#613,#659,#692,#725,#768,#811,#899,#1169,#1412,#1477,#1508,#1539,#1570,#1588,#1606,#1714,#1844,#1907,#1947,#1987,#2027,#2067,#2281,#2329,
#2377,#2426,#2475,#2514,#2563,#2603,#2666,#2706,#2746,#2786,#2826,#2866,#2970,#3017,#3057,#3104,#3214,#3265,#3316,#3347,#3387,#3399,#3411,#3423,#3435,
#3447,#3459,#3471,#3483,#3495,#3507,#3519,#3531,#3543,#3555,#3567,#3579,#3591,#3603,#3615,#3627,#3653,#3670,#3696,#3713,#3739,#3756,#3782,#3799,#3821,
#3833,#3845,#3876,#3907,#3938,#3956,#3974,#3992,#4010,#4053,#4096,#4139,#4161,#4183,#4205,#4222,#4234,#4251,#4263,#4275,#4292,#4317,#4326,#4351,#4360,
#4396,#4432,#4456,#4480,#4516,#4549,#4571,#4588,#4605,#4622,#4639,#4656,#4673,#4690,#4707,#4724,#4741,#4758,#4775,#4797,#4816,#4833,#4852,#4869,#4891,
#4913,#4930,#4947,#4959,#4981,#5012,#5029,#5060,#5077,#5094,#5111,#5163,#5206,#5249,#5289,#5352,#5369,#5427,#5444,#5461,#5483,#5500,#5522,#5568,#5585,
#5602,#5619,#5636,#5653,#5670,#5692,#5711,#5729,#5746,#5765,#5782,#5800,#5819,#5836,#5858,#5876,#5894,#5930,#5966,#5978,#5990,#6004,#6018,#6030,#6042,
#6053,#6070,#6082,#6094,#6106,#6118,#6130,#6142,#6153));
#6155=MANIFOLD_SOLID_BREP('Case',#6154);
#6156=COLOUR_RGB('',0.494117647,0.494117647,0.525490224);
#6157=FILL_AREA_STYLE_COLOUR('',#6156);
#6158=FILL_AREA_STYLE('',(#6157));
#6159=SURFACE_STYLE_FILL_AREA(#6158);
#6160=SURFACE_SIDE_STYLE('',(#6159));
#6161=SURFACE_STYLE_USAGE(.BOTH.,#6160);
#6162=PRESENTATION_STYLE_ASSIGNMENT((#6161));
#26=STYLED_ITEM('',(#6162),#6155);
#16=SHAPE_REPRESENTATION('root',(#15),#10);
#17=ADVANCED_BREP_SHAPE_REPRESENTATION('root',(#6155),#10);
#6170=SHAPE_REPRESENTATION_RELATIONSHIP('','',#16,#17);
#6171=CARTESIAN_POINT('',(0.,0.,0.));
#6172=DIRECTION('',(0.,0.,1.));
#6173=DIRECTION('',(1.,0.,0.));
#6174=AXIS2_PLACEMENT_3D('',#6171,#6172,#6173);
#6176=MAPPED_ITEM('',#6175,#6174);
#6175=REPRESENTATION_MAP(#6174,#16);
#6177=APPLICATION_CONTEXT('Managed model based 3d engineering');
#6178=APPLICATION_PROTOCOL_DEFINITION('international standard','ap242_managed_model_based_3d_engineering',2014,#6177);
#6179=PRODUCT_CONTEXT('',#6177,'mechanical');
#6180=PRODUCT_DEFINITION_CONTEXT('part definition',#6177,'design');
#24=PRODUCT('root','root','',(#6179));
#6181=PRODUCT_RELATED_PRODUCT_CATEGORY('part','',(#24));
#6182=PRODUCT_DEFINITION_FORMATION_WITH_SPECIFIED_SOURCE('','',#24,.NOT_KNOWN.);
#25=PRODUCT_DEFINITION('design','',#6182,#6180);
#23=PRODUCT_DEFINITION_SHAPE('','',#25);
#6183=SHAPE_DEFINITION_REPRESENTATION(#23,#16);
#11=DRAUGHTING_MODEL('',(#6176),#10);
#6184=DESCRIPTIVE_REPRESENTATION_ITEM('KEY','/Users/ando_balu/Library/Containers/com.shapr3d.shapr/Data/tmp/6F7EDA04-3F70-4E8E-9F2B-46102333B242.tmp');
#6185=PROPERTY_DEFINITION('KEY','',#25);
#6186=REPRESENTATION('',(#6184),#10);
#6187=PROPERTY_DEFINITION_REPRESENTATION(#6185,#6186);
#6188=GENERAL_PROPERTY('','KEY','');
#6189=GENERAL_PROPERTY_ASSOCIATION('','',#6188,#6185);
#1=MECHANICAL_DESIGN_GEOMETRIC_PRESENTATION_REPRESENTATION('',(#26),#10);
ENDSEC;
END-ISO-10303-21;
